{"Time":"2026-10-10T16:33:37.286156323+08:00","Action":"start","Package":"github.com/hashicorp/raft"}
{"Time":"2026-10-10T16:33:37.292513783+08:00","Action":"run","Package":"github.com/hashicorp/raft","Test":"TestAssuranceConfigPublishedWithoutPersist"}
{"Time":"2026-10-10T16:33:37.292551841+08:00","Action":"output","Package":"github.com/hashicorp/raft","Test":"TestAssuranceConfigPublishedWithoutPersist","Output":"=== RUN   TestAssuranceConfigPublishedWithoutPersist\n"}
{"Time":"2026-10-10T16:33:37.292940109+08:00","Action":"output","Package":"github.com/hashicorp/raft","Test":"TestAssuranceConfigPublishedWithoutPersist","Output":"2026-10-10T16:33:37.292+0800 [INFO]  initial configuration: index=1 servers=\"[{Suffrage:Voter ID:9a32f8fa-c0d9-d5df-50f2-031092bcdaa4 Address:9a32f8fa-c0d9-d5df-50f2-031092bcdaa4}]\"\n"}
{"Time":"2026-10-10T16:33:37.293197213+08:00","Action":"output","Package":"github.com/hashicorp/raft","Test":"TestAssuranceConfigPublishedWithoutPersist","Output":"2026-10-10T16:33:37.292+0800 [INFO]  entering follower state: follower=\"Node at 9a32f8fa-c0d9-d5df-50f2-031092bcdaa4 [Follower]\" leader-address= leader-id=\n"}
{"Time":"2026-10-10T16:33:37.360582286+08:00","Action":"output","Package":"github.com/hashicorp/raft","Test":"TestAssuranceConfigPublishedWithoutPersist","Output":"2026-10-10T16:33:37.360+0800 [WARN]  heartbeat timeout reached, starting election: last-leader-addr= last-leader-id=\n"}
{"Time":"2026-10-10T16:33:37.360669724+08:00","Action":"output","Package":"github.com/hashicorp/raft","Test":"TestAssuranceConfigPublishedWithoutPersist","Output":"2026-10-10T16:33:37.360+0800 [INFO]  entering candidate state: node=\"Node at 9a32f8fa-c0d9-d5df-50f2-031092bcdaa4 [Candidate]\" term=2\n"}
{"Time":"2026-10-10T16:33:37.360697418+08:00","Action":"output","Package":"github.com/hashicorp/raft","Test":"TestAssuranceConfigPublishedWithoutPersist","Output":"2026-10-10T16:33:37.360+0800 [DEBUG] pre-voting for self: term=2 id=9a32f8fa-c0d9-d5df-50f2-031092bcdaa4\n"}
{"Time":"2026-10-10T16:33:37.360730973+08:00","Action":"output","Package":"github.com/hashicorp/raft","Test":"TestAssuranceConfigPublishedWithoutPersist","Output":"2026-10-10T16:33:37.360+0800 [DEBUG] calculated votes needed: needed=1 term=2\n"}
{"Time":"2026-10-10T16:33:37.360751136+08:00","Action":"output","Package":"github.com/hashicorp/raft","Test":"TestAssuranceConfigPublishedWithoutPersist","Output":"2026-10-10T16:33:37.360+0800 [DEBUG] pre-vote received: from=9a32f8fa-c0d9-d5df-50f2-031092bcdaa4 term=2 tally=0\n"}
{"Time":"2026-10-10T16:33:37.360764817+08:00","Action":"output","Package":"github.com/hashicorp/raft","Test":"TestAssuranceConfigPublishedWithoutPersist","Output":"2026-10-10T16:33:37.360+0800 [DEBUG] pre-vote granted: from=9a32f8fa-c0d9-d5df-50f2-031092bcdaa4 term=2 tally=1\n"}
{"Time":"2026-10-10T16:33:37.360777169+08:00","Action":"output","Package":"github.com/hashicorp/raft","Test":"TestAssuranceConfigPublishedWithoutPersist","Output":"2026-10-10T16:33:37.360+0800 [INFO]  pre-vote successful, starting election: term=2 tally=1 refused=0 votesNeeded=1\n"}
{"Time":"2026-10-10T16:33:37.360789662+08:00","Action":"output","Package":"github.com/hashicorp/raft","Test":"TestAssuranceConfigPublishedWithoutPersist","Output":"2026-10-10T16:33:37.360+0800 [DEBUG] voting for self: term=2 id=9a32f8fa-c0d9-d5df-50f2-031092bcdaa4\n"}
{"Time":"2026-10-10T16:33:37.360801702+08:00","Action":"output","Package":"github.com/hashicorp/raft","Test":"TestAssuranceConfigPublishedWithoutPersist","Output":"2026-10-10T16:33:37.360+0800 [DEBUG] vote granted: from=9a32f8fa-c0d9-d5df-50f2-031092bcdaa4 term=2 tally=1\n"}
{"Time":"2026-10-10T16:33:37.360818726+08:00","Action":"output","Package":"github.com/hashicorp/raft","Test":"TestAssuranceConfigPublishedWithoutPersist","Output":"2026-10-10T16:33:37.360+0800 [INFO]  election won: term=2 tally=1\n"}
{"Time":"2026-10-10T16:33:37.360843523+08:00","Action":"output","Package":"github.com/hashicorp/raft","Test":"TestAssuranceConfigPublishedWithoutPersist","Output":"2026-10-10T16:33:37.360+0800 [INFO]  entering leader state: leader=\"Node at 9a32f8fa-c0d9-d5df-50f2-031092bcdaa4 [Leader]\"\n"}
{"Time":"2026-10-10T16:33:37.367499125+08:00","Action":"output","Package":"github.com/hashicorp/raft","Test":"TestAssuranceConfigPublishedWithoutPersist","Output":"CA_EVENT {\"event\":\"assurance_leader_established\",\"node\":\"9a32f8fa-c0d9-d5df-50f2-031092bcdaa4\",\"term\":2}\n"}
{"Time":"2026-10-10T16:33:37.367635699+08:00","Action":"output","Package":"github.com/hashicorp/raft","Test":"TestAssuranceConfigPublishedWithoutPersist","Output":"CA_EVENT {\"attempted\":true,\"event\":\"assurance_config_change_attempt\",\"node\":\"9a32f8fa-c0d9-d5df-50f2-031092bcdaa4\"}\n"}
{"Time":"2026-10-10T16:33:37.367678233+08:00","Action":"output","Package":"github.com/hashicorp/raft","Test":"TestAssuranceConfigPublishedWithoutPersist","Output":"2026-10-10T16:33:37.367+0800 [INFO]  updating configuration: command=AddVoter server-id=phantom server-addr=phantom-addr servers=\"[{Suffrage:Voter ID:9a32f8fa-c0d9-d5df-50f2-031092bcdaa4 Address:9a32f8fa-c0d9-d5df-50f2-031092bcdaa4} {Suffrage:Voter ID:phantom Address:phantom-addr}]\"\n"}
{"Time":"2026-10-10T16:33:37.367918261+08:00","Action":"output","Package":"github.com/hashicorp/raft","Test":"TestAssuranceConfigPublishedWithoutPersist","Output":"2026-10-10T16:33:37.367+0800 [ERROR] failed to commit logs: error=\"injected LogStore.StoreLogs failure\"\n"}
{"Time":"2026-10-10T16:33:37.367933298+08:00","Action":"output","Package":"github.com/hashicorp/raft","Test":"TestAssuranceConfigPublishedWithoutPersist","Output":"2026-10-10T16:33:37.367+0800 [INFO]  added peer, starting replication: peer=phantom\n"}
{"Time":"2026-10-10T16:33:37.367944158+08:00","Action":"output","Package":"github.com/hashicorp/raft","Test":"TestAssuranceConfigPublishedWithoutPersist","Output":"2026-10-10T16:33:37.367+0800 [INFO]  entering follower state: follower=\"Node at 9a32f8fa-c0d9-d5df-50f2-031092bcdaa4 [Follower]\" leader-address= leader-id=\n"}
{"Time":"2026-10-10T16:33:37.367972036+08:00","Action":"output","Package":"github.com/hashicorp/raft","Test":"TestAssuranceConfigPublishedWithoutPersist","Output":"CA_EVENT {\"durable_last_index\":3,\"entry_durable\":false,\"event\":\"assurance_config_published\",\"node\":\"9a32f8fa-c0d9-d5df-50f2-031092bcdaa4\",\"published_ahead_of_durable\":true,\"published_voters\":2}\n"}
{"Time":"2026-10-10T16:33:37.368210907+08:00","Action":"output","Package":"github.com/hashicorp/raft","Test":"TestAssuranceConfigPublishedWithoutPersist","Output":"CA_EVENT {\"add_voter_error\":\"injected LogStore.StoreLogs failure\",\"assigned_config_index\":4,\"config_index_after\":0,\"config_index_before\":0,\"config_servers_after\":[\"9a32f8fa-c0d9-d5df-50f2-031092bcdaa4/9a32f8fa-c0d9-d5df-50f2-031092bcdaa4/Voter\",\"phantom/phantom-addr/Voter\"],\"config_servers_before\":[\"9a32f8fa-c0d9-d5df-50f2-031092bcdaa4/9a32f8fa-c0d9-d5df-50f2-031092bcdaa4/Voter\"],\"durable_last_index_after\":3,\"durable_last_index_before\":3,\"event\":\"config_publish_after_failed_durable_write\",\"getlog_at_assigned_idx_err\":\"log not found\",\"published_ahead_of_durable\":true,\"published_config_index_api\":0,\"raft_last_index\":3}\n"}
{"Time":"2026-10-10T16:33:37.368248829+08:00","Action":"output","Package":"github.com/hashicorp/raft","Test":"TestAssuranceConfigPublishedWithoutPersist","Output":"2026-10-10T16:33:37.367+0800 [ERROR] failed to appendEntries to: peer=\"{Voter phantom phantom-addr}\" error=\"failed to connect to peer: phantom-addr\"\n"}
{"Time":"2026-10-10T16:33:37.426693402+08:00","Action":"output","Package":"github.com/hashicorp/raft","Test":"TestAssuranceConfigPublishedWithoutPersist","Output":"2026-10-10T16:33:37.425+0800 [WARN]  heartbeat timeout reached, starting election: last-leader-addr= last-leader-id=\n"}
{"Time":"2026-10-10T16:33:37.426747622+08:00","Action":"output","Package":"github.com/hashicorp/raft","Test":"TestAssuranceConfigPublishedWithoutPersist","Output":"2026-10-10T16:33:37.425+0800 [INFO]  entering candidate state: node=\"Node at 9a32f8fa-c0d9-d5df-50f2-031092bcdaa4 [Candidate]\" term=3\n"}
{"Time":"2026-10-10T16:33:37.426758813+08:00","Action":"output","Package":"github.com/hashicorp/raft","Test":"TestAssuranceConfigPublishedWithoutPersist","Output":"2026-10-10T16:33:37.426+0800 [DEBUG] pre-voting for self: term=3 id=9a32f8fa-c0d9-d5df-50f2-031092bcdaa4\n"}
{"Time":"2026-10-10T16:33:37.426766162+08:00","Action":"output","Package":"github.com/hashicorp/raft","Test":"TestAssuranceConfigPublishedWithoutPersist","Output":"2026-10-10T16:33:37.426+0800 [DEBUG] asking for pre-vote: term=3 from=phantom address=phantom-addr\n"}
{"Time":"2026-10-10T16:33:37.426876622+08:00","Action":"output","Package":"github.com/hashicorp/raft","Test":"TestAssuranceConfigPublishedWithoutPersist","Output":"2026-10-10T16:33:37.426+0800 [DEBUG] calculated votes needed: needed=2 term=3\n"}
{"Time":"2026-10-10T16:33:37.427480909+08:00","Action":"output","Package":"github.com/hashicorp/raft","Test":"TestAssuranceConfigPublishedWithoutPersist","Output":"2026-10-10T16:33:37.426+0800 [DEBUG] pre-vote received: from=9a32f8fa-c0d9-d5df-50f2-031092bcdaa4 term=3 tally=0\n"}
{"Time":"2026-10-10T16:33:37.427499575+08:00","Action":"output","Package":"github.com/hashicorp/raft","Test":"TestAssuranceConfigPublishedWithoutPersist","Output":"2026-10-10T16:33:37.426+0800 [ERROR] failed to make requestVote RPC: target=\"{Voter phantom phantom-addr}\" error=\"failed to connect to peer: phantom-addr\" term=3\n"}
{"Time":"2026-10-10T16:33:37.429684616+08:00","Action":"output","Package":"github.com/hashicorp/raft","Test":"TestAssuranceConfigPublishedWithoutPersist","Output":"2026-10-10T16:33:37.429+0800 [DEBUG] pre-vote granted: from=9a32f8fa-c0d9-d5df-50f2-031092bcdaa4 term=3 tally=1\n"}
{"Time":"2026-10-10T16:33:37.429755978+08:00","Action":"output","Package":"github.com/hashicorp/raft","Test":"TestAssuranceConfigPublishedWithoutPersist","Output":"2026-10-10T16:33:37.429+0800 [DEBUG] pre-vote received: from=phantom term=3 tally=1\n"}
{"Time":"2026-10-10T16:33:37.429779454+08:00","Action":"output","Package":"github.com/hashicorp/raft","Test":"TestAssuranceConfigPublishedWithoutPersist","Output":"2026-10-10T16:33:37.429+0800 [DEBUG] pre-vote denied: from=phantom term=3 tally=1\n"}
{"Time":"2026-10-10T16:33:37.521386719+08:00","Action":"output","Package":"github.com/hashicorp/raft","Test":"TestAssuranceConfigPublishedWithoutPersist","Output":"2026-10-10T16:33:37.520+0800 [WARN]  Election timeout reached, restarting election\n"}
{"Time":"2026-10-10T16:33:37.521497673+08:00","Action":"output","Package":"github.com/hashicorp/raft","Test":"TestAssuranceConfigPublishedWithoutPersist","Output":"2026-10-10T16:33:37.520+0800 [INFO]  entering candidate state: node=\"Node at 9a32f8fa-c0d9-d5df-50f2-031092bcdaa4 [Candidate]\" term=3\n"}
{"Time":"2026-10-10T16:33:37.521923595+08:00","Action":"output","Package":"github.com/hashicorp/raft","Test":"TestAssuranceConfigPublishedWithoutPersist","Output":"2026-10-10T16:33:37.520+0800 [DEBUG] pre-voting for self: term=3 id=9a32f8fa-c0d9-d5df-50f2-031092bcdaa4\n"}
{"Time":"2026-10-10T16:33:37.521996817+08:00","Action":"output","Package":"github.com/hashicorp/raft","Test":"TestAssuranceConfigPublishedWithoutPersist","Output":"2026-10-10T16:33:37.520+0800 [DEBUG] asking for pre-vote: term=3 from=phantom address=phantom-addr\n"}
{"Time":"2026-10-10T16:33:37.522015657+08:00","Action":"output","Package":"github.com/hashicorp/raft","Test":"TestAssuranceConfigPublishedWithoutPersist","Output":"2026-10-10T16:33:37.521+0800 [DEBUG] calculated votes needed: needed=2 term=3\n"}
{"Time":"2026-10-10T16:33:37.522033068+08:00","Action":"output","Package":"github.com/hashicorp/raft","Test":"TestAssuranceConfigPublishedWithoutPersist","Output":"2026-10-10T16:33:37.521+0800 [DEBUG] pre-vote received: from=9a32f8fa-c0d9-d5df-50f2-031092bcdaa4 term=3 tally=0\n"}
{"Time":"2026-10-10T16:33:37.522076039+08:00","Action":"output","Package":"github.com/hashicorp/raft","Test":"TestAssuranceConfigPublishedWithoutPersist","Output":"2026-10-10T16:33:37.521+0800 [DEBUG] pre-vote granted: from=9a32f8fa-c0d9-d5df-50f2-031092bcdaa4 term=3 tally=1\n"}
{"Time":"2026-10-10T16:33:37.522093618+08:00","Action":"output","Package":"github.com/hashicorp/raft","Test":"TestAssuranceConfigPublishedWithoutPersist","Output":"2026-10-10T16:33:37.521+0800 [ERROR] failed to make requestVote RPC: target=\"{Voter phantom phantom-addr}\" error=\"failed to connect to peer: phantom-addr\" term=3\n"}
{"Time":"2026-10-10T16:33:37.522112559+08:00","Action":"output","Package":"github.com/hashicorp/raft","Test":"TestAssuranceConfigPublishedWithoutPersist","Output":"2026-10-10T16:33:37.521+0800 [DEBUG] pre-vote received: from=phantom term=3 tally=1\n"}
{"Time":"2026-10-10T16:33:37.522127462+08:00","Action":"output","Package":"github.com/hashicorp/raft","Test":"TestAssuranceConfigPublishedWithoutPersist","Output":"2026-10-10T16:33:37.521+0800 [DEBUG] pre-vote denied: from=phantom term=3 tally=1\n"}
{"Time":"2026-10-10T16:33:37.572259962+08:00","Action":"output","Package":"github.com/hashicorp/raft","Test":"TestAssuranceConfigPublishedWithoutPersist","Output":"2026-10-10T16:33:37.571+0800 [WARN]  Election timeout reached, restarting election\n"}
{"Time":"2026-10-10T16:33:37.572535709+08:00","Action":"output","Package":"github.com/hashicorp/raft","Test":"TestAssuranceConfigPublishedWithoutPersist","Output":"2026-10-10T16:33:37.572+0800 [INFO]  entering candidate state: node=\"Node at 9a32f8fa-c0d9-d5df-50f2-031092bcdaa4 [Candidate]\" term=3\n"}
{"Time":"2026-10-10T16:33:37.572555172+08:00","Action":"output","Package":"github.com/hashicorp/raft","Test":"TestAssuranceConfigPublishedWithoutPersist","Output":"2026-10-10T16:33:37.572+0800 [DEBUG] pre-voting for self: term=3 id=9a32f8fa-c0d9-d5df-50f2-031092bcdaa4\n"}
{"Time":"2026-10-10T16:33:37.572565369+08:00","Action":"output","Package":"github.com/hashicorp/raft","Test":"TestAssuranceConfigPublishedWithoutPersist","Output":"2026-10-10T16:33:37.572+0800 [DEBUG] asking for pre-vote: term=3 from=phantom address=phantom-addr\n"}
{"Time":"2026-10-10T16:33:37.572847758+08:00","Action":"output","Package":"github.com/hashicorp/raft","Test":"TestAssuranceConfigPublishedWithoutPersist","Output":"2026-10-10T16:33:37.572+0800 [DEBUG] calculated votes needed: needed=2 term=3\n"}
{"Time":"2026-10-10T16:33:37.572890926+08:00","Action":"output","Package":"github.com/hashicorp/raft","Test":"TestAssuranceConfigPublishedWithoutPersist","Output":"2026-10-10T16:33:37.572+0800 [DEBUG] pre-vote received: from=9a32f8fa-c0d9-d5df-50f2-031092bcdaa4 term=3 tally=0\n"}
{"Time":"2026-10-10T16:33:37.5729029+08:00","Action":"output","Package":"github.com/hashicorp/raft","Test":"TestAssuranceConfigPublishedWithoutPersist","Output":"2026-10-10T16:33:37.572+0800 [DEBUG] pre-vote granted: from=9a32f8fa-c0d9-d5df-50f2-031092bcdaa4 term=3 tally=1\n"}
{"Time":"2026-10-10T16:33:37.572917914+08:00","Action":"output","Package":"github.com/hashicorp/raft","Test":"TestAssuranceConfigPublishedWithoutPersist","Output":"2026-10-10T16:33:37.572+0800 [ERROR] failed to make requestVote RPC: target=\"{Voter phantom phantom-addr}\" error=\"failed to connect to peer: phantom-addr\" term=3\n"}
{"Time":"2026-10-10T16:33:37.572927183+08:00","Action":"output","Package":"github.com/hashicorp/raft","Test":"TestAssuranceConfigPublishedWithoutPersist","Output":"2026-10-10T16:33:37.572+0800 [DEBUG] pre-vote received: from=phantom term=3 tally=1\n"}
{"Time":"2026-10-10T16:33:37.572934477+08:00","Action":"output","Package":"github.com/hashicorp/raft","Test":"TestAssuranceConfigPublishedWithoutPersist","Output":"2026-10-10T16:33:37.572+0800 [DEBUG] pre-vote denied: from=phantom term=3 tally=1\n"}
{"Time":"2026-10-10T16:33:37.648016873+08:00","Action":"output","Package":"github.com/hashicorp/raft","Test":"TestAssuranceConfigPublishedWithoutPersist","Output":"2026-10-10T16:33:37.647+0800 [WARN]  Election timeout reached, restarting election\n"}
{"Time":"2026-10-10T16:33:37.648064803+08:00","Action":"output","Package":"github.com/hashicorp/raft","Test":"TestAssuranceConfigPublishedWithoutPersist","Output":"2026-10-10T16:33:37.647+0800 [INFO]  entering candidate state: node=\"Node at 9a32f8fa-c0d9-d5df-50f2-031092bcdaa4 [Candidate]\" term=3\n"}
{"Time":"2026-10-10T16:33:37.648074408+08:00","Action":"output","Package":"github.com/hashicorp/raft","Test":"TestAssuranceConfigPublishedWithoutPersist","Output":"2026-10-10T16:33:37.647+0800 [DEBUG] pre-voting for self: term=3 id=9a32f8fa-c0d9-d5df-50f2-031092bcdaa4\n"}
{"Time":"2026-10-10T16:33:37.648084288+08:00","Action":"output","Package":"github.com/hashicorp/raft","Test":"TestAssuranceConfigPublishedWithoutPersist","Output":"2026-10-10T16:33:37.647+0800 [DEBUG] asking for pre-vote: term=3 from=phantom address=phantom-addr\n"}
{"Time":"2026-10-10T16:33:37.648098057+08:00","Action":"output","Package":"github.com/hashicorp/raft","Test":"TestAssuranceConfigPublishedWithoutPersist","Output":"2026-10-10T16:33:37.647+0800 [DEBUG] calculated votes needed: needed=2 term=3\n"}
{"Time":"2026-10-10T16:33:37.648102534+08:00","Action":"output","Package":"github.com/hashicorp/raft","Test":"TestAssuranceConfigPublishedWithoutPersist","Output":"2026-10-10T16:33:37.648+0800 [DEBUG] pre-vote received: from=9a32f8fa-c0d9-d5df-50f2-031092bcdaa4 term=3 tally=0\n"}
{"Time":"2026-10-10T16:33:37.648106479+08:00","Action":"output","Package":"github.com/hashicorp/raft","Test":"TestAssuranceConfigPublishedWithoutPersist","Output":"2026-10-10T16:33:37.648+0800 [DEBUG] pre-vote granted: from=9a32f8fa-c0d9-d5df-50f2-031092bcdaa4 term=3 tally=1\n"}
{"Time":"2026-10-10T16:33:37.648110605+08:00","Action":"output","Package":"github.com/hashicorp/raft","Test":"TestAssuranceConfigPublishedWithoutPersist","Output":"2026-10-10T16:33:37.648+0800 [ERROR] failed to make requestVote RPC: target=\"{Voter phantom phantom-addr}\" error=\"failed to connect to peer: phantom-addr\" term=3\n"}
{"Time":"2026-10-10T16:33:37.648115801+08:00","Action":"output","Package":"github.com/hashicorp/raft","Test":"TestAssuranceConfigPublishedWithoutPersist","Output":"2026-10-10T16:33:37.648+0800 [DEBUG] pre-vote received: from=phantom term=3 tally=1\n"}
{"Time":"2026-10-10T16:33:37.648119673+08:00","Action":"output","Package":"github.com/hashicorp/raft","Test":"TestAssuranceConfigPublishedWithoutPersist","Output":"2026-10-10T16:33:37.648+0800 [DEBUG] pre-vote denied: from=phantom term=3 tally=1\n"}
{"Time":"2026-10-10T16:33:37.715716255+08:00","Action":"output","Package":"github.com/hashicorp/raft","Test":"TestAssuranceConfigPublishedWithoutPersist","Output":"2026-10-10T16:33:37.715+0800 [WARN]  Election timeout reached, restarting election\n"}
{"Time":"2026-10-10T16:33:37.71589498+08:00","Action":"output","Package":"github.com/hashicorp/raft","Test":"TestAssuranceConfigPublishedWithoutPersist","Output":"2026-10-10T16:33:37.715+0800 [INFO]  entering candidate state: node=\"Node at 9a32f8fa-c0d9-d5df-50f2-031092bcdaa4 [Candidate]\" term=3\n"}
{"Time":"2026-10-10T16:33:37.715911907+08:00","Action":"output","Package":"github.com/hashicorp/raft","Test":"TestAssuranceConfigPublishedWithoutPersist","Output":"2026-10-10T16:33:37.715+0800 [DEBUG] pre-voting for self: term=3 id=9a32f8fa-c0d9-d5df-50f2-031092bcdaa4\n"}
{"Time":"2026-10-10T16:33:37.7159206+08:00","Action":"output","Package":"github.com/hashicorp/raft","Test":"TestAssuranceConfigPublishedWithoutPersist","Output":"2026-10-10T16:33:37.715+0800 [DEBUG] asking for pre-vote: term=3 from=phantom address=phantom-addr\n"}
{"Time":"2026-10-10T16:33:37.71603429+08:00","Action":"output","Package":"github.com/hashicorp/raft","Test":"TestAssuranceConfigPublishedWithoutPersist","Output":"2026-10-10T16:33:37.715+0800 [DEBUG] calculated votes needed: needed=2 term=3\n"}
{"Time":"2026-10-10T16:33:37.716044996+08:00","Action":"output","Package":"github.com/hashicorp/raft","Test":"TestAssuranceConfigPublishedWithoutPersist","Output":"2026-10-10T16:33:37.715+0800 [DEBUG] pre-vote received: from=9a32f8fa-c0d9-d5df-50f2-031092bcdaa4 term=3 tally=0\n"}
{"Time":"2026-10-10T16:33:37.716051589+08:00","Action":"output","Package":"github.com/hashicorp/raft","Test":"TestAssuranceConfigPublishedWithoutPersist","Output":"2026-10-10T16:33:37.715+0800 [DEBUG] pre-vote granted: from=9a32f8fa-c0d9-d5df-50f2-031092bcdaa4 term=3 tally=1\n"}
{"Time":"2026-10-10T16:33:37.716057977+08:00","Action":"output","Package":"github.com/hashicorp/raft","Test":"TestAssuranceConfigPublishedWithoutPersist","Output":"2026-10-10T16:33:37.715+0800 [ERROR] failed to make requestVote RPC: target=\"{Voter phantom phantom-addr}\" error=\"failed to connect to peer: phantom-addr\" term=3\n"}
{"Time":"2026-10-10T16:33:37.716065183+08:00","Action":"output","Package":"github.com/hashicorp/raft","Test":"TestAssuranceConfigPublishedWithoutPersist","Output":"2026-10-10T16:33:37.715+0800 [DEBUG] pre-vote received: from=phantom term=3 tally=1\n"}
{"Time":"2026-10-10T16:33:37.716071936+08:00","Action":"output","Package":"github.com/hashicorp/raft","Test":"TestAssuranceConfigPublishedWithoutPersist","Output":"2026-10-10T16:33:37.715+0800 [DEBUG] pre-vote denied: from=phantom term=3 tally=1\n"}
{"Time":"2026-10-10T16:33:37.808231512+08:00","Action":"output","Package":"github.com/hashicorp/raft","Test":"TestAssuranceConfigPublishedWithoutPersist","Output":"2026-10-10T16:33:37.807+0800 [WARN]  Election timeout reached, restarting election\n"}
{"Time":"2026-10-10T16:33:37.808314042+08:00","Action":"output","Package":"github.com/hashicorp/raft","Test":"TestAssuranceConfigPublishedWithoutPersist","Output":"2026-10-10T16:33:37.807+0800 [INFO]  entering candidate state: node=\"Node at 9a32f8fa-c0d9-d5df-50f2-031092bcdaa4 [Candidate]\" term=3\n"}
{"Time":"2026-10-10T16:33:37.808337815+08:00","Action":"output","Package":"github.com/hashicorp/raft","Test":"TestAssuranceConfigPublishedWithoutPersist","Output":"2026-10-10T16:33:37.808+0800 [DEBUG] pre-voting for self: term=3 id=9a32f8fa-c0d9-d5df-50f2-031092bcdaa4\n"}
{"Time":"2026-10-10T16:33:37.80835577+08:00","Action":"output","Package":"github.com/hashicorp/raft","Test":"TestAssuranceConfigPublishedWithoutPersist","Output":"2026-10-10T16:33:37.808+0800 [DEBUG] asking for pre-vote: term=3 from=phantom address=phantom-addr\n"}
{"Time":"2026-10-10T16:33:37.80838333+08:00","Action":"output","Package":"github.com/hashicorp/raft","Test":"TestAssuranceConfigPublishedWithoutPersist","Output":"2026-10-10T16:33:37.808+0800 [DEBUG] calculated votes needed: needed=2 term=3\n"}
{"Time":"2026-10-10T16:33:37.808397484+08:00","Action":"output","Package":"github.com/hashicorp/raft","Test":"TestAssuranceConfigPublishedWithoutPersist","Output":"2026-10-10T16:33:37.808+0800 [DEBUG] pre-vote received: from=9a32f8fa-c0d9-d5df-50f2-031092bcdaa4 term=3 tally=0\n"}
{"Time":"2026-10-10T16:33:37.808410267+08:00","Action":"output","Package":"github.com/hashicorp/raft","Test":"TestAssuranceConfigPublishedWithoutPersist","Output":"2026-10-10T16:33:37.808+0800 [DEBUG] pre-vote granted: from=9a32f8fa-c0d9-d5df-50f2-031092bcdaa4 term=3 tally=1\n"}
{"Time":"2026-10-10T16:33:37.808422937+08:00","Action":"output","Package":"github.com/hashicorp/raft","Test":"TestAssuranceConfigPublishedWithoutPersist","Output":"2026-10-10T16:33:37.808+0800 [ERROR] failed to make requestVote RPC: target=\"{Voter phantom phantom-addr}\" error=\"failed to connect to peer: phantom-addr\" term=3\n"}
{"Time":"2026-10-10T16:33:37.808437473+08:00","Action":"output","Package":"github.com/hashicorp/raft","Test":"TestAssuranceConfigPublishedWithoutPersist","Output":"2026-10-10T16:33:37.808+0800 [DEBUG] pre-vote received: from=phantom term=3 tally=1\n"}
{"Time":"2026-10-10T16:33:37.808464384+08:00","Action":"output","Package":"github.com/hashicorp/raft","Test":"TestAssuranceConfigPublishedWithoutPersist","Output":"2026-10-10T16:33:37.808+0800 [DEBUG] pre-vote denied: from=phantom term=3 tally=1\n"}
{"Time":"2026-10-10T16:33:37.901428193+08:00","Action":"output","Package":"github.com/hashicorp/raft","Test":"TestAssuranceConfigPublishedWithoutPersist","Output":"2026-10-10T16:33:37.900+0800 [WARN]  Election timeout reached, restarting election\n"}
{"Time":"2026-10-10T16:33:37.901517746+08:00","Action":"output","Package":"github.com/hashicorp/raft","Test":"TestAssuranceConfigPublishedWithoutPersist","Output":"2026-10-10T16:33:37.900+0800 [INFO]  entering candidate state: node=\"Node at 9a32f8fa-c0d9-d5df-50f2-031092bcdaa4 [Candidate]\" term=3\n"}
{"Time":"2026-10-10T16:33:37.901540881+08:00","Action":"output","Package":"github.com/hashicorp/raft","Test":"TestAssuranceConfigPublishedWithoutPersist","Output":"2026-10-10T16:33:37.900+0800 [DEBUG] pre-voting for self: term=3 id=9a32f8fa-c0d9-d5df-50f2-031092bcdaa4\n"}
{"Time":"2026-10-10T16:33:37.901558985+08:00","Action":"output","Package":"github.com/hashicorp/raft","Test":"TestAssuranceConfigPublishedWithoutPersist","Output":"2026-10-10T16:33:37.900+0800 [DEBUG] asking for pre-vote: term=3 from=phantom address=phantom-addr\n"}
{"Time":"2026-10-10T16:33:37.901574737+08:00","Action":"output","Package":"github.com/hashicorp/raft","Test":"TestAssuranceConfigPublishedWithoutPersist","Output":"2026-10-10T16:33:37.900+0800 [DEBUG] calculated votes needed: needed=2 term=3\n"}
{"Time":"2026-10-10T16:33:37.901588085+08:00","Action":"output","Package":"github.com/hashicorp/raft","Test":"TestAssuranceConfigPublishedWithoutPersist","Output":"2026-10-10T16:33:37.900+0800 [DEBUG] pre-vote received: from=9a32f8fa-c0d9-d5df-50f2-031092bcdaa4 term=3 tally=0\n"}
{"Time":"2026-10-10T16:33:37.901610896+08:00","Action":"output","Package":"github.com/hashicorp/raft","Test":"TestAssuranceConfigPublishedWithoutPersist","Output":"2026-10-10T16:33:37.901+0800 [DEBUG] pre-vote granted: from=9a32f8fa-c0d9-d5df-50f2-031092bcdaa4 term=3 tally=1\n"}
{"Time":"2026-10-10T16:33:37.901624063+08:00","Action":"output","Package":"github.com/hashicorp/raft","Test":"TestAssuranceConfigPublishedWithoutPersist","Output":"2026-10-10T16:33:37.901+0800 [ERROR] failed to make requestVote RPC: target=\"{Voter phantom phantom-addr}\" error=\"failed to connect to peer: phantom-addr\" term=3\n"}
{"Time":"2026-10-10T16:33:37.901638729+08:00","Action":"output","Package":"github.com/hashicorp/raft","Test":"TestAssuranceConfigPublishedWithoutPersist","Output":"2026-10-10T16:33:37.901+0800 [DEBUG] pre-vote received: from=phantom term=3 tally=1\n"}
{"Time":"2026-10-10T16:33:37.901656968+08:00","Action":"output","Package":"github.com/hashicorp/raft","Test":"TestAssuranceConfigPublishedWithoutPersist","Output":"2026-10-10T16:33:37.901+0800 [DEBUG] pre-vote denied: from=phantom term=3 tally=1\n"}
{"Time":"2026-10-10T16:33:37.999238295+08:00","Action":"output","Package":"github.com/hashicorp/raft","Test":"TestAssuranceConfigPublishedWithoutPersist","Output":"2026-10-10T16:33:37.999+0800 [WARN]  Election timeout reached, restarting election\n"}
{"Time":"2026-10-10T16:33:37.999299411+08:00","Action":"output","Package":"github.com/hashicorp/raft","Test":"TestAssuranceConfigPublishedWithoutPersist","Output":"2026-10-10T16:33:37.999+0800 [INFO]  entering candidate state: node=\"Node at 9a32f8fa-c0d9-d5df-50f2-031092bcdaa4 [Candidate]\" term=3\n"}
{"Time":"2026-10-10T16:33:37.999309875+08:00","Action":"output","Package":"github.com/hashicorp/raft","Test":"TestAssuranceConfigPublishedWithoutPersist","Output":"2026-10-10T16:33:37.999+0800 [DEBUG] pre-voting for self: term=3 id=9a32f8fa-c0d9-d5df-50f2-031092bcdaa4\n"}
{"Time":"2026-10-10T16:33:37.999332458+08:00","Action":"output","Package":"github.com/hashicorp/raft","Test":"TestAssuranceConfigPublishedWithoutPersist","Output":"2026-10-10T16:33:37.999+0800 [DEBUG] asking for pre-vote: term=3 from=phantom address=phantom-addr\n"}
{"Time":"2026-10-10T16:33:37.999394835+08:00","Action":"output","Package":"github.com/hashicorp/raft","Test":"TestAssuranceConfigPublishedWithoutPersist","Output":"2026-10-10T16:33:37.999+0800 [DEBUG] calculated votes needed: needed=2 term=3\n"}
{"Time":"2026-10-10T16:33:37.99941413+08:00","Action":"output","Package":"github.com/hashicorp/raft","Test":"TestAssuranceConfigPublishedWithoutPersist","Output":"2026-10-10T16:33:37.999+0800 [DEBUG] pre-vote received: from=9a32f8fa-c0d9-d5df-50f2-031092bcdaa4 term=3 tally=0\n"}
{"Time":"2026-10-10T16:33:37.999423288+08:00","Action":"output","Package":"github.com/hashicorp/raft","Test":"TestAssuranceConfigPublishedWithoutPersist","Output":"2026-10-10T16:33:37.999+0800 [DEBUG] pre-vote granted: from=9a32f8fa-c0d9-d5df-50f2-031092bcdaa4 term=3 tally=1\n"}
{"Time":"2026-10-10T16:33:37.999612559+08:00","Action":"output","Package":"github.com/hashicorp/raft","Test":"TestAssuranceConfigPublishedWithoutPersist","Output":"2026-10-10T16:33:37.999+0800 [ERROR] failed to make requestVote RPC: target=\"{Voter phantom phantom-addr}\" error=\"failed to connect to peer: phantom-addr\" term=3\n"}
{"Time":"2026-10-10T16:33:37.999668005+08:00","Action":"output","Package":"github.com/hashicorp/raft","Test":"TestAssuranceConfigPublishedWithoutPersist","Output":"2026-10-10T16:33:37.999+0800 [DEBUG] pre-vote received: from=phantom term=3 tally=1\n"}
{"Time":"2026-10-10T16:33:37.999678628+08:00","Action":"output","Package":"github.com/hashicorp/raft","Test":"TestAssuranceConfigPublishedWithoutPersist","Output":"2026-10-10T16:33:37.999+0800 [DEBUG] pre-vote denied: from=phantom term=3 tally=1\n"}
{"Time":"2026-10-10T16:33:38.078912261+08:00","Action":"output","Package":"github.com/hashicorp/raft","Test":"TestAssuranceConfigPublishedWithoutPersist","Output":"2026-10-10T16:33:38.078+0800 [WARN]  Election timeout reached, restarting election\n"}
{"Time":"2026-10-10T16:33:38.079034131+08:00","Action":"output","Package":"github.com/hashicorp/raft","Test":"TestAssuranceConfigPublishedWithoutPersist","Output":"2026-10-10T16:33:38.078+0800 [INFO]  entering candidate state: node=\"Node at 9a32f8fa-c0d9-d5df-50f2-031092bcdaa4 [Candidate]\" term=3\n"}
{"Time":"2026-10-10T16:33:38.079061828+08:00","Action":"output","Package":"github.com/hashicorp/raft","Test":"TestAssuranceConfigPublishedWithoutPersist","Output":"2026-10-10T16:33:38.078+0800 [DEBUG] pre-voting for self: term=3 id=9a32f8fa-c0d9-d5df-50f2-031092bcdaa4\n"}
{"Time":"2026-10-10T16:33:38.079336649+08:00","Action":"output","Package":"github.com/hashicorp/raft","Test":"TestAssuranceConfigPublishedWithoutPersist","Output":"2026-10-10T16:33:38.078+0800 [DEBUG] asking for pre-vote: term=3 from=phantom address=phantom-addr\n"}
{"Time":"2026-10-10T16:33:38.079415967+08:00","Action":"output","Package":"github.com/hashicorp/raft","Test":"TestAssuranceConfigPublishedWithoutPersist","Output":"2026-10-10T16:33:38.078+0800 [DEBUG] calculated votes needed: needed=2 term=3\n"}
{"Time":"2026-10-10T16:33:38.079452962+08:00","Action":"output","Package":"github.com/hashicorp/raft","Test":"TestAssuranceConfigPublishedWithoutPersist","Output":"2026-10-10T16:33:38.078+0800 [DEBUG] pre-vote received: from=9a32f8fa-c0d9-d5df-50f2-031092bcdaa4 term=3 tally=0\n"}
{"Time":"2026-10-10T16:33:38.079462556+08:00","Action":"output","Package":"github.com/hashicorp/raft","Test":"TestAssuranceConfigPublishedWithoutPersist","Output":"2026-10-10T16:33:38.078+0800 [DEBUG] pre-vote granted: from=9a32f8fa-c0d9-d5df-50f2-031092bcdaa4 term=3 tally=1\n"}
{"Time":"2026-10-10T16:33:38.079470522+08:00","Action":"output","Package":"github.com/hashicorp/raft","Test":"TestAssuranceConfigPublishedWithoutPersist","Output":"2026-10-10T16:33:38.078+0800 [ERROR] failed to make requestVote RPC: target=\"{Voter phantom phantom-addr}\" error=\"failed to connect to peer: phantom-addr\" term=3\n"}
{"Time":"2026-10-10T16:33:38.079479903+08:00","Action":"output","Package":"github.com/hashicorp/raft","Test":"TestAssuranceConfigPublishedWithoutPersist","Output":"2026-10-10T16:33:38.078+0800 [DEBUG] pre-vote received: from=phantom term=3 tally=1\n"}
{"Time":"2026-10-10T16:33:38.079487427+08:00","Action":"output","Package":"github.com/hashicorp/raft","Test":"TestAssuranceConfigPublishedWithoutPersist","Output":"2026-10-10T16:33:38.078+0800 [DEBUG] pre-vote denied: from=phantom term=3 tally=1\n"}
{"Time":"2026-10-10T16:33:38.168472372+08:00","Action":"output","Package":"github.com/hashicorp/raft","Test":"TestAssuranceConfigPublishedWithoutPersist","Output":"2026-10-10T16:33:38.167+0800 [WARN]  Election timeout reached, restarting election\n"}
{"Time":"2026-10-10T16:33:38.168536939+08:00","Action":"output","Package":"github.com/hashicorp/raft","Test":"TestAssuranceConfigPublishedWithoutPersist","Output":"2026-10-10T16:33:38.167+0800 [INFO]  entering candidate state: node=\"Node at 9a32f8fa-c0d9-d5df-50f2-031092bcdaa4 [Candidate]\" term=3\n"}
{"Time":"2026-10-10T16:33:38.16855034+08:00","Action":"output","Package":"github.com/hashicorp/raft","Test":"TestAssuranceConfigPublishedWithoutPersist","Output":"2026-10-10T16:33:38.168+0800 [DEBUG] pre-voting for self: term=3 id=9a32f8fa-c0d9-d5df-50f2-031092bcdaa4\n"}
{"Time":"2026-10-10T16:33:38.168562448+08:00","Action":"output","Package":"github.com/hashicorp/raft","Test":"TestAssuranceConfigPublishedWithoutPersist","Output":"2026-10-10T16:33:38.168+0800 [DEBUG] asking for pre-vote: term=3 from=phantom address=phantom-addr\n"}
{"Time":"2026-10-10T16:33:38.16857075+08:00","Action":"output","Package":"github.com/hashicorp/raft","Test":"TestAssuranceConfigPublishedWithoutPersist","Output":"2026-10-10T16:33:38.168+0800 [DEBUG] calculated votes needed: needed=2 term=3\n"}
{"Time":"2026-10-10T16:33:38.168578511+08:00","Action":"output","Package":"github.com/hashicorp/raft","Test":"TestAssuranceConfigPublishedWithoutPersist","Output":"2026-10-10T16:33:38.168+0800 [DEBUG] pre-vote received: from=9a32f8fa-c0d9-d5df-50f2-031092bcdaa4 term=3 tally=0\n"}
{"Time":"2026-10-10T16:33:38.168585585+08:00","Action":"output","Package":"github.com/hashicorp/raft","Test":"TestAssuranceConfigPublishedWithoutPersist","Output":"2026-10-10T16:33:38.168+0800 [DEBUG] pre-vote granted: from=9a32f8fa-c0d9-d5df-50f2-031092bcdaa4 term=3 tally=1\n"}
{"Time":"2026-10-10T16:33:38.168592998+08:00","Action":"output","Package":"github.com/hashicorp/raft","Test":"TestAssuranceConfigPublishedWithoutPersist","Output":"2026-10-10T16:33:38.168+0800 [ERROR] failed to make requestVote RPC: target=\"{Voter phantom phantom-addr}\" error=\"failed to connect to peer: phantom-addr\" term=3\n"}
{"Time":"2026-10-10T16:33:38.168610313+08:00","Action":"output","Package":"github.com/hashicorp/raft","Test":"TestAssuranceConfigPublishedWithoutPersist","Output":"2026-10-10T16:33:38.168+0800 [DEBUG] pre-vote received: from=phantom term=3 tally=1\n"}
{"Time":"2026-10-10T16:33:38.168618091+08:00","Action":"output","Package":"github.com/hashicorp/raft","Test":"TestAssuranceConfigPublishedWithoutPersist","Output":"2026-10-10T16:33:38.168+0800 [DEBUG] pre-vote denied: from=phantom term=3 tally=1\n"}
{"Time":"2026-10-10T16:33:38.221782802+08:00","Action":"output","Package":"github.com/hashicorp/raft","Test":"TestAssuranceConfigPublishedWithoutPersist","Output":"2026-10-10T16:33:38.221+0800 [WARN]  Election timeout reached, restarting election\n"}
{"Time":"2026-10-10T16:33:38.221889719+08:00","Action":"output","Package":"github.com/hashicorp/raft","Test":"TestAssuranceConfigPublishedWithoutPersist","Output":"2026-10-10T16:33:38.221+0800 [INFO]  entering candidate state: node=\"Node at 9a32f8fa-c0d9-d5df-50f2-031092bcdaa4 [Candidate]\" term=3\n"}
{"Time":"2026-10-10T16:33:38.22191976+08:00","Action":"output","Package":"github.com/hashicorp/raft","Test":"TestAssuranceConfigPublishedWithoutPersist","Output":"2026-10-10T16:33:38.221+0800 [DEBUG] pre-voting for self: term=3 id=9a32f8fa-c0d9-d5df-50f2-031092bcdaa4\n"}
{"Time":"2026-10-10T16:33:38.221942542+08:00","Action":"output","Package":"github.com/hashicorp/raft","Test":"TestAssuranceConfigPublishedWithoutPersist","Output":"2026-10-10T16:33:38.221+0800 [DEBUG] asking for pre-vote: term=3 from=phantom address=phantom-addr\n"}
{"Time":"2026-10-10T16:33:38.222087757+08:00","Action":"output","Package":"github.com/hashicorp/raft","Test":"TestAssuranceConfigPublishedWithoutPersist","Output":"2026-10-10T16:33:38.221+0800 [DEBUG] calculated votes needed: needed=2 term=3\n"}
{"Time":"2026-10-10T16:33:38.222224436+08:00","Action":"output","Package":"github.com/hashicorp/raft","Test":"TestAssuranceConfigPublishedWithoutPersist","Output":"2026-10-10T16:33:38.221+0800 [DEBUG] pre-vote received: from=9a32f8fa-c0d9-d5df-50f2-031092bcdaa4 term=3 tally=0\n"}
{"Time":"2026-10-10T16:33:38.222233259+08:00","Action":"output","Package":"github.com/hashicorp/raft","Test":"TestAssuranceConfigPublishedWithoutPersist","Output":"2026-10-10T16:33:38.221+0800 [DEBUG] pre-vote granted: from=9a32f8fa-c0d9-d5df-50f2-031092bcdaa4 term=3 tally=1\n"}
{"Time":"2026-10-10T16:33:38.222238692+08:00","Action":"output","Package":"github.com/hashicorp/raft","Test":"TestAssuranceConfigPublishedWithoutPersist","Output":"2026-10-10T16:33:38.221+0800 [ERROR] failed to make requestVote RPC: target=\"{Voter phantom phantom-addr}\" error=\"failed to connect to peer: phantom-addr\" term=3\n"}
{"Time":"2026-10-10T16:33:38.222250841+08:00","Action":"output","Package":"github.com/hashicorp/raft","Test":"TestAssuranceConfigPublishedWithoutPersist","Output":"2026-10-10T16:33:38.221+0800 [DEBUG] pre-vote received: from=phantom term=3 tally=1\n"}
{"Time":"2026-10-10T16:33:38.22225624+08:00","Action":"output","Package":"github.com/hashicorp/raft","Test":"TestAssuranceConfigPublishedWithoutPersist","Output":"2026-10-10T16:33:38.221+0800 [DEBUG] pre-vote denied: from=phantom term=3 tally=1\n"}
{"Time":"2026-10-10T16:33:38.302774457+08:00","Action":"output","Package":"github.com/hashicorp/raft","Test":"TestAssuranceConfigPublishedWithoutPersist","Output":"2026-10-10T16:33:38.302+0800 [WARN]  Election timeout reached, restarting election\n"}
{"Time":"2026-10-10T16:33:38.302897138+08:00","Action":"output","Package":"github.com/hashicorp/raft","Test":"TestAssuranceConfigPublishedWithoutPersist","Output":"2026-10-10T16:33:38.302+0800 [INFO]  entering candidate state: node=\"Node at 9a32f8fa-c0d9-d5df-50f2-031092bcdaa4 [Candidate]\" term=3\n"}
{"Time":"2026-10-10T16:33:38.302927534+08:00","Action":"output","Package":"github.com/hashicorp/raft","Test":"TestAssuranceConfigPublishedWithoutPersist","Output":"2026-10-10T16:33:38.302+0800 [DEBUG] pre-voting for self: term=3 id=9a32f8fa-c0d9-d5df-50f2-031092bcdaa4\n"}
{"Time":"2026-10-10T16:33:38.302947888+08:00","Action":"output","Package":"github.com/hashicorp/raft","Test":"TestAssuranceConfigPublishedWithoutPersist","Output":"2026-10-10T16:33:38.302+0800 [DEBUG] asking for pre-vote: term=3 from=phantom address=phantom-addr\n"}
{"Time":"2026-10-10T16:33:38.302984989+08:00","Action":"output","Package":"github.com/hashicorp/raft","Test":"TestAssuranceConfigPublishedWithoutPersist","Output":"2026-10-10T16:33:38.302+0800 [DEBUG] calculated votes needed: needed=2 term=3\n"}
{"Time":"2026-10-10T16:33:38.303000972+08:00","Action":"output","Package":"github.com/hashicorp/raft","Test":"TestAssuranceConfigPublishedWithoutPersist","Output":"2026-10-10T16:33:38.302+0800 [DEBUG] pre-vote received: from=9a32f8fa-c0d9-d5df-50f2-031092bcdaa4 term=3 tally=0\n"}
{"Time":"2026-10-10T16:33:38.303036446+08:00","Action":"output","Package":"github.com/hashicorp/raft","Test":"TestAssuranceConfigPublishedWithoutPersist","Output":"2026-10-10T16:33:38.302+0800 [DEBUG] pre-vote granted: from=9a32f8fa-c0d9-d5df-50f2-031092bcdaa4 term=3 tally=1\n"}
{"Time":"2026-10-10T16:33:38.303053935+08:00","Action":"output","Package":"github.com/hashicorp/raft","Test":"TestAssuranceConfigPublishedWithoutPersist","Output":"2026-10-10T16:33:38.302+0800 [ERROR] failed to make requestVote RPC: target=\"{Voter phantom phantom-addr}\" error=\"failed to connect to peer: phantom-addr\" term=3\n"}
{"Time":"2026-10-10T16:33:38.303072073+08:00","Action":"output","Package":"github.com/hashicorp/raft","Test":"TestAssuranceConfigPublishedWithoutPersist","Output":"2026-10-10T16:33:38.302+0800 [DEBUG] pre-vote received: from=phantom term=3 tally=1\n"}
{"Time":"2026-10-10T16:33:38.303090098+08:00","Action":"output","Package":"github.com/hashicorp/raft","Test":"TestAssuranceConfigPublishedWithoutPersist","Output":"2026-10-10T16:33:38.302+0800 [DEBUG] pre-vote denied: from=phantom term=3 tally=1\n"}
{"Time":"2026-10-10T16:33:38.36299072+08:00","Action":"output","Package":"github.com/hashicorp/raft","Test":"TestAssuranceConfigPublishedWithoutPersist","Output":"2026-10-10T16:33:38.362+0800 [WARN]  Election timeout reached, restarting election\n"}
{"Time":"2026-10-10T16:33:38.363100283+08:00","Action":"output","Package":"github.com/hashicorp/raft","Test":"TestAssuranceConfigPublishedWithoutPersist","Output":"2026-10-10T16:33:38.362+0800 [INFO]  entering candidate state: node=\"Node at 9a32f8fa-c0d9-d5df-50f2-031092bcdaa4 [Candidate]\" term=3\n"}
{"Time":"2026-10-10T16:33:38.363250808+08:00","Action":"output","Package":"github.com/hashicorp/raft","Test":"TestAssuranceConfigPublishedWithoutPersist","Output":"2026-10-10T16:33:38.362+0800 [DEBUG] pre-voting for self: term=3 id=9a32f8fa-c0d9-d5df-50f2-031092bcdaa4\n"}
{"Time":"2026-10-10T16:33:38.363275006+08:00","Action":"output","Package":"github.com/hashicorp/raft","Test":"TestAssuranceConfigPublishedWithoutPersist","Output":"2026-10-10T16:33:38.362+0800 [DEBUG] asking for pre-vote: term=3 from=phantom address=phantom-addr\n"}
{"Time":"2026-10-10T16:33:38.363293548+08:00","Action":"output","Package":"github.com/hashicorp/raft","Test":"TestAssuranceConfigPublishedWithoutPersist","Output":"2026-10-10T16:33:38.362+0800 [DEBUG] calculated votes needed: needed=2 term=3\n"}
{"Time":"2026-10-10T16:33:38.363312158+08:00","Action":"output","Package":"github.com/hashicorp/raft","Test":"TestAssuranceConfigPublishedWithoutPersist","Output":"2026-10-10T16:33:38.362+0800 [DEBUG] pre-vote received: from=9a32f8fa-c0d9-d5df-50f2-031092bcdaa4 term=3 tally=0\n"}
{"Time":"2026-10-10T16:33:38.363328018+08:00","Action":"output","Package":"github.com/hashicorp/raft","Test":"TestAssuranceConfigPublishedWithoutPersist","Output":"2026-10-10T16:33:38.362+0800 [DEBUG] pre-vote granted: from=9a32f8fa-c0d9-d5df-50f2-031092bcdaa4 term=3 tally=1\n"}
{"Time":"2026-10-10T16:33:38.363343555+08:00","Action":"output","Package":"github.com/hashicorp/raft","Test":"TestAssuranceConfigPublishedWithoutPersist","Output":"2026-10-10T16:33:38.362+0800 [ERROR] failed to make requestVote RPC: target=\"{Voter phantom phantom-addr}\" error=\"failed to connect to peer: phantom-addr\" term=3\n"}
{"Time":"2026-10-10T16:33:38.363365676+08:00","Action":"output","Package":"github.com/hashicorp/raft","Test":"TestAssuranceConfigPublishedWithoutPersist","Output":"2026-10-10T16:33:38.362+0800 [DEBUG] pre-vote received: from=phantom term=3 tally=1\n"}
{"Time":"2026-10-10T16:33:38.36338045+08:00","Action":"output","Package":"github.com/hashicorp/raft","Test":"TestAssuranceConfigPublishedWithoutPersist","Output":"2026-10-10T16:33:38.362+0800 [DEBUG] pre-vote denied: from=phantom term=3 tally=1\n"}
{"Time":"2026-10-10T16:33:38.42556802+08:00","Action":"output","Package":"github.com/hashicorp/raft","Test":"TestAssuranceConfigPublishedWithoutPersist","Output":"2026-10-10T16:33:38.424+0800 [WARN]  Election timeout reached, restarting election\n"}
{"Time":"2026-10-10T16:33:38.425665083+08:00","Action":"output","Package":"github.com/hashicorp/raft","Test":"TestAssuranceConfigPublishedWithoutPersist","Output":"2026-10-10T16:33:38.424+0800 [INFO]  entering candidate state: node=\"Node at 9a32f8fa-c0d9-d5df-50f2-031092bcdaa4 [Candidate]\" term=3\n"}
{"Time":"2026-10-10T16:33:38.425684472+08:00","Action":"output","Package":"github.com/hashicorp/raft","Test":"TestAssuranceConfigPublishedWithoutPersist","Output":"2026-10-10T16:33:38.424+0800 [DEBUG] pre-voting for self: term=3 id=9a32f8fa-c0d9-d5df-50f2-031092bcdaa4\n"}
{"Time":"2026-10-10T16:33:38.425701591+08:00","Action":"output","Package":"github.com/hashicorp/raft","Test":"TestAssuranceConfigPublishedWithoutPersist","Output":"2026-10-10T16:33:38.425+0800 [DEBUG] asking for pre-vote: term=3 from=phantom address=phantom-addr\n"}
{"Time":"2026-10-10T16:33:38.425713154+08:00","Action":"output","Package":"github.com/hashicorp/raft","Test":"TestAssuranceConfigPublishedWithoutPersist","Output":"2026-10-10T16:33:38.425+0800 [DEBUG] calculated votes needed: needed=2 term=3\n"}
{"Time":"2026-10-10T16:33:38.425731089+08:00","Action":"output","Package":"github.com/hashicorp/raft","Test":"TestAssuranceConfigPublishedWithoutPersist","Output":"2026-10-10T16:33:38.425+0800 [DEBUG] pre-vote received: from=9a32f8fa-c0d9-d5df-50f2-031092bcdaa4 term=3 tally=0\n"}
{"Time":"2026-10-10T16:33:38.425742735+08:00","Action":"output","Package":"github.com/hashicorp/raft","Test":"TestAssuranceConfigPublishedWithoutPersist","Output":"2026-10-10T16:33:38.425+0800 [DEBUG] pre-vote granted: from=9a32f8fa-c0d9-d5df-50f2-031092bcdaa4 term=3 tally=1\n"}
{"Time":"2026-10-10T16:33:38.425770172+08:00","Action":"output","Package":"github.com/hashicorp/raft","Test":"TestAssuranceConfigPublishedWithoutPersist","Output":"2026-10-10T16:33:38.425+0800 [ERROR] failed to make requestVote RPC: target=\"{Voter phantom phantom-addr}\" error=\"failed to connect to peer: phantom-addr\" term=3\n"}
{"Time":"2026-10-10T16:33:38.425783965+08:00","Action":"output","Package":"github.com/hashicorp/raft","Test":"TestAssuranceConfigPublishedWithoutPersist","Output":"2026-10-10T16:33:38.425+0800 [DEBUG] pre-vote received: from=phantom term=3 tally=1\n"}
{"Time":"2026-10-10T16:33:38.425793731+08:00","Action":"output","Package":"github.com/hashicorp/raft","Test":"TestAssuranceConfigPublishedWithoutPersist","Output":"2026-10-10T16:33:38.425+0800 [DEBUG] pre-vote denied: from=phantom term=3 tally=1\n"}
{"Time":"2026-10-10T16:33:38.508872318+08:00","Action":"output","Package":"github.com/hashicorp/raft","Test":"TestAssuranceConfigPublishedWithoutPersist","Output":"2026-10-10T16:33:38.508+0800 [WARN]  Election timeout reached, restarting election\n"}
{"Time":"2026-10-10T16:33:38.509002306+08:00","Action":"output","Package":"github.com/hashicorp/raft","Test":"TestAssuranceConfigPublishedWithoutPersist","Output":"2026-10-10T16:33:38.508+0800 [INFO]  entering candidate state: node=\"Node at 9a32f8fa-c0d9-d5df-50f2-031092bcdaa4 [Candidate]\" term=3\n"}
{"Time":"2026-10-10T16:33:38.509034856+08:00","Action":"output","Package":"github.com/hashicorp/raft","Test":"TestAssuranceConfigPublishedWithoutPersist","Output":"2026-10-10T16:33:38.508+0800 [DEBUG] pre-voting for self: term=3 id=9a32f8fa-c0d9-d5df-50f2-031092bcdaa4\n"}
{"Time":"2026-10-10T16:33:38.509061279+08:00","Action":"output","Package":"github.com/hashicorp/raft","Test":"TestAssuranceConfigPublishedWithoutPersist","Output":"2026-10-10T16:33:38.508+0800 [DEBUG] asking for pre-vote: term=3 from=phantom address=phantom-addr\n"}
{"Time":"2026-10-10T16:33:38.509454502+08:00","Action":"output","Package":"github.com/hashicorp/raft","Test":"TestAssuranceConfigPublishedWithoutPersist","Output":"2026-10-10T16:33:38.508+0800 [DEBUG] calculated votes needed: needed=2 term=3\n"}
{"Time":"2026-10-10T16:33:38.509519557+08:00","Action":"output","Package":"github.com/hashicorp/raft","Test":"TestAssuranceConfigPublishedWithoutPersist","Output":"2026-10-10T16:33:38.508+0800 [DEBUG] pre-vote received: from=9a32f8fa-c0d9-d5df-50f2-031092bcdaa4 term=3 tally=0\n"}
{"Time":"2026-10-10T16:33:38.509540429+08:00","Action":"output","Package":"github.com/hashicorp/raft","Test":"TestAssuranceConfigPublishedWithoutPersist","Output":"2026-10-10T16:33:38.508+0800 [DEBUG] pre-vote granted: from=9a32f8fa-c0d9-d5df-50f2-031092bcdaa4 term=3 tally=1\n"}
{"Time":"2026-10-10T16:33:38.509587749+08:00","Action":"output","Package":"github.com/hashicorp/raft","Test":"TestAssuranceConfigPublishedWithoutPersist","Output":"2026-10-10T16:33:38.508+0800 [ERROR] failed to make requestVote RPC: target=\"{Voter phantom phantom-addr}\" error=\"failed to connect to peer: phantom-addr\" term=3\n"}
{"Time":"2026-10-10T16:33:38.509609175+08:00","Action":"output","Package":"github.com/hashicorp/raft","Test":"TestAssuranceConfigPublishedWithoutPersist","Output":"2026-10-10T16:33:38.508+0800 [DEBUG] pre-vote received: from=phantom term=3 tally=1\n"}
{"Time":"2026-10-10T16:33:38.50962559+08:00","Action":"output","Package":"github.com/hashicorp/raft","Test":"TestAssuranceConfigPublishedWithoutPersist","Output":"2026-10-10T16:33:38.508+0800 [DEBUG] pre-vote denied: from=phantom term=3 tally=1\n"}
{"Time":"2026-10-10T16:33:38.58050155+08:00","Action":"output","Package":"github.com/hashicorp/raft","Test":"TestAssuranceConfigPublishedWithoutPersist","Output":"2026-10-10T16:33:38.579+0800 [WARN]  Election timeout reached, restarting election\n"}
{"Time":"2026-10-10T16:33:38.580847647+08:00","Action":"output","Package":"github.com/hashicorp/raft","Test":"TestAssuranceConfigPublishedWithoutPersist","Output":"2026-10-10T16:33:38.579+0800 [INFO]  entering candidate state: node=\"Node at 9a32f8fa-c0d9-d5df-50f2-031092bcdaa4 [Candidate]\" term=3\n"}
{"Time":"2026-10-10T16:33:38.580890729+08:00","Action":"output","Package":"github.com/hashicorp/raft","Test":"TestAssuranceConfigPublishedWithoutPersist","Output":"2026-10-10T16:33:38.579+0800 [DEBUG] pre-voting for self: term=3 id=9a32f8fa-c0d9-d5df-50f2-031092bcdaa4\n"}
{"Time":"2026-10-10T16:33:38.580913938+08:00","Action":"output","Package":"github.com/hashicorp/raft","Test":"TestAssuranceConfigPublishedWithoutPersist","Output":"2026-10-10T16:33:38.579+0800 [DEBUG] asking for pre-vote: term=3 from=phantom address=phantom-addr\n"}
{"Time":"2026-10-10T16:33:38.580931985+08:00","Action":"output","Package":"github.com/hashicorp/raft","Test":"TestAssuranceConfigPublishedWithoutPersist","Output":"2026-10-10T16:33:38.579+0800 [DEBUG] calculated votes needed: needed=2 term=3\n"}
{"Time":"2026-10-10T16:33:38.580947537+08:00","Action":"output","Package":"github.com/hashicorp/raft","Test":"TestAssuranceConfigPublishedWithoutPersist","Output":"2026-10-10T16:33:38.579+0800 [DEBUG] pre-vote received: from=9a32f8fa-c0d9-d5df-50f2-031092bcdaa4 term=3 tally=0\n"}
{"Time":"2026-10-10T16:33:38.580963137+08:00","Action":"output","Package":"github.com/hashicorp/raft","Test":"TestAssuranceConfigPublishedWithoutPersist","Output":"2026-10-10T16:33:38.579+0800 [DEBUG] pre-vote granted: from=9a32f8fa-c0d9-d5df-50f2-031092bcdaa4 term=3 tally=1\n"}
{"Time":"2026-10-10T16:33:38.581010389+08:00","Action":"output","Package":"github.com/hashicorp/raft","Test":"TestAssuranceConfigPublishedWithoutPersist","Output":"2026-10-10T16:33:38.579+0800 [ERROR] failed to make requestVote RPC: target=\"{Voter phantom phantom-addr}\" error=\"failed to connect to peer: phantom-addr\" term=3\n"}
{"Time":"2026-10-10T16:33:38.581030908+08:00","Action":"output","Package":"github.com/hashicorp/raft","Test":"TestAssuranceConfigPublishedWithoutPersist","Output":"2026-10-10T16:33:38.580+0800 [DEBUG] pre-vote received: from=phantom term=3 tally=1\n"}
{"Time":"2026-10-10T16:33:38.581046716+08:00","Action":"output","Package":"github.com/hashicorp/raft","Test":"TestAssuranceConfigPublishedWithoutPersist","Output":"2026-10-10T16:33:38.580+0800 [DEBUG] pre-vote denied: from=phantom term=3 tally=1\n"}
{"Time":"2026-10-10T16:33:38.656668754+08:00","Action":"output","Package":"github.com/hashicorp/raft","Test":"TestAssuranceConfigPublishedWithoutPersist","Output":"2026-10-10T16:33:38.656+0800 [WARN]  Election timeout reached, restarting election\n"}
{"Time":"2026-10-10T16:33:38.656745299+08:00","Action":"output","Package":"github.com/hashicorp/raft","Test":"TestAssuranceConfigPublishedWithoutPersist","Output":"2026-10-10T16:33:38.656+0800 [INFO]  entering candidate state: node=\"Node at 9a32f8fa-c0d9-d5df-50f2-031092bcdaa4 [Candidate]\" term=3\n"}
{"Time":"2026-10-10T16:33:38.656922211+08:00","Action":"output","Package":"github.com/hashicorp/raft","Test":"TestAssuranceConfigPublishedWithoutPersist","Output":"2026-10-10T16:33:38.656+0800 [DEBUG] pre-voting for self: term=3 id=9a32f8fa-c0d9-d5df-50f2-031092bcdaa4\n"}
{"Time":"2026-10-10T16:33:38.656946935+08:00","Action":"output","Package":"github.com/hashicorp/raft","Test":"TestAssuranceConfigPublishedWithoutPersist","Output":"2026-10-10T16:33:38.656+0800 [DEBUG] asking for pre-vote: term=3 from=phantom address=phantom-addr\n"}
{"Time":"2026-10-10T16:33:38.656959921+08:00","Action":"output","Package":"github.com/hashicorp/raft","Test":"TestAssuranceConfigPublishedWithoutPersist","Output":"2026-10-10T16:33:38.656+0800 [DEBUG] calculated votes needed: needed=2 term=3\n"}
{"Time":"2026-10-10T16:33:38.65698628+08:00","Action":"output","Package":"github.com/hashicorp/raft","Test":"TestAssuranceConfigPublishedWithoutPersist","Output":"2026-10-10T16:33:38.656+0800 [DEBUG] pre-vote received: from=9a32f8fa-c0d9-d5df-50f2-031092bcdaa4 term=3 tally=0\n"}
{"Time":"2026-10-10T16:33:38.65700244+08:00","Action":"output","Package":"github.com/hashicorp/raft","Test":"TestAssuranceConfigPublishedWithoutPersist","Output":"2026-10-10T16:33:38.656+0800 [DEBUG] pre-vote granted: from=9a32f8fa-c0d9-d5df-50f2-031092bcdaa4 term=3 tally=1\n"}
{"Time":"2026-10-10T16:33:38.657016064+08:00","Action":"output","Package":"github.com/hashicorp/raft","Test":"TestAssuranceConfigPublishedWithoutPersist","Output":"2026-10-10T16:33:38.656+0800 [ERROR] failed to make requestVote RPC: target=\"{Voter phantom phantom-addr}\" error=\"failed to connect to peer: phantom-addr\" term=3\n"}
{"Time":"2026-10-10T16:33:38.657032559+08:00","Action":"output","Package":"github.com/hashicorp/raft","Test":"TestAssuranceConfigPublishedWithoutPersist","Output":"2026-10-10T16:33:38.656+0800 [DEBUG] pre-vote received: from=phantom term=3 tally=1\n"}
{"Time":"2026-10-10T16:33:38.657045697+08:00","Action":"output","Package":"github.com/hashicorp/raft","Test":"TestAssuranceConfigPublishedWithoutPersist","Output":"2026-10-10T16:33:38.656+0800 [DEBUG] pre-vote denied: from=phantom term=3 tally=1\n"}
{"Time":"2026-10-10T16:33:38.743837731+08:00","Action":"output","Package":"github.com/hashicorp/raft","Test":"TestAssuranceConfigPublishedWithoutPersist","Output":"2026-10-10T16:33:38.743+0800 [WARN]  Election timeout reached, restarting election\n"}
{"Time":"2026-10-10T16:33:38.743896978+08:00","Action":"output","Package":"github.com/hashicorp/raft","Test":"TestAssuranceConfigPublishedWithoutPersist","Output":"2026-10-10T16:33:38.743+0800 [INFO]  entering candidate state: node=\"Node at 9a32f8fa-c0d9-d5df-50f2-031092bcdaa4 [Candidate]\" term=3\n"}
{"Time":"2026-10-10T16:33:38.743909813+08:00","Action":"output","Package":"github.com/hashicorp/raft","Test":"TestAssuranceConfigPublishedWithoutPersist","Output":"2026-10-10T16:33:38.743+0800 [DEBUG] pre-voting for self: term=3 id=9a32f8fa-c0d9-d5df-50f2-031092bcdaa4\n"}
{"Time":"2026-10-10T16:33:38.743920632+08:00","Action":"output","Package":"github.com/hashicorp/raft","Test":"TestAssuranceConfigPublishedWithoutPersist","Output":"2026-10-10T16:33:38.743+0800 [DEBUG] asking for pre-vote: term=3 from=phantom address=phantom-addr\n"}
{"Time":"2026-10-10T16:33:38.743927701+08:00","Action":"output","Package":"github.com/hashicorp/raft","Test":"TestAssuranceConfigPublishedWithoutPersist","Output":"2026-10-10T16:33:38.743+0800 [DEBUG] calculated votes needed: needed=2 term=3\n"}
{"Time":"2026-10-10T16:33:38.743933963+08:00","Action":"output","Package":"github.com/hashicorp/raft","Test":"TestAssuranceConfigPublishedWithoutPersist","Output":"2026-10-10T16:33:38.743+0800 [DEBUG] pre-vote received: from=9a32f8fa-c0d9-d5df-50f2-031092bcdaa4 term=3 tally=0\n"}
{"Time":"2026-10-10T16:33:38.743940352+08:00","Action":"output","Package":"github.com/hashicorp/raft","Test":"TestAssuranceConfigPublishedWithoutPersist","Output":"2026-10-10T16:33:38.743+0800 [DEBUG] pre-vote granted: from=9a32f8fa-c0d9-d5df-50f2-031092bcdaa4 term=3 tally=1\n"}
{"Time":"2026-10-10T16:33:38.744199214+08:00","Action":"output","Package":"github.com/hashicorp/raft","Test":"TestAssuranceConfigPublishedWithoutPersist","Output":"2026-10-10T16:33:38.743+0800 [ERROR] failed to make requestVote RPC: target=\"{Voter phantom phantom-addr}\" error=\"failed to connect to peer: phantom-addr\" term=3\n"}
{"Time":"2026-10-10T16:33:38.744396626+08:00","Action":"output","Package":"github.com/hashicorp/raft","Test":"TestAssuranceConfigPublishedWithoutPersist","Output":"2026-10-10T16:33:38.744+0800 [DEBUG] pre-vote received: from=phantom term=3 tally=1\n"}
{"Time":"2026-10-10T16:33:38.744428101+08:00","Action":"output","Package":"github.com/hashicorp/raft","Test":"TestAssuranceConfigPublishedWithoutPersist","Output":"2026-10-10T16:33:38.744+0800 [DEBUG] pre-vote denied: from=phantom term=3 tally=1\n"}
{"Time":"2026-10-10T16:33:38.795724658+08:00","Action":"output","Package":"github.com/hashicorp/raft","Test":"TestAssuranceConfigPublishedWithoutPersist","Output":"2026-10-10T16:33:38.795+0800 [WARN]  Election timeout reached, restarting election\n"}
{"Time":"2026-10-10T16:33:38.795777297+08:00","Action":"output","Package":"github.com/hashicorp/raft","Test":"TestAssuranceConfigPublishedWithoutPersist","Output":"2026-10-10T16:33:38.795+0800 [INFO]  entering candidate state: node=\"Node at 9a32f8fa-c0d9-d5df-50f2-031092bcdaa4 [Candidate]\" term=3\n"}
{"Time":"2026-10-10T16:33:38.795785839+08:00","Action":"output","Package":"github.com/hashicorp/raft","Test":"TestAssuranceConfigPublishedWithoutPersist","Output":"2026-10-10T16:33:38.795+0800 [DEBUG] pre-voting for self: term=3 id=9a32f8fa-c0d9-d5df-50f2-031092bcdaa4\n"}
{"Time":"2026-10-10T16:33:38.795798868+08:00","Action":"output","Package":"github.com/hashicorp/raft","Test":"TestAssuranceConfigPublishedWithoutPersist","Output":"2026-10-10T16:33:38.795+0800 [DEBUG] asking for pre-vote: term=3 from=phantom address=phantom-addr\n"}
{"Time":"2026-10-10T16:33:38.795812915+08:00","Action":"output","Package":"github.com/hashicorp/raft","Test":"TestAssuranceConfigPublishedWithoutPersist","Output":"2026-10-10T16:33:38.795+0800 [DEBUG] calculated votes needed: needed=2 term=3\n"}
{"Time":"2026-10-10T16:33:38.79595339+08:00","Action":"output","Package":"github.com/hashicorp/raft","Test":"TestAssuranceConfigPublishedWithoutPersist","Output":"2026-10-10T16:33:38.795+0800 [DEBUG] pre-vote received: from=9a32f8fa-c0d9-d5df-50f2-031092bcdaa4 term=3 tally=0\n"}
{"Time":"2026-10-10T16:33:38.795961167+08:00","Action":"output","Package":"github.com/hashicorp/raft","Test":"TestAssuranceConfigPublishedWithoutPersist","Output":"2026-10-10T16:33:38.795+0800 [DEBUG] pre-vote granted: from=9a32f8fa-c0d9-d5df-50f2-031092bcdaa4 term=3 tally=1\n"}
{"Time":"2026-10-10T16:33:38.795968016+08:00","Action":"output","Package":"github.com/hashicorp/raft","Test":"TestAssuranceConfigPublishedWithoutPersist","Output":"2026-10-10T16:33:38.795+0800 [ERROR] failed to make requestVote RPC: target=\"{Voter phantom phantom-addr}\" error=\"failed to connect to peer: phantom-addr\" term=3\n"}
{"Time":"2026-10-10T16:33:38.795974422+08:00","Action":"output","Package":"github.com/hashicorp/raft","Test":"TestAssuranceConfigPublishedWithoutPersist","Output":"2026-10-10T16:33:38.795+0800 [DEBUG] pre-vote received: from=phantom term=3 tally=1\n"}
{"Time":"2026-10-10T16:33:38.79597907+08:00","Action":"output","Package":"github.com/hashicorp/raft","Test":"TestAssuranceConfigPublishedWithoutPersist","Output":"2026-10-10T16:33:38.795+0800 [DEBUG] pre-vote denied: from=phantom term=3 tally=1\n"}
{"Time":"2026-10-10T16:33:38.878499185+08:00","Action":"output","Package":"github.com/hashicorp/raft","Test":"TestAssuranceConfigPublishedWithoutPersist","Output":"CA_EVENT {\"commit_index\":3,\"event\":\"progress_after_failed_durable_write\",\"ever_leader_in_window\":false,\"last_index\":3,\"leader_samples\":0,\"quorum_size_live\":2,\"reachable_voters\":1,\"samples\":142,\"state\":\"Candidate\",\"voters_in_live_configuration\":2}\n"}
{"Time":"2026-10-10T16:33:38.878552553+08:00","Action":"output","Package":"github.com/hashicorp/raft","Test":"TestAssuranceConfigPublishedWithoutPersist","Output":"--- PASS: TestAssuranceConfigPublishedWithoutPersist (1.59s)\n"}
{"Time":"2026-10-10T16:33:38.878559481+08:00","Action":"pass","Package":"github.com/hashicorp/raft","Test":"TestAssuranceConfigPublishedWithoutPersist","Elapsed":1.59}
{"Time":"2026-10-10T16:33:38.879016782+08:00","Action":"run","Package":"github.com/hashicorp/raft","Test":"TestAssuranceRestartRepairsAuthorityContext"}
{"Time":"2026-10-10T16:33:38.879051428+08:00","Action":"output","Package":"github.com/hashicorp/raft","Test":"TestAssuranceRestartRepairsAuthorityContext","Output":"=== RUN   TestAssuranceRestartRepairsAuthorityContext\n"}
{"Time":"2026-10-10T16:33:38.87906164+08:00","Action":"output","Package":"github.com/hashicorp/raft","Test":"TestAssuranceRestartRepairsAuthorityContext","Output":"2026-10-10T16:33:38.878+0800 [INFO]  initial configuration: index=1 servers=\"[{Suffrage:Voter ID:4f256e41-36f0-f72e-144e-647427a7cae9 Address:4f256e41-36f0-f72e-144e-647427a7cae9}]\"\n"}
{"Time":"2026-10-10T16:33:38.87907476+08:00","Action":"output","Package":"github.com/hashicorp/raft","Test":"TestAssuranceRestartRepairsAuthorityContext","Output":"2026-10-10T16:33:38.878+0800 [INFO]  entering follower state: follower=\"Node at 4f256e41-36f0-f72e-144e-647427a7cae9 [Follower]\" leader-address= leader-id=\n"}
{"Time":"2026-10-10T16:33:38.953548729+08:00","Action":"output","Package":"github.com/hashicorp/raft","Test":"TestAssuranceRestartRepairsAuthorityContext","Output":"2026-10-10T16:33:38.952+0800 [WARN]  heartbeat timeout reached, starting election: last-leader-addr= last-leader-id=\n"}
{"Time":"2026-10-10T16:33:38.953657901+08:00","Action":"output","Package":"github.com/hashicorp/raft","Test":"TestAssuranceRestartRepairsAuthorityContext","Output":"2026-10-10T16:33:38.953+0800 [INFO]  entering candidate state: node=\"Node at 4f256e41-36f0-f72e-144e-647427a7cae9 [Candidate]\" term=2\n"}
{"Time":"2026-10-10T16:33:38.953684881+08:00","Action":"output","Package":"github.com/hashicorp/raft","Test":"TestAssuranceRestartRepairsAuthorityContext","Output":"2026-10-10T16:33:38.953+0800 [DEBUG] pre-voting for self: term=2 id=4f256e41-36f0-f72e-144e-647427a7cae9\n"}
{"Time":"2026-10-10T16:33:38.953701106+08:00","Action":"output","Package":"github.com/hashicorp/raft","Test":"TestAssuranceRestartRepairsAuthorityContext","Output":"2026-10-10T16:33:38.953+0800 [DEBUG] calculated votes needed: needed=1 term=2\n"}
{"Time":"2026-10-10T16:33:38.95371799+08:00","Action":"output","Package":"github.com/hashicorp/raft","Test":"TestAssuranceRestartRepairsAuthorityContext","Output":"2026-10-10T16:33:38.953+0800 [DEBUG] pre-vote received: from=4f256e41-36f0-f72e-144e-647427a7cae9 term=2 tally=0\n"}
{"Time":"2026-10-10T16:33:38.953733102+08:00","Action":"output","Package":"github.com/hashicorp/raft","Test":"TestAssuranceRestartRepairsAuthorityContext","Output":"2026-10-10T16:33:38.953+0800 [DEBUG] pre-vote granted: from=4f256e41-36f0-f72e-144e-647427a7cae9 term=2 tally=1\n"}
{"Time":"2026-10-10T16:33:38.953747296+08:00","Action":"output","Package":"github.com/hashicorp/raft","Test":"TestAssuranceRestartRepairsAuthorityContext","Output":"2026-10-10T16:33:38.953+0800 [INFO]  pre-vote successful, starting election: term=2 tally=1 refused=0 votesNeeded=1\n"}
{"Time":"2026-10-10T16:33:38.953762568+08:00","Action":"output","Package":"github.com/hashicorp/raft","Test":"TestAssuranceRestartRepairsAuthorityContext","Output":"2026-10-10T16:33:38.953+0800 [DEBUG] voting for self: term=2 id=4f256e41-36f0-f72e-144e-647427a7cae9\n"}
{"Time":"2026-10-10T16:33:38.953777167+08:00","Action":"output","Package":"github.com/hashicorp/raft","Test":"TestAssuranceRestartRepairsAuthorityContext","Output":"2026-10-10T16:33:38.953+0800 [DEBUG] vote granted: from=4f256e41-36f0-f72e-144e-647427a7cae9 term=2 tally=1\n"}
{"Time":"2026-10-10T16:33:38.953791385+08:00","Action":"output","Package":"github.com/hashicorp/raft","Test":"TestAssuranceRestartRepairsAuthorityContext","Output":"2026-10-10T16:33:38.953+0800 [INFO]  election won: term=2 tally=1\n"}
{"Time":"2026-10-10T16:33:38.953807127+08:00","Action":"output","Package":"github.com/hashicorp/raft","Test":"TestAssuranceRestartRepairsAuthorityContext","Output":"2026-10-10T16:33:38.953+0800 [INFO]  entering leader state: leader=\"Node at 4f256e41-36f0-f72e-144e-647427a7cae9 [Leader]\"\n"}
{"Time":"2026-10-10T16:33:38.963773955+08:00","Action":"output","Package":"github.com/hashicorp/raft","Test":"TestAssuranceRestartRepairsAuthorityContext","Output":"2026-10-10T16:33:38.963+0800 [INFO]  updating configuration: command=AddVoter server-id=phantom server-addr=phantom-addr servers=\"[{Suffrage:Voter ID:4f256e41-36f0-f72e-144e-647427a7cae9 Address:4f256e41-36f0-f72e-144e-647427a7cae9} {Suffrage:Voter ID:phantom Address:phantom-addr}]\"\n"}
{"Time":"2026-10-10T16:33:38.963841428+08:00","Action":"output","Package":"github.com/hashicorp/raft","Test":"TestAssuranceRestartRepairsAuthorityContext","Output":"2026-10-10T16:33:38.963+0800 [ERROR] failed to commit logs: error=\"injected LogStore.StoreLogs failure\"\n"}
{"Time":"2026-10-10T16:33:38.963865961+08:00","Action":"output","Package":"github.com/hashicorp/raft","Test":"TestAssuranceRestartRepairsAuthorityContext","Output":"2026-10-10T16:33:38.963+0800 [INFO]  added peer, starting replication: peer=phantom\n"}
{"Time":"2026-10-10T16:33:38.963886966+08:00","Action":"output","Package":"github.com/hashicorp/raft","Test":"TestAssuranceRestartRepairsAuthorityContext","Output":"2026-10-10T16:33:38.963+0800 [INFO]  entering follower state: follower=\"Node at 4f256e41-36f0-f72e-144e-647427a7cae9 [Follower]\" leader-address= leader-id=\n"}
{"Time":"2026-10-10T16:33:38.964015514+08:00","Action":"output","Package":"github.com/hashicorp/raft","Test":"TestAssuranceRestartRepairsAuthorityContext","Output":"2026-10-10T16:33:38.963+0800 [INFO]  initial configuration: index=1 servers=\"[{Suffrage:Voter ID:4f256e41-36f0-f72e-144e-647427a7cae9 Address:4f256e41-36f0-f72e-144e-647427a7cae9}]\"\n"}
{"Time":"2026-10-10T16:33:38.964364543+08:00","Action":"output","Package":"github.com/hashicorp/raft","Test":"TestAssuranceRestartRepairsAuthorityContext","Output":"2026-10-10T16:33:38.964+0800 [INFO]  entering follower state: follower=\"Node at 4f256e41-36f0-f72e-144e-647427a7cae9 [Follower]\" leader-address= leader-id=\n"}
{"Time":"2026-10-10T16:33:39.033018436+08:00","Action":"output","Package":"github.com/hashicorp/raft","Test":"TestAssuranceRestartRepairsAuthorityContext","Output":"2026-10-10T16:33:39.031+0800 [WARN]  heartbeat timeout reached, starting election: last-leader-addr= last-leader-id=\n"}
{"Time":"2026-10-10T16:33:39.033057361+08:00","Action":"output","Package":"github.com/hashicorp/raft","Test":"TestAssuranceRestartRepairsAuthorityContext","Output":"2026-10-10T16:33:39.032+0800 [INFO]  entering candidate state: node=\"Node at 4f256e41-36f0-f72e-144e-647427a7cae9 [Candidate]\" term=3\n"}
{"Time":"2026-10-10T16:33:39.033062958+08:00","Action":"output","Package":"github.com/hashicorp/raft","Test":"TestAssuranceRestartRepairsAuthorityContext","Output":"2026-10-10T16:33:39.032+0800 [DEBUG] pre-voting for self: term=3 id=4f256e41-36f0-f72e-144e-647427a7cae9\n"}
{"Time":"2026-10-10T16:33:39.033066025+08:00","Action":"output","Package":"github.com/hashicorp/raft","Test":"TestAssuranceRestartRepairsAuthorityContext","Output":"2026-10-10T16:33:39.032+0800 [DEBUG] calculated votes needed: needed=1 term=3\n"}
{"Time":"2026-10-10T16:33:39.033070463+08:00","Action":"output","Package":"github.com/hashicorp/raft","Test":"TestAssuranceRestartRepairsAuthorityContext","Output":"2026-10-10T16:33:39.032+0800 [DEBUG] pre-vote received: from=4f256e41-36f0-f72e-144e-647427a7cae9 term=3 tally=0\n"}
{"Time":"2026-10-10T16:33:39.033073859+08:00","Action":"output","Package":"github.com/hashicorp/raft","Test":"TestAssuranceRestartRepairsAuthorityContext","Output":"2026-10-10T16:33:39.032+0800 [DEBUG] pre-vote granted: from=4f256e41-36f0-f72e-144e-647427a7cae9 term=3 tally=1\n"}
{"Time":"2026-10-10T16:33:39.033076825+08:00","Action":"output","Package":"github.com/hashicorp/raft","Test":"TestAssuranceRestartRepairsAuthorityContext","Output":"2026-10-10T16:33:39.032+0800 [INFO]  pre-vote successful, starting election: term=3 tally=1 refused=0 votesNeeded=1\n"}
{"Time":"2026-10-10T16:33:39.033079598+08:00","Action":"output","Package":"github.com/hashicorp/raft","Test":"TestAssuranceRestartRepairsAuthorityContext","Output":"2026-10-10T16:33:39.032+0800 [DEBUG] voting for self: term=3 id=4f256e41-36f0-f72e-144e-647427a7cae9\n"}
{"Time":"2026-10-10T16:33:39.033082538+08:00","Action":"output","Package":"github.com/hashicorp/raft","Test":"TestAssuranceRestartRepairsAuthorityContext","Output":"2026-10-10T16:33:39.032+0800 [DEBUG] vote granted: from=4f256e41-36f0-f72e-144e-647427a7cae9 term=3 tally=1\n"}
{"Time":"2026-10-10T16:33:39.033085614+08:00","Action":"output","Package":"github.com/hashicorp/raft","Test":"TestAssuranceRestartRepairsAuthorityContext","Output":"2026-10-10T16:33:39.032+0800 [INFO]  election won: term=3 tally=1\n"}
{"Time":"2026-10-10T16:33:39.033094641+08:00","Action":"output","Package":"github.com/hashicorp/raft","Test":"TestAssuranceRestartRepairsAuthorityContext","Output":"2026-10-10T16:33:39.032+0800 [INFO]  entering leader state: leader=\"Node at 4f256e41-36f0-f72e-144e-647427a7cae9 [Leader]\"\n"}
{"Time":"2026-10-10T16:33:39.03940687+08:00","Action":"output","Package":"github.com/hashicorp/raft","Test":"TestAssuranceRestartRepairsAuthorityContext","Output":"CA_EVENT {\"add_voter_error\":\"injected LogStore.StoreLogs failure\",\"became_leader_after\":true,\"commit_index_after\":3,\"durable_last_index\":2,\"event\":\"restart_after_failed_durable_write\",\"servers_after_restart\":[\"4f256e41-36f0-f72e-144e-647427a7cae9/4f256e41-36f0-f72e-144e-647427a7cae9/Voter\"],\"servers_before_restart\":[\"4f256e41-36f0-f72e-144e-647427a7cae9/4f256e41-36f0-f72e-144e-647427a7cae9/Voter\",\"phantom/phantom-addr/Voter\"],\"state_before_restart\":\"Follower\",\"voters_after_restart\":1}\n"}
{"Time":"2026-10-10T16:33:39.039491752+08:00","Action":"output","Package":"github.com/hashicorp/raft","Test":"TestAssuranceRestartRepairsAuthorityContext","Output":"--- PASS: TestAssuranceRestartRepairsAuthorityContext (0.16s)\n"}
{"Time":"2026-10-10T16:33:39.039505383+08:00","Action":"pass","Package":"github.com/hashicorp/raft","Test":"TestAssuranceRestartRepairsAuthorityContext","Elapsed":0.16}
{"Time":"2026-10-10T16:33:39.039524977+08:00","Action":"run","Package":"github.com/hashicorp/raft","Test":"TestAssuranceConfigPersistControl"}
{"Time":"2026-10-10T16:33:39.039532796+08:00","Action":"output","Package":"github.com/hashicorp/raft","Test":"TestAssuranceConfigPersistControl","Output":"=== RUN   TestAssuranceConfigPersistControl\n"}
{"Time":"2026-10-10T16:33:39.040552859+08:00","Action":"output","Package":"github.com/hashicorp/raft","Test":"TestAssuranceConfigPersistControl","Output":"2026-10-10T16:33:39.039+0800 [INFO]  initial configuration: index=1 servers=\"[{Suffrage:Voter ID:05845d39-4364-eff6-3354-b15a1a7ef3e9 Address:05845d39-4364-eff6-3354-b15a1a7ef3e9}]\"\n"}
{"Time":"2026-10-10T16:33:39.04059369+08:00","Action":"output","Package":"github.com/hashicorp/raft","Test":"TestAssuranceConfigPersistControl","Output":"2026-10-10T16:33:39.039+0800 [INFO]  entering follower state: follower=\"Node at 05845d39-4364-eff6-3354-b15a1a7ef3e9 [Follower]\" leader-address= leader-id=\n"}
{"Time":"2026-10-10T16:33:39.116253496+08:00","Action":"output","Package":"github.com/hashicorp/raft","Test":"TestAssuranceConfigPersistControl","Output":"2026-10-10T16:33:39.116+0800 [WARN]  heartbeat timeout reached, starting election: last-leader-addr= last-leader-id=\n"}
{"Time":"2026-10-10T16:33:39.116294109+08:00","Action":"output","Package":"github.com/hashicorp/raft","Test":"TestAssuranceConfigPersistControl","Output":"2026-10-10T16:33:39.116+0800 [INFO]  entering candidate state: node=\"Node at 05845d39-4364-eff6-3354-b15a1a7ef3e9 [Candidate]\" term=2\n"}
{"Time":"2026-10-10T16:33:39.116310542+08:00","Action":"output","Package":"github.com/hashicorp/raft","Test":"TestAssuranceConfigPersistControl","Output":"2026-10-10T16:33:39.116+0800 [DEBUG] pre-voting for self: term=2 id=05845d39-4364-eff6-3354-b15a1a7ef3e9\n"}
{"Time":"2026-10-10T16:33:39.116468608+08:00","Action":"output","Package":"github.com/hashicorp/raft","Test":"TestAssuranceConfigPersistControl","Output":"2026-10-10T16:33:39.116+0800 [DEBUG] calculated votes needed: needed=1 term=2\n"}
{"Time":"2026-10-10T16:33:39.116503618+08:00","Action":"output","Package":"github.com/hashicorp/raft","Test":"TestAssuranceConfigPersistControl","Output":"2026-10-10T16:33:39.116+0800 [DEBUG] pre-vote received: from=05845d39-4364-eff6-3354-b15a1a7ef3e9 term=2 tally=0\n"}
{"Time":"2026-10-10T16:33:39.116512978+08:00","Action":"output","Package":"github.com/hashicorp/raft","Test":"TestAssuranceConfigPersistControl","Output":"2026-10-10T16:33:39.116+0800 [DEBUG] pre-vote granted: from=05845d39-4364-eff6-3354-b15a1a7ef3e9 term=2 tally=1\n"}
{"Time":"2026-10-10T16:33:39.116519848+08:00","Action":"output","Package":"github.com/hashicorp/raft","Test":"TestAssuranceConfigPersistControl","Output":"2026-10-10T16:33:39.116+0800 [INFO]  pre-vote successful, starting election: term=2 tally=1 refused=0 votesNeeded=1\n"}
{"Time":"2026-10-10T16:33:39.116526078+08:00","Action":"output","Package":"github.com/hashicorp/raft","Test":"TestAssuranceConfigPersistControl","Output":"2026-10-10T16:33:39.116+0800 [DEBUG] voting for self: term=2 id=05845d39-4364-eff6-3354-b15a1a7ef3e9\n"}
{"Time":"2026-10-10T16:33:39.116772998+08:00","Action":"output","Package":"github.com/hashicorp/raft","Test":"TestAssuranceConfigPersistControl","Output":"2026-10-10T16:33:39.116+0800 [DEBUG] vote granted: from=05845d39-4364-eff6-3354-b15a1a7ef3e9 term=2 tally=1\n"}
{"Time":"2026-10-10T16:33:39.116838974+08:00","Action":"output","Package":"github.com/hashicorp/raft","Test":"TestAssuranceConfigPersistControl","Output":"2026-10-10T16:33:39.116+0800 [INFO]  election won: term=2 tally=1\n"}
{"Time":"2026-10-10T16:33:39.11684581+08:00","Action":"output","Package":"github.com/hashicorp/raft","Test":"TestAssuranceConfigPersistControl","Output":"2026-10-10T16:33:39.116+0800 [INFO]  entering leader state: leader=\"Node at 05845d39-4364-eff6-3354-b15a1a7ef3e9 [Leader]\"\n"}
{"Time":"2026-10-10T16:33:39.126096503+08:00","Action":"output","Package":"github.com/hashicorp/raft","Test":"TestAssuranceConfigPersistControl","Output":"2026-10-10T16:33:39.125+0800 [INFO]  updating configuration: command=AddVoter server-id=phantom server-addr=phantom-addr servers=\"[{Suffrage:Voter ID:05845d39-4364-eff6-3354-b15a1a7ef3e9 Address:05845d39-4364-eff6-3354-b15a1a7ef3e9} {Suffrage:Voter ID:phantom Address:phantom-addr}]\"\n"}
{"Time":"2026-10-10T16:33:39.126130703+08:00","Action":"output","Package":"github.com/hashicorp/raft","Test":"TestAssuranceConfigPersistControl","Output":"2026-10-10T16:33:39.125+0800 [INFO]  added peer, starting replication: peer=phantom\n"}
{"Time":"2026-10-10T16:33:39.126135931+08:00","Action":"output","Package":"github.com/hashicorp/raft","Test":"TestAssuranceConfigPersistControl","Output":"CA_EVENT {\"add_voter_error\":\"\\u003cnil\\u003e\",\"assigned_config_index\":4,\"config_servers_after\":[\"05845d39-4364-eff6-3354-b15a1a7ef3e9/05845d39-4364-eff6-3354-b15a1a7ef3e9/Voter\",\"phantom/phantom-addr/Voter\"],\"config_servers_before\":[\"05845d39-4364-eff6-3354-b15a1a7ef3e9/05845d39-4364-eff6-3354-b15a1a7ef3e9/Voter\"],\"durable_last_index_after\":4,\"event\":\"config_persist_success_control\",\"getlog_at_assigned_idx_err\":\"\\u003cnil\\u003e\"}\n"}
{"Time":"2026-10-10T16:33:39.126159773+08:00","Action":"output","Package":"github.com/hashicorp/raft","Test":"TestAssuranceConfigPersistControl","Output":"--- PASS: TestAssuranceConfigPersistControl (0.09s)\n"}
{"Time":"2026-10-10T16:33:39.126164569+08:00","Action":"pass","Package":"github.com/hashicorp/raft","Test":"TestAssuranceConfigPersistControl","Elapsed":0.09}
{"Time":"2026-10-10T16:33:39.126170657+08:00","Action":"run","Package":"github.com/hashicorp/raft","Test":"TestAssuranceFollowerStoreFailure"}
{"Time":"2026-10-10T16:33:39.12617377+08:00","Action":"output","Package":"github.com/hashicorp/raft","Test":"TestAssuranceFollowerStoreFailure","Output":"=== RUN   TestAssuranceFollowerStoreFailure\n"}
{"Time":"2026-10-10T16:33:39.126179922+08:00","Action":"output","Package":"github.com/hashicorp/raft","Test":"TestAssuranceFollowerStoreFailure","Output":"2026-10-10T16:33:39.126+0800 [ERROR] failed to appendEntries to: peer=\"{Voter phantom phantom-addr}\" error=\"failed to connect to peer: phantom-addr\"\n"}
{"Time":"2026-10-10T16:33:39.126193884+08:00","Action":"output","Package":"github.com/hashicorp/raft","Test":"TestAssuranceFollowerStoreFailure","Output":"2026-10-10T16:33:39.126+0800 [INFO]  initial configuration: index=1 servers=\"[{Suffrage:Voter ID:22c5d5fa-6e80-ac48-f700-f278b4d86309 Address:22c5d5fa-6e80-ac48-f700-f278b4d86309} {Suffrage:Voter ID:489f0607-5ea5-e889-250c-5cd2c725defa Address:489f0607-5ea5-e889-250c-5cd2c725defa}]\"\n"}
{"Time":"2026-10-10T16:33:39.126305898+08:00","Action":"output","Package":"github.com/hashicorp/raft","Test":"TestAssuranceFollowerStoreFailure","Output":"2026-10-10T16:33:39.126+0800 [INFO]  initial configuration: index=1 servers=\"[{Suffrage:Voter ID:22c5d5fa-6e80-ac48-f700-f278b4d86309 Address:22c5d5fa-6e80-ac48-f700-f278b4d86309} {Suffrage:Voter ID:489f0607-5ea5-e889-250c-5cd2c725defa Address:489f0607-5ea5-e889-250c-5cd2c725defa}]\"\n"}
{"Time":"2026-10-10T16:33:39.1263291+08:00","Action":"output","Package":"github.com/hashicorp/raft","Test":"TestAssuranceFollowerStoreFailure","Output":"2026-10-10T16:33:39.126+0800 [INFO]  entering follower state: follower=\"Node at 22c5d5fa-6e80-ac48-f700-f278b4d86309 [Follower]\" leader-address= leader-id=\n"}
{"Time":"2026-10-10T16:33:39.126333534+08:00","Action":"output","Package":"github.com/hashicorp/raft","Test":"TestAssuranceFollowerStoreFailure","Output":"2026-10-10T16:33:39.126+0800 [INFO]  entering follower state: follower=\"Node at 489f0607-5ea5-e889-250c-5cd2c725defa [Follower]\" leader-address= leader-id=\n"}
{"Time":"2026-10-10T16:33:39.214761418+08:00","Action":"output","Package":"github.com/hashicorp/raft","Test":"TestAssuranceFollowerStoreFailure","Output":"2026-10-10T16:33:39.214+0800 [WARN]  heartbeat timeout reached, starting election: last-leader-addr= last-leader-id=\n"}
{"Time":"2026-10-10T16:33:39.214830067+08:00","Action":"output","Package":"github.com/hashicorp/raft","Test":"TestAssuranceFollowerStoreFailure","Output":"2026-10-10T16:33:39.214+0800 [INFO]  entering candidate state: node=\"Node at 22c5d5fa-6e80-ac48-f700-f278b4d86309 [Candidate]\" term=2\n"}
{"Time":"2026-10-10T16:33:39.214847556+08:00","Action":"output","Package":"github.com/hashicorp/raft","Test":"TestAssuranceFollowerStoreFailure","Output":"2026-10-10T16:33:39.214+0800 [DEBUG] pre-voting for self: term=2 id=22c5d5fa-6e80-ac48-f700-f278b4d86309\n"}
{"Time":"2026-10-10T16:33:39.214860005+08:00","Action":"output","Package":"github.com/hashicorp/raft","Test":"TestAssuranceFollowerStoreFailure","Output":"2026-10-10T16:33:39.214+0800 [DEBUG] asking for pre-vote: term=2 from=489f0607-5ea5-e889-250c-5cd2c725defa address=489f0607-5ea5-e889-250c-5cd2c725defa\n"}
{"Time":"2026-10-10T16:33:39.214870313+08:00","Action":"output","Package":"github.com/hashicorp/raft","Test":"TestAssuranceFollowerStoreFailure","Output":"2026-10-10T16:33:39.214+0800 [DEBUG] calculated votes needed: needed=2 term=2\n"}
{"Time":"2026-10-10T16:33:39.214879705+08:00","Action":"output","Package":"github.com/hashicorp/raft","Test":"TestAssuranceFollowerStoreFailure","Output":"2026-10-10T16:33:39.214+0800 [DEBUG] pre-vote received: from=22c5d5fa-6e80-ac48-f700-f278b4d86309 term=2 tally=0\n"}
{"Time":"2026-10-10T16:33:39.214901924+08:00","Action":"output","Package":"github.com/hashicorp/raft","Test":"TestAssuranceFollowerStoreFailure","Output":"2026-10-10T16:33:39.214+0800 [DEBUG] pre-vote granted: from=22c5d5fa-6e80-ac48-f700-f278b4d86309 term=2 tally=1\n"}
{"Time":"2026-10-10T16:33:39.214910711+08:00","Action":"output","Package":"github.com/hashicorp/raft","Test":"TestAssuranceFollowerStoreFailure","Output":"2026-10-10T16:33:39.214+0800 [DEBUG] received a requestPreVote with a newer term, grant the pre-vote\n"}
{"Time":"2026-10-10T16:33:39.214918827+08:00","Action":"output","Package":"github.com/hashicorp/raft","Test":"TestAssuranceFollowerStoreFailure","Output":"2026-10-10T16:33:39.214+0800 [DEBUG] pre-vote received: from=489f0607-5ea5-e889-250c-5cd2c725defa term=2 tally=1\n"}
{"Time":"2026-10-10T16:33:39.214927308+08:00","Action":"output","Package":"github.com/hashicorp/raft","Test":"TestAssuranceFollowerStoreFailure","Output":"2026-10-10T16:33:39.214+0800 [DEBUG] pre-vote granted: from=489f0607-5ea5-e889-250c-5cd2c725defa term=2 tally=2\n"}
{"Time":"2026-10-10T16:33:39.214935405+08:00","Action":"output","Package":"github.com/hashicorp/raft","Test":"TestAssuranceFollowerStoreFailure","Output":"2026-10-10T16:33:39.214+0800 [INFO]  pre-vote successful, starting election: term=2 tally=2 refused=0 votesNeeded=2\n"}
{"Time":"2026-10-10T16:33:39.2149433+08:00","Action":"output","Package":"github.com/hashicorp/raft","Test":"TestAssuranceFollowerStoreFailure","Output":"2026-10-10T16:33:39.214+0800 [DEBUG] voting for self: term=2 id=22c5d5fa-6e80-ac48-f700-f278b4d86309\n"}
{"Time":"2026-10-10T16:33:39.214951738+08:00","Action":"output","Package":"github.com/hashicorp/raft","Test":"TestAssuranceFollowerStoreFailure","Output":"2026-10-10T16:33:39.214+0800 [DEBUG] asking for vote: term=2 from=489f0607-5ea5-e889-250c-5cd2c725defa address=489f0607-5ea5-e889-250c-5cd2c725defa\n"}
{"Time":"2026-10-10T16:33:39.214961+08:00","Action":"output","Package":"github.com/hashicorp/raft","Test":"TestAssuranceFollowerStoreFailure","Output":"2026-10-10T16:33:39.214+0800 [DEBUG] vote granted: from=22c5d5fa-6e80-ac48-f700-f278b4d86309 term=2 tally=1\n"}
{"Time":"2026-10-10T16:33:39.214969661+08:00","Action":"output","Package":"github.com/hashicorp/raft","Test":"TestAssuranceFollowerStoreFailure","Output":"2026-10-10T16:33:39.214+0800 [DEBUG] lost leadership because received a requestVote with a newer term\n"}
{"Time":"2026-10-10T16:33:39.215084886+08:00","Action":"output","Package":"github.com/hashicorp/raft","Test":"TestAssuranceFollowerStoreFailure","Output":"2026-10-10T16:33:39.214+0800 [DEBUG] vote granted: from=489f0607-5ea5-e889-250c-5cd2c725defa term=2 tally=2\n"}
{"Time":"2026-10-10T16:33:39.215100944+08:00","Action":"output","Package":"github.com/hashicorp/raft","Test":"TestAssuranceFollowerStoreFailure","Output":"2026-10-10T16:33:39.214+0800 [INFO]  election won: term=2 tally=2\n"}
{"Time":"2026-10-10T16:33:39.215112507+08:00","Action":"output","Package":"github.com/hashicorp/raft","Test":"TestAssuranceFollowerStoreFailure","Output":"2026-10-10T16:33:39.214+0800 [INFO]  entering leader state: leader=\"Node at 22c5d5fa-6e80-ac48-f700-f278b4d86309 [Leader]\"\n"}
{"Time":"2026-10-10T16:33:39.215122232+08:00","Action":"output","Package":"github.com/hashicorp/raft","Test":"TestAssuranceFollowerStoreFailure","Output":"2026-10-10T16:33:39.214+0800 [INFO]  added peer, starting replication: peer=489f0607-5ea5-e889-250c-5cd2c725defa\n"}
{"Time":"2026-10-10T16:33:39.215185115+08:00","Action":"output","Package":"github.com/hashicorp/raft","Test":"TestAssuranceFollowerStoreFailure","Output":"2026-10-10T16:33:39.214+0800 [INFO]  pipelining replication: peer=\"{Voter 489f0607-5ea5-e889-250c-5cd2c725defa 489f0607-5ea5-e889-250c-5cd2c725defa}\"\n"}
{"Time":"2026-10-10T16:33:39.221318882+08:00","Action":"output","Package":"github.com/hashicorp/raft","Test":"TestAssuranceFollowerStoreFailure","Output":"2026-10-10T16:33:39.220+0800 [INFO]  updating configuration: command=AddVoter server-id=phantom server-addr=phantom-addr servers=\"[{Suffrage:Voter ID:22c5d5fa-6e80-ac48-f700-f278b4d86309 Address:22c5d5fa-6e80-ac48-f700-f278b4d86309} {Suffrage:Voter ID:489f0607-5ea5-e889-250c-5cd2c725defa Address:489f0607-5ea5-e889-250c-5cd2c725defa} {Suffrage:Voter ID:phantom Address:phantom-addr}]\"\n"}
{"Time":"2026-10-10T16:33:39.221385013+08:00","Action":"output","Package":"github.com/hashicorp/raft","Test":"TestAssuranceFollowerStoreFailure","Output":"2026-10-10T16:33:39.221+0800 [INFO]  added peer, starting replication: peer=phantom\n"}
{"Time":"2026-10-10T16:33:39.221896708+08:00","Action":"output","Package":"github.com/hashicorp/raft","Test":"TestAssuranceFollowerStoreFailure","Output":"2026-10-10T16:33:39.221+0800 [ERROR] failed to appendEntries to: peer=\"{Voter phantom phantom-addr}\" error=\"failed to connect to peer: phantom-addr\"\n"}
{"Time":"2026-10-10T16:33:39.221960318+08:00","Action":"output","Package":"github.com/hashicorp/raft","Test":"TestAssuranceFollowerStoreFailure","Output":"2026-10-10T16:33:39.221+0800 [ERROR] failed to append to logs: error=\"injected LogStore.StoreLogs failure\"\n"}
{"Time":"2026-10-10T16:33:39.22198002+08:00","Action":"output","Package":"github.com/hashicorp/raft","Test":"TestAssuranceFollowerStoreFailure","Output":"2026-10-10T16:33:39.221+0800 [INFO]  aborting pipeline replication: peer=\"{Voter 489f0607-5ea5-e889-250c-5cd2c725defa 489f0607-5ea5-e889-250c-5cd2c725defa}\"\n"}
{"Time":"2026-10-10T16:33:39.230710336+08:00","Action":"output","Package":"github.com/hashicorp/raft","Test":"TestAssuranceFollowerStoreFailure","Output":"2026-10-10T16:33:39.230+0800 [ERROR] failed to append to logs: error=\"injected LogStore.StoreLogs failure\"\n"}
{"Time":"2026-10-10T16:33:39.230748388+08:00","Action":"output","Package":"github.com/hashicorp/raft","Test":"TestAssuranceFollowerStoreFailure","Output":"2026-10-10T16:33:39.230+0800 [WARN]  appendEntries rejected, sending older logs: peer=\"{Voter 489f0607-5ea5-e889-250c-5cd2c725defa 489f0607-5ea5-e889-250c-5cd2c725defa}\" next=2\n"}
{"Time":"2026-10-10T16:33:39.231081805+08:00","Action":"output","Package":"github.com/hashicorp/raft","Test":"TestAssuranceFollowerStoreFailure","Output":"2026-10-10T16:33:39.230+0800 [ERROR] failed to heartbeat to: peer=phantom-addr backoff time=10ms error=\"failed to connect to peer: phantom-addr\"\n"}
{"Time":"2026-10-10T16:33:39.241783927+08:00","Action":"output","Package":"github.com/hashicorp/raft","Test":"TestAssuranceFollowerStoreFailure","Output":"2026-10-10T16:33:39.241+0800 [ERROR] failed to appendEntries to: peer=\"{Voter phantom phantom-addr}\" error=\"failed to connect to peer: phantom-addr\"\n"}
{"Time":"2026-10-10T16:33:39.242275721+08:00","Action":"output","Package":"github.com/hashicorp/raft","Test":"TestAssuranceFollowerStoreFailure","Output":"2026-10-10T16:33:39.242+0800 [ERROR] failed to append to logs: error=\"injected LogStore.StoreLogs failure\"\n"}
{"Time":"2026-10-10T16:33:39.242321832+08:00","Action":"output","Package":"github.com/hashicorp/raft","Test":"TestAssuranceFollowerStoreFailure","Output":"2026-10-10T16:33:39.242+0800 [WARN]  appendEntries rejected, sending older logs: peer=\"{Voter 489f0607-5ea5-e889-250c-5cd2c725defa 489f0607-5ea5-e889-250c-5cd2c725defa}\" next=1\n"}
{"Time":"2026-10-10T16:33:39.24979233+08:00","Action":"output","Package":"github.com/hashicorp/raft","Test":"TestAssuranceFollowerStoreFailure","Output":"2026-10-10T16:33:39.249+0800 [ERROR] failed to heartbeat to: peer=phantom-addr backoff time=10ms error=\"failed to connect to peer: phantom-addr\"\n"}
{"Time":"2026-10-10T16:33:39.253048788+08:00","Action":"output","Package":"github.com/hashicorp/raft","Test":"TestAssuranceFollowerStoreFailure","Output":"2026-10-10T16:33:39.252+0800 [ERROR] failed to append to logs: error=\"injected LogStore.StoreLogs failure\"\n"}
{"Time":"2026-10-10T16:33:39.253122768+08:00","Action":"output","Package":"github.com/hashicorp/raft","Test":"TestAssuranceFollowerStoreFailure","Output":"2026-10-10T16:33:39.252+0800 [WARN]  appendEntries rejected, sending older logs: peer=\"{Voter 489f0607-5ea5-e889-250c-5cd2c725defa 489f0607-5ea5-e889-250c-5cd2c725defa}\" next=1\n"}
{"Time":"2026-10-10T16:33:39.261659167+08:00","Action":"output","Package":"github.com/hashicorp/raft","Test":"TestAssuranceFollowerStoreFailure","Output":"2026-10-10T16:33:39.261+0800 [ERROR] failed to appendEntries to: peer=\"{Voter phantom phantom-addr}\" error=\"failed to connect to peer: phantom-addr\"\n"}
{"Time":"2026-10-10T16:33:39.272014892+08:00","Action":"output","Package":"github.com/hashicorp/raft","Test":"TestAssuranceFollowerStoreFailure","Output":"2026-10-10T16:33:39.271+0800 [ERROR] failed to heartbeat to: peer=phantom-addr backoff time=10ms error=\"failed to connect to peer: phantom-addr\"\n"}
{"Time":"2026-10-10T16:33:39.273272047+08:00","Action":"output","Package":"github.com/hashicorp/raft","Test":"TestAssuranceFollowerStoreFailure","Output":"2026-10-10T16:33:39.272+0800 [ERROR] failed to append to logs: error=\"injected LogStore.StoreLogs failure\"\n"}
{"Time":"2026-10-10T16:33:39.273343597+08:00","Action":"output","Package":"github.com/hashicorp/raft","Test":"TestAssuranceFollowerStoreFailure","Output":"2026-10-10T16:33:39.273+0800 [WARN]  appendEntries rejected, sending older logs: peer=\"{Voter 489f0607-5ea5-e889-250c-5cd2c725defa 489f0607-5ea5-e889-250c-5cd2c725defa}\" next=1\n"}
{"Time":"2026-10-10T16:33:39.275652449+08:00","Action":"output","Package":"github.com/hashicorp/raft","Test":"TestAssuranceFollowerStoreFailure","Output":"2026-10-10T16:33:39.275+0800 [WARN]  failed to contact: server-id=phantom time=54.140982ms\n"}
{"Time":"2026-10-10T16:33:39.290566581+08:00","Action":"output","Package":"github.com/hashicorp/raft","Test":"TestAssuranceFollowerStoreFailure","Output":"2026-10-10T16:33:39.290+0800 [ERROR] failed to heartbeat to: peer=phantom-addr backoff time=20ms error=\"failed to connect to peer: phantom-addr\"\n"}
{"Time":"2026-10-10T16:33:39.291845401+08:00","Action":"output","Package":"github.com/hashicorp/raft","Test":"TestAssuranceFollowerStoreFailure","Output":"2026-10-10T16:33:39.291+0800 [ERROR] failed to appendEntries to: peer=\"{Voter phantom phantom-addr}\" error=\"failed to connect to peer: phantom-addr\"\n"}
{"Time":"2026-10-10T16:33:39.314298434+08:00","Action":"output","Package":"github.com/hashicorp/raft","Test":"TestAssuranceFollowerStoreFailure","Output":"2026-10-10T16:33:39.313+0800 [ERROR] failed to append to logs: error=\"injected LogStore.StoreLogs failure\"\n"}
{"Time":"2026-10-10T16:33:39.31483459+08:00","Action":"output","Package":"github.com/hashicorp/raft","Test":"TestAssuranceFollowerStoreFailure","Output":"2026-10-10T16:33:39.314+0800 [WARN]  appendEntries rejected, sending older logs: peer=\"{Voter 489f0607-5ea5-e889-250c-5cd2c725defa 489f0607-5ea5-e889-250c-5cd2c725defa}\" next=1\n"}
{"Time":"2026-10-10T16:33:39.322217313+08:00","Action":"output","Package":"github.com/hashicorp/raft","Test":"TestAssuranceFollowerStoreFailure","Output":"2026-10-10T16:33:39.321+0800 [ERROR] failed to heartbeat to: peer=phantom-addr backoff time=25ms error=\"failed to connect to peer: phantom-addr\"\n"}
{"Time":"2026-10-10T16:33:39.323614133+08:00","Action":"output","Package":"github.com/hashicorp/raft","Test":"TestAssuranceFollowerStoreFailure","Output":"2026-10-10T16:33:39.323+0800 [WARN]  failed to contact: server-id=phantom time=102.031972ms\n"}
{"Time":"2026-10-10T16:33:39.34165837+08:00","Action":"output","Package":"github.com/hashicorp/raft","Test":"TestAssuranceFollowerStoreFailure","Output":"2026-10-10T16:33:39.341+0800 [ERROR] failed to appendEntries to: peer=\"{Voter phantom phantom-addr}\" error=\"failed to connect to peer: phantom-addr\"\n"}
{"Time":"2026-10-10T16:33:39.358994509+08:00","Action":"output","Package":"github.com/hashicorp/raft","Test":"TestAssuranceFollowerStoreFailure","Output":"2026-10-10T16:33:39.358+0800 [ERROR] failed to heartbeat to: peer=phantom-addr backoff time=25ms error=\"failed to connect to peer: phantom-addr\"\n"}
{"Time":"2026-10-10T16:33:39.375576286+08:00","Action":"output","Package":"github.com/hashicorp/raft","Test":"TestAssuranceFollowerStoreFailure","Output":"2026-10-10T16:33:39.374+0800 [DEBUG] failed to contact: server-id=phantom time=153.304907ms\n"}
{"Time":"2026-10-10T16:33:39.39409371+08:00","Action":"output","Package":"github.com/hashicorp/raft","Test":"TestAssuranceFollowerStoreFailure","Output":"2026-10-10T16:33:39.393+0800 [ERROR] failed to heartbeat to: peer=phantom-addr backoff time=25ms error=\"failed to connect to peer: phantom-addr\"\n"}
{"Time":"2026-10-10T16:33:39.396082291+08:00","Action":"output","Package":"github.com/hashicorp/raft","Test":"TestAssuranceFollowerStoreFailure","Output":"2026-10-10T16:33:39.395+0800 [ERROR] failed to append to logs: error=\"injected LogStore.StoreLogs failure\"\n"}
{"Time":"2026-10-10T16:33:39.396446357+08:00","Action":"output","Package":"github.com/hashicorp/raft","Test":"TestAssuranceFollowerStoreFailure","Output":"2026-10-10T16:33:39.395+0800 [WARN]  appendEntries rejected, sending older logs: peer=\"{Voter 489f0607-5ea5-e889-250c-5cd2c725defa 489f0607-5ea5-e889-250c-5cd2c725defa}\" next=1\n"}
{"Time":"2026-10-10T16:33:39.418265981+08:00","Action":"output","Package":"github.com/hashicorp/raft","Test":"TestAssuranceFollowerStoreFailure","Output":"2026-10-10T16:33:39.417+0800 [DEBUG] failed to contact: server-id=phantom time=196.603178ms\n"}
{"Time":"2026-10-10T16:33:39.428600598+08:00","Action":"output","Package":"github.com/hashicorp/raft","Test":"TestAssuranceFollowerStoreFailure","Output":"2026-10-10T16:33:39.427+0800 [ERROR] failed to heartbeat to: peer=phantom-addr backoff time=25ms error=\"failed to connect to peer: phantom-addr\"\n"}
{"Time":"2026-10-10T16:33:39.431887603+08:00","Action":"output","Package":"github.com/hashicorp/raft","Test":"TestAssuranceFollowerStoreFailure","Output":"2026-10-10T16:33:39.431+0800 [ERROR] failed to appendEntries to: peer=\"{Voter phantom phantom-addr}\" error=\"failed to connect to peer: phantom-addr\"\n"}
{"Time":"2026-10-10T16:33:39.459374105+08:00","Action":"output","Package":"github.com/hashicorp/raft","Test":"TestAssuranceFollowerStoreFailure","Output":"2026-10-10T16:33:39.459+0800 [ERROR] failed to heartbeat to: peer=phantom-addr backoff time=25ms error=\"failed to connect to peer: phantom-addr\"\n"}
{"Time":"2026-10-10T16:33:39.462948455+08:00","Action":"output","Package":"github.com/hashicorp/raft","Test":"TestAssuranceFollowerStoreFailure","Output":"2026-10-10T16:33:39.462+0800 [DEBUG] failed to contact: server-id=phantom time=241.246019ms\n"}
{"Time":"2026-10-10T16:33:39.493522346+08:00","Action":"output","Package":"github.com/hashicorp/raft","Test":"TestAssuranceFollowerStoreFailure","Output":"2026-10-10T16:33:39.493+0800 [ERROR] failed to heartbeat to: peer=phantom-addr backoff time=25ms error=\"failed to connect to peer: phantom-addr\"\n"}
{"Time":"2026-10-10T16:33:39.506245449+08:00","Action":"output","Package":"github.com/hashicorp/raft","Test":"TestAssuranceFollowerStoreFailure","Output":"2026-10-10T16:33:39.506+0800 [DEBUG] failed to contact: server-id=phantom time=284.74089ms\n"}
{"Time":"2026-10-10T16:33:39.52576085+08:00","Action":"output","Package":"github.com/hashicorp/raft","Test":"TestAssuranceFollowerStoreFailure","Output":"2026-10-10T16:33:39.525+0800 [ERROR] failed to heartbeat to: peer=phantom-addr backoff time=25ms error=\"failed to connect to peer: phantom-addr\"\n"}
{"Time":"2026-10-10T16:33:39.547813024+08:00","Action":"output","Package":"github.com/hashicorp/raft","Test":"TestAssuranceFollowerStoreFailure","Output":"2026-10-10T16:33:39.547+0800 [DEBUG] failed to contact: server-id=phantom time=326.287775ms\n"}
{"Time":"2026-10-10T16:33:39.55765745+08:00","Action":"output","Package":"github.com/hashicorp/raft","Test":"TestAssuranceFollowerStoreFailure","Output":"2026-10-10T16:33:39.557+0800 [ERROR] failed to append to logs: error=\"injected LogStore.StoreLogs failure\"\n"}
{"Time":"2026-10-10T16:33:39.557761857+08:00","Action":"output","Package":"github.com/hashicorp/raft","Test":"TestAssuranceFollowerStoreFailure","Output":"2026-10-10T16:33:39.557+0800 [WARN]  appendEntries rejected, sending older logs: peer=\"{Voter 489f0607-5ea5-e889-250c-5cd2c725defa 489f0607-5ea5-e889-250c-5cd2c725defa}\" next=1\n"}
{"Time":"2026-10-10T16:33:39.558934761+08:00","Action":"output","Package":"github.com/hashicorp/raft","Test":"TestAssuranceFollowerStoreFailure","Output":"2026-10-10T16:33:39.558+0800 [ERROR] failed to heartbeat to: peer=phantom-addr backoff time=25ms error=\"failed to connect to peer: phantom-addr\"\n"}
{"Time":"2026-10-10T16:33:39.595502302+08:00","Action":"output","Package":"github.com/hashicorp/raft","Test":"TestAssuranceFollowerStoreFailure","Output":"2026-10-10T16:33:39.594+0800 [DEBUG] failed to contact: server-id=phantom time=373.18047ms\n"}
{"Time":"2026-10-10T16:33:39.595924338+08:00","Action":"output","Package":"github.com/hashicorp/raft","Test":"TestAssuranceFollowerStoreFailure","Output":"2026-10-10T16:33:39.595+0800 [ERROR] failed to heartbeat to: peer=phantom-addr backoff time=25ms error=\"failed to connect to peer: phantom-addr\"\n"}
{"Time":"2026-10-10T16:33:39.599505522+08:00","Action":"output","Package":"github.com/hashicorp/raft","Test":"TestAssuranceFollowerStoreFailure","Output":"2026-10-10T16:33:39.599+0800 [ERROR] failed to appendEntries to: peer=\"{Voter phantom phantom-addr}\" error=\"failed to connect to peer: phantom-addr\"\n"}
{"Time":"2026-10-10T16:33:39.632536717+08:00","Action":"output","Package":"github.com/hashicorp/raft","Test":"TestAssuranceFollowerStoreFailure","Output":"2026-10-10T16:33:39.632+0800 [ERROR] failed to heartbeat to: peer=phantom-addr backoff time=25ms error=\"failed to connect to peer: phantom-addr\"\n"}
{"Time":"2026-10-10T16:33:39.64255344+08:00","Action":"output","Package":"github.com/hashicorp/raft","Test":"TestAssuranceFollowerStoreFailure","Output":"2026-10-10T16:33:39.642+0800 [DEBUG] failed to contact: server-id=phantom time=420.749276ms\n"}
{"Time":"2026-10-10T16:33:39.667014305+08:00","Action":"output","Package":"github.com/hashicorp/raft","Test":"TestAssuranceFollowerStoreFailure","Output":"2026-10-10T16:33:39.666+0800 [ERROR] failed to heartbeat to: peer=phantom-addr backoff time=25ms error=\"failed to connect to peer: phantom-addr\"\n"}
{"Time":"2026-10-10T16:33:39.686723415+08:00","Action":"output","Package":"github.com/hashicorp/raft","Test":"TestAssuranceFollowerStoreFailure","Output":"2026-10-10T16:33:39.686+0800 [DEBUG] failed to contact: server-id=phantom time=465.052837ms\n"}
{"Time":"2026-10-10T16:33:39.701139807+08:00","Action":"output","Package":"github.com/hashicorp/raft","Test":"TestAssuranceFollowerStoreFailure","Output":"2026-10-10T16:33:39.700+0800 [ERROR] failed to heartbeat to: peer=phantom-addr backoff time=25ms error=\"failed to connect to peer: phantom-addr\"\n"}
{"Time":"2026-10-10T16:33:39.730734594+08:00","Action":"output","Package":"github.com/hashicorp/raft","Test":"TestAssuranceFollowerStoreFailure","Output":"2026-10-10T16:33:39.730+0800 [DEBUG] failed to contact: server-id=phantom time=509.133045ms\n"}
{"Time":"2026-10-10T16:33:39.737595331+08:00","Action":"output","Package":"github.com/hashicorp/raft","Test":"TestAssuranceFollowerStoreFailure","Output":"2026-10-10T16:33:39.736+0800 [ERROR] failed to heartbeat to: peer=phantom-addr backoff time=25ms error=\"failed to connect to peer: phantom-addr\"\n"}
{"Time":"2026-10-10T16:33:39.77152682+08:00","Action":"output","Package":"github.com/hashicorp/raft","Test":"TestAssuranceFollowerStoreFailure","Output":"2026-10-10T16:33:39.771+0800 [ERROR] failed to heartbeat to: peer=phantom-addr backoff time=25ms error=\"failed to connect to peer: phantom-addr\"\n"}
{"Time":"2026-10-10T16:33:39.774079248+08:00","Action":"output","Package":"github.com/hashicorp/raft","Test":"TestAssuranceFollowerStoreFailure","Output":"2026-10-10T16:33:39.773+0800 [DEBUG] failed to contact: server-id=phantom time=552.605393ms\n"}
{"Time":"2026-10-10T16:33:39.803575262+08:00","Action":"output","Package":"github.com/hashicorp/raft","Test":"TestAssuranceFollowerStoreFailure","Output":"2026-10-10T16:33:39.803+0800 [ERROR] failed to heartbeat to: peer=phantom-addr backoff time=25ms error=\"failed to connect to peer: phantom-addr\"\n"}
{"Time":"2026-10-10T16:33:39.818518048+08:00","Action":"output","Package":"github.com/hashicorp/raft","Test":"TestAssuranceFollowerStoreFailure","Output":"2026-10-10T16:33:39.818+0800 [DEBUG] failed to contact: server-id=phantom time=596.742672ms\n"}
{"Time":"2026-10-10T16:33:39.822386854+08:00","Action":"output","Package":"github.com/hashicorp/raft","Test":"TestAssuranceFollowerStoreFailure","Output":"CA_EVENT {\"event\":\"follower_store_failure\",\"follower_durable_after\":2,\"follower_durable_before\":2,\"follower_last_index\":2,\"follower_published_phantom\":false,\"follower_servers_after\":[\"22c5d5fa-6e80-ac48-f700-f278b4d86309/22c5d5fa-6e80-ac48-f700-f278b4d86309/Voter\",\"489f0607-5ea5-e889-250c-5cd2c725defa/489f0607-5ea5-e889-250c-5cd2c725defa/Voter\"],\"follower_servers_before\":[\"22c5d5fa-6e80-ac48-f700-f278b4d86309/22c5d5fa-6e80-ac48-f700-f278b4d86309/Voter\",\"489f0607-5ea5-e889-250c-5cd2c725defa/489f0607-5ea5-e889-250c-5cd2c725defa/Voter\"],\"follower_state\":\"Follower\",\"node\":\"489f0607-5ea5-e889-250c-5cd2c725defa\",\"store_log_attempts\":8,\"store_log_failures\":8}\n"}
{"Time":"2026-10-10T16:33:39.82247372+08:00","Action":"output","Package":"github.com/hashicorp/raft","Test":"TestAssuranceFollowerStoreFailure","Output":"--- PASS: TestAssuranceFollowerStoreFailure (0.70s)\n"}
{"Time":"2026-10-10T16:33:39.822501426+08:00","Action":"pass","Package":"github.com/hashicorp/raft","Test":"TestAssuranceFollowerStoreFailure","Elapsed":0.7}
{"Time":"2026-10-10T16:33:39.82253318+08:00","Action":"run","Package":"github.com/hashicorp/raft","Test":"TestAssuranceTruncationThenStoreFailure"}
{"Time":"2026-10-10T16:33:39.822545774+08:00","Action":"output","Package":"github.com/hashicorp/raft","Test":"TestAssuranceTruncationThenStoreFailure","Output":"=== RUN   TestAssuranceTruncationThenStoreFailure\n"}
{"Time":"2026-10-10T16:33:39.822558267+08:00","Action":"output","Package":"github.com/hashicorp/raft","Test":"TestAssuranceTruncationThenStoreFailure","Output":"2026-10-10T16:33:39.822+0800 [ERROR] failed to appendEntries to: peer=\"{Voter phantom phantom-addr}\" error=\"failed to connect to peer: phantom-addr\"\n"}
{"Time":"2026-10-10T16:33:39.823355584+08:00","Action":"output","Package":"github.com/hashicorp/raft","Test":"TestAssuranceTruncationThenStoreFailure","Output":"2026-10-10T16:33:39.823+0800 [INFO]  initial configuration: index=1 servers=\"[{Suffrage:Voter ID:3b52f6c6-2aa0-9b7b-9346-1f34fbe17763 Address:3b52f6c6-2aa0-9b7b-9346-1f34fbe17763}]\"\n"}
{"Time":"2026-10-10T16:33:39.823517259+08:00","Action":"output","Package":"github.com/hashicorp/raft","Test":"TestAssuranceTruncationThenStoreFailure","Output":"2026-10-10T16:33:39.823+0800 [INFO]  entering follower state: follower=\"Node at 3b52f6c6-2aa0-9b7b-9346-1f34fbe17763 [Follower]\" leader-address= leader-id=\n"}
{"Time":"2026-10-10T16:33:39.885248196+08:00","Action":"output","Package":"github.com/hashicorp/raft","Test":"TestAssuranceTruncationThenStoreFailure","Output":"2026-10-10T16:33:39.884+0800 [WARN]  heartbeat timeout reached, starting election: last-leader-addr= last-leader-id=\n"}
{"Time":"2026-10-10T16:33:39.885354275+08:00","Action":"output","Package":"github.com/hashicorp/raft","Test":"TestAssuranceTruncationThenStoreFailure","Output":"2026-10-10T16:33:39.884+0800 [INFO]  entering candidate state: node=\"Node at 3b52f6c6-2aa0-9b7b-9346-1f34fbe17763 [Candidate]\" term=2\n"}
{"Time":"2026-10-10T16:33:39.885384721+08:00","Action":"output","Package":"github.com/hashicorp/raft","Test":"TestAssuranceTruncationThenStoreFailure","Output":"2026-10-10T16:33:39.884+0800 [DEBUG] pre-voting for self: term=2 id=3b52f6c6-2aa0-9b7b-9346-1f34fbe17763\n"}
{"Time":"2026-10-10T16:33:39.885406463+08:00","Action":"output","Package":"github.com/hashicorp/raft","Test":"TestAssuranceTruncationThenStoreFailure","Output":"2026-10-10T16:33:39.884+0800 [DEBUG] calculated votes needed: needed=1 term=2\n"}
{"Time":"2026-10-10T16:33:39.885425731+08:00","Action":"output","Package":"github.com/hashicorp/raft","Test":"TestAssuranceTruncationThenStoreFailure","Output":"2026-10-10T16:33:39.885+0800 [DEBUG] pre-vote received: from=3b52f6c6-2aa0-9b7b-9346-1f34fbe17763 term=2 tally=0\n"}
{"Time":"2026-10-10T16:33:39.885441569+08:00","Action":"output","Package":"github.com/hashicorp/raft","Test":"TestAssuranceTruncationThenStoreFailure","Output":"2026-10-10T16:33:39.885+0800 [DEBUG] pre-vote granted: from=3b52f6c6-2aa0-9b7b-9346-1f34fbe17763 term=2 tally=1\n"}
{"Time":"2026-10-10T16:33:39.885458017+08:00","Action":"output","Package":"github.com/hashicorp/raft","Test":"TestAssuranceTruncationThenStoreFailure","Output":"2026-10-10T16:33:39.885+0800 [INFO]  pre-vote successful, starting election: term=2 tally=1 refused=0 votesNeeded=1\n"}
{"Time":"2026-10-10T16:33:39.885488472+08:00","Action":"output","Package":"github.com/hashicorp/raft","Test":"TestAssuranceTruncationThenStoreFailure","Output":"2026-10-10T16:33:39.885+0800 [DEBUG] voting for self: term=2 id=3b52f6c6-2aa0-9b7b-9346-1f34fbe17763\n"}
{"Time":"2026-10-10T16:33:39.885505545+08:00","Action":"output","Package":"github.com/hashicorp/raft","Test":"TestAssuranceTruncationThenStoreFailure","Output":"2026-10-10T16:33:39.885+0800 [DEBUG] vote granted: from=3b52f6c6-2aa0-9b7b-9346-1f34fbe17763 term=2 tally=1\n"}
{"Time":"2026-10-10T16:33:39.885526197+08:00","Action":"output","Package":"github.com/hashicorp/raft","Test":"TestAssuranceTruncationThenStoreFailure","Output":"2026-10-10T16:33:39.885+0800 [INFO]  election won: term=2 tally=1\n"}
{"Time":"2026-10-10T16:33:39.88554362+08:00","Action":"output","Package":"github.com/hashicorp/raft","Test":"TestAssuranceTruncationThenStoreFailure","Output":"2026-10-10T16:33:39.885+0800 [INFO]  entering leader state: leader=\"Node at 3b52f6c6-2aa0-9b7b-9346-1f34fbe17763 [Leader]\"\n"}
{"Time":"2026-10-10T16:33:39.888607018+08:00","Action":"output","Package":"github.com/hashicorp/raft","Test":"TestAssuranceTruncationThenStoreFailure","Output":"2026-10-10T16:33:39.886+0800 [WARN]  clearing log suffix: from=2 to=4\n"}
{"Time":"2026-10-10T16:33:39.888713486+08:00","Action":"output","Package":"github.com/hashicorp/raft","Test":"TestAssuranceTruncationThenStoreFailure","Output":"2026-10-10T16:33:39.886+0800 [ERROR] failed to append to logs: error=\"injected LogStore.StoreLogs failure\"\n"}
{"Time":"2026-10-10T16:33:39.888745061+08:00","Action":"output","Package":"github.com/hashicorp/raft","Test":"TestAssuranceTruncationThenStoreFailure","Output":"CA_EVENT {\"append_success\":false,\"cached_ahead_of_durable\":true,\"cached_last_index_after\":4,\"cached_last_index_before\":4,\"durable_last_index_after\":1,\"durable_last_index_before\":4,\"event\":\"truncation_then_store_failure\",\"getlog_at_cached_err\":\"log not found\",\"reported_last_index\":4,\"state\":\"Follower\"}\n"}
{"Time":"2026-10-10T16:33:39.888791819+08:00","Action":"output","Package":"github.com/hashicorp/raft","Test":"TestAssuranceTruncationThenStoreFailure","Output":"--- PASS: TestAssuranceTruncationThenStoreFailure (0.06s)\n"}
{"Time":"2026-10-10T16:33:39.888812799+08:00","Action":"pass","Package":"github.com/hashicorp/raft","Test":"TestAssuranceTruncationThenStoreFailure","Elapsed":0.06}
{"Time":"2026-10-10T16:33:39.888841774+08:00","Action":"run","Package":"github.com/hashicorp/raft","Test":"TestAssuranceRealProducerTruncation"}
{"Time":"2026-10-10T16:33:39.888857678+08:00","Action":"output","Package":"github.com/hashicorp/raft","Test":"TestAssuranceRealProducerTruncation","Output":"=== RUN   TestAssuranceRealProducerTruncation\n"}
{"Time":"2026-10-10T16:33:39.888875745+08:00","Action":"output","Package":"github.com/hashicorp/raft","Test":"TestAssuranceRealProducerTruncation","Output":"2026-10-10T16:33:39.887+0800 [INFO]  initial configuration: index=1 servers=\"[{Suffrage:Voter ID:6bca43eb-ad5d-cff8-baaa-2e42d530e85d Address:6bca43eb-ad5d-cff8-baaa-2e42d530e85d} {Suffrage:Voter ID:edaf4e4e-462b-c068-d048-88b4f62b94a8 Address:edaf4e4e-462b-c068-d048-88b4f62b94a8} {Suffrage:Voter ID:0be055a6-c9ca-3c5c-14ae-135210ab2564 Address:0be055a6-c9ca-3c5c-14ae-135210ab2564}]\"\n"}
{"Time":"2026-10-10T16:33:39.888895965+08:00","Action":"output","Package":"github.com/hashicorp/raft","Test":"TestAssuranceRealProducerTruncation","Output":"2026-10-10T16:33:39.887+0800 [INFO]  initial configuration: index=1 servers=\"[{Suffrage:Voter ID:6bca43eb-ad5d-cff8-baaa-2e42d530e85d Address:6bca43eb-ad5d-cff8-baaa-2e42d530e85d} {Suffrage:Voter ID:edaf4e4e-462b-c068-d048-88b4f62b94a8 Address:edaf4e4e-462b-c068-d048-88b4f62b94a8} {Suffrage:Voter ID:0be055a6-c9ca-3c5c-14ae-135210ab2564 Address:0be055a6-c9ca-3c5c-14ae-135210ab2564}]\"\n"}
{"Time":"2026-10-10T16:33:39.888913046+08:00","Action":"output","Package":"github.com/hashicorp/raft","Test":"TestAssuranceRealProducerTruncation","Output":"2026-10-10T16:33:39.888+0800 [INFO]  entering follower state: follower=\"Node at 6bca43eb-ad5d-cff8-baaa-2e42d530e85d [Follower]\" leader-address= leader-id=\n"}
{"Time":"2026-10-10T16:33:39.888930446+08:00","Action":"output","Package":"github.com/hashicorp/raft","Test":"TestAssuranceRealProducerTruncation","Output":"2026-10-10T16:33:39.888+0800 [INFO]  initial configuration: index=1 servers=\"[{Suffrage:Voter ID:6bca43eb-ad5d-cff8-baaa-2e42d530e85d Address:6bca43eb-ad5d-cff8-baaa-2e42d530e85d} {Suffrage:Voter ID:edaf4e4e-462b-c068-d048-88b4f62b94a8 Address:edaf4e4e-462b-c068-d048-88b4f62b94a8} {Suffrage:Voter ID:0be055a6-c9ca-3c5c-14ae-135210ab2564 Address:0be055a6-c9ca-3c5c-14ae-135210ab2564}]\"\n"}
{"Time":"2026-10-10T16:33:39.888949253+08:00","Action":"output","Package":"github.com/hashicorp/raft","Test":"TestAssuranceRealProducerTruncation","Output":"2026-10-10T16:33:39.888+0800 [INFO]  entering follower state: follower=\"Node at edaf4e4e-462b-c068-d048-88b4f62b94a8 [Follower]\" leader-address= leader-id=\n"}
{"Time":"2026-10-10T16:33:39.888965515+08:00","Action":"output","Package":"github.com/hashicorp/raft","Test":"TestAssuranceRealProducerTruncation","Output":"2026-10-10T16:33:39.888+0800 [INFO]  entering follower state: follower=\"Node at 0be055a6-c9ca-3c5c-14ae-135210ab2564 [Follower]\" leader-address= leader-id=\n"}
{"Time":"2026-10-10T16:33:39.944146662+08:00","Action":"output","Package":"github.com/hashicorp/raft","Test":"TestAssuranceRealProducerTruncation","Output":"2026-10-10T16:33:39.943+0800 [WARN]  heartbeat timeout reached, starting election: last-leader-addr= last-leader-id=\n"}
{"Time":"2026-10-10T16:33:39.944294854+08:00","Action":"output","Package":"github.com/hashicorp/raft","Test":"TestAssuranceRealProducerTruncation","Output":"2026-10-10T16:33:39.943+0800 [INFO]  entering candidate state: node=\"Node at edaf4e4e-462b-c068-d048-88b4f62b94a8 [Candidate]\" term=2\n"}
{"Time":"2026-10-10T16:33:39.944324294+08:00","Action":"output","Package":"github.com/hashicorp/raft","Test":"TestAssuranceRealProducerTruncation","Output":"2026-10-10T16:33:39.943+0800 [DEBUG] asking for pre-vote: term=2 from=6bca43eb-ad5d-cff8-baaa-2e42d530e85d address=6bca43eb-ad5d-cff8-baaa-2e42d530e85d\n"}
{"Time":"2026-10-10T16:33:39.944345222+08:00","Action":"output","Package":"github.com/hashicorp/raft","Test":"TestAssuranceRealProducerTruncation","Output":"2026-10-10T16:33:39.943+0800 [DEBUG] pre-voting for self: term=2 id=edaf4e4e-462b-c068-d048-88b4f62b94a8\n"}
{"Time":"2026-10-10T16:33:39.94436177+08:00","Action":"output","Package":"github.com/hashicorp/raft","Test":"TestAssuranceRealProducerTruncation","Output":"2026-10-10T16:33:39.943+0800 [DEBUG] asking for pre-vote: term=2 from=0be055a6-c9ca-3c5c-14ae-135210ab2564 address=0be055a6-c9ca-3c5c-14ae-135210ab2564\n"}
{"Time":"2026-10-10T16:33:39.9443775+08:00","Action":"output","Package":"github.com/hashicorp/raft","Test":"TestAssuranceRealProducerTruncation","Output":"2026-10-10T16:33:39.943+0800 [DEBUG] calculated votes needed: needed=2 term=2\n"}
{"Time":"2026-10-10T16:33:39.944394011+08:00","Action":"output","Package":"github.com/hashicorp/raft","Test":"TestAssuranceRealProducerTruncation","Output":"2026-10-10T16:33:39.943+0800 [DEBUG] pre-vote received: from=edaf4e4e-462b-c068-d048-88b4f62b94a8 term=2 tally=0\n"}
{"Time":"2026-10-10T16:33:39.944410835+08:00","Action":"output","Package":"github.com/hashicorp/raft","Test":"TestAssuranceRealProducerTruncation","Output":"2026-10-10T16:33:39.943+0800 [DEBUG] pre-vote granted: from=edaf4e4e-462b-c068-d048-88b4f62b94a8 term=2 tally=1\n"}
{"Time":"2026-10-10T16:33:39.944425843+08:00","Action":"output","Package":"github.com/hashicorp/raft","Test":"TestAssuranceRealProducerTruncation","Output":"2026-10-10T16:33:39.943+0800 [DEBUG] received a requestPreVote with a newer term, grant the pre-vote\n"}
{"Time":"2026-10-10T16:33:39.944440003+08:00","Action":"output","Package":"github.com/hashicorp/raft","Test":"TestAssuranceRealProducerTruncation","Output":"2026-10-10T16:33:39.943+0800 [DEBUG] pre-vote received: from=6bca43eb-ad5d-cff8-baaa-2e42d530e85d term=2 tally=1\n"}
{"Time":"2026-10-10T16:33:39.944453389+08:00","Action":"output","Package":"github.com/hashicorp/raft","Test":"TestAssuranceRealProducerTruncation","Output":"2026-10-10T16:33:39.943+0800 [DEBUG] pre-vote granted: from=6bca43eb-ad5d-cff8-baaa-2e42d530e85d term=2 tally=2\n"}
{"Time":"2026-10-10T16:33:39.94446714+08:00","Action":"output","Package":"github.com/hashicorp/raft","Test":"TestAssuranceRealProducerTruncation","Output":"2026-10-10T16:33:39.943+0800 [INFO]  pre-vote successful, starting election: term=2 tally=2 refused=0 votesNeeded=2\n"}
{"Time":"2026-10-10T16:33:39.944481311+08:00","Action":"output","Package":"github.com/hashicorp/raft","Test":"TestAssuranceRealProducerTruncation","Output":"2026-10-10T16:33:39.943+0800 [DEBUG] asking for vote: term=2 from=6bca43eb-ad5d-cff8-baaa-2e42d530e85d address=6bca43eb-ad5d-cff8-baaa-2e42d530e85d\n"}
{"Time":"2026-10-10T16:33:39.94449556+08:00","Action":"output","Package":"github.com/hashicorp/raft","Test":"TestAssuranceRealProducerTruncation","Output":"2026-10-10T16:33:39.943+0800 [DEBUG] voting for self: term=2 id=edaf4e4e-462b-c068-d048-88b4f62b94a8\n"}
{"Time":"2026-10-10T16:33:39.944509876+08:00","Action":"output","Package":"github.com/hashicorp/raft","Test":"TestAssuranceRealProducerTruncation","Output":"2026-10-10T16:33:39.943+0800 [DEBUG] received a requestPreVote with a newer term, grant the pre-vote\n"}
{"Time":"2026-10-10T16:33:39.944543799+08:00","Action":"output","Package":"github.com/hashicorp/raft","Test":"TestAssuranceRealProducerTruncation","Output":"2026-10-10T16:33:39.943+0800 [DEBUG] asking for vote: term=2 from=0be055a6-c9ca-3c5c-14ae-135210ab2564 address=0be055a6-c9ca-3c5c-14ae-135210ab2564\n"}
{"Time":"2026-10-10T16:33:39.944560582+08:00","Action":"output","Package":"github.com/hashicorp/raft","Test":"TestAssuranceRealProducerTruncation","Output":"2026-10-10T16:33:39.943+0800 [DEBUG] vote granted: from=edaf4e4e-462b-c068-d048-88b4f62b94a8 term=2 tally=1\n"}
{"Time":"2026-10-10T16:33:39.944575661+08:00","Action":"output","Package":"github.com/hashicorp/raft","Test":"TestAssuranceRealProducerTruncation","Output":"2026-10-10T16:33:39.943+0800 [DEBUG] lost leadership because received a requestVote with a newer term\n"}
{"Time":"2026-10-10T16:33:39.944590245+08:00","Action":"output","Package":"github.com/hashicorp/raft","Test":"TestAssuranceRealProducerTruncation","Output":"2026-10-10T16:33:39.944+0800 [DEBUG] vote granted: from=0be055a6-c9ca-3c5c-14ae-135210ab2564 term=2 tally=2\n"}
{"Time":"2026-10-10T16:33:39.944604837+08:00","Action":"output","Package":"github.com/hashicorp/raft","Test":"TestAssuranceRealProducerTruncation","Output":"2026-10-10T16:33:39.944+0800 [INFO]  election won: term=2 tally=2\n"}
{"Time":"2026-10-10T16:33:39.944632811+08:00","Action":"output","Package":"github.com/hashicorp/raft","Test":"TestAssuranceRealProducerTruncation","Output":"2026-10-10T16:33:39.944+0800 [INFO]  entering leader state: leader=\"Node at edaf4e4e-462b-c068-d048-88b4f62b94a8 [Leader]\"\n"}
{"Time":"2026-10-10T16:33:39.944651173+08:00","Action":"output","Package":"github.com/hashicorp/raft","Test":"TestAssuranceRealProducerTruncation","Output":"2026-10-10T16:33:39.944+0800 [INFO]  added peer, starting replication: peer=6bca43eb-ad5d-cff8-baaa-2e42d530e85d\n"}
{"Time":"2026-10-10T16:33:39.944666927+08:00","Action":"output","Package":"github.com/hashicorp/raft","Test":"TestAssuranceRealProducerTruncation","Output":"2026-10-10T16:33:39.944+0800 [INFO]  added peer, starting replication: peer=0be055a6-c9ca-3c5c-14ae-135210ab2564\n"}
{"Time":"2026-10-10T16:33:39.944681429+08:00","Action":"output","Package":"github.com/hashicorp/raft","Test":"TestAssuranceRealProducerTruncation","Output":"2026-10-10T16:33:39.944+0800 [INFO]  pipelining replication: peer=\"{Voter 0be055a6-c9ca-3c5c-14ae-135210ab2564 0be055a6-c9ca-3c5c-14ae-135210ab2564}\"\n"}
{"Time":"2026-10-10T16:33:39.944695995+08:00","Action":"output","Package":"github.com/hashicorp/raft","Test":"TestAssuranceRealProducerTruncation","Output":"2026-10-10T16:33:39.943+0800 [DEBUG] lost leadership because received a requestVote with a newer term\n"}
{"Time":"2026-10-10T16:33:39.944718079+08:00","Action":"output","Package":"github.com/hashicorp/raft","Test":"TestAssuranceRealProducerTruncation","Output":"2026-10-10T16:33:39.944+0800 [INFO]  pipelining replication: peer=\"{Voter 6bca43eb-ad5d-cff8-baaa-2e42d530e85d 6bca43eb-ad5d-cff8-baaa-2e42d530e85d}\"\n"}
{"Time":"2026-10-10T16:33:39.965255389+08:00","Action":"output","Package":"github.com/hashicorp/raft","Test":"TestAssuranceRealProducerTruncation","Output":"2026-10-10T16:33:39.964+0800 [ERROR] failed to pipeline appendEntries: peer=\"{Voter 0be055a6-c9ca-3c5c-14ae-135210ab2564 0be055a6-c9ca-3c5c-14ae-135210ab2564}\" error=\"append pipeline closed\"\n"}
{"Time":"2026-10-10T16:33:39.965325489+08:00","Action":"output","Package":"github.com/hashicorp/raft","Test":"TestAssuranceRealProducerTruncation","Output":"2026-10-10T16:33:39.964+0800 [INFO]  aborting pipeline replication: peer=\"{Voter 0be055a6-c9ca-3c5c-14ae-135210ab2564 0be055a6-c9ca-3c5c-14ae-135210ab2564}\"\n"}
{"Time":"2026-10-10T16:33:39.965341926+08:00","Action":"output","Package":"github.com/hashicorp/raft","Test":"TestAssuranceRealProducerTruncation","Output":"2026-10-10T16:33:39.965+0800 [ERROR] failed to pipeline appendEntries: peer=\"{Voter 6bca43eb-ad5d-cff8-baaa-2e42d530e85d 6bca43eb-ad5d-cff8-baaa-2e42d530e85d}\" error=\"append pipeline closed\"\n"}
{"Time":"2026-10-10T16:33:39.965355148+08:00","Action":"output","Package":"github.com/hashicorp/raft","Test":"TestAssuranceRealProducerTruncation","Output":"2026-10-10T16:33:39.965+0800 [INFO]  aborting pipeline replication: peer=\"{Voter 6bca43eb-ad5d-cff8-baaa-2e42d530e85d 6bca43eb-ad5d-cff8-baaa-2e42d530e85d}\"\n"}
{"Time":"2026-10-10T16:33:39.965446353+08:00","Action":"output","Package":"github.com/hashicorp/raft","Test":"TestAssuranceRealProducerTruncation","Output":"2026-10-10T16:33:39.965+0800 [ERROR] failed to appendEntries to: peer=\"{Voter 0be055a6-c9ca-3c5c-14ae-135210ab2564 0be055a6-c9ca-3c5c-14ae-135210ab2564}\" error=\"failed to connect to peer: 0be055a6-c9ca-3c5c-14ae-135210ab2564\"\n"}
{"Time":"2026-10-10T16:33:39.96548067+08:00","Action":"output","Package":"github.com/hashicorp/raft","Test":"TestAssuranceRealProducerTruncation","Output":"2026-10-10T16:33:39.965+0800 [ERROR] failed to appendEntries to: peer=\"{Voter 6bca43eb-ad5d-cff8-baaa-2e42d530e85d 6bca43eb-ad5d-cff8-baaa-2e42d530e85d}\" error=\"failed to connect to peer: 6bca43eb-ad5d-cff8-baaa-2e42d530e85d\"\n"}
{"Time":"2026-10-10T16:33:39.967156885+08:00","Action":"output","Package":"github.com/hashicorp/raft","Test":"TestAssuranceRealProducerTruncation","Output":"2026-10-10T16:33:39.966+0800 [ERROR] failed to heartbeat to: peer=0be055a6-c9ca-3c5c-14ae-135210ab2564 backoff time=10ms error=\"failed to connect to peer: 0be055a6-c9ca-3c5c-14ae-135210ab2564\"\n"}
{"Time":"2026-10-10T16:33:39.968690739+08:00","Action":"output","Package":"github.com/hashicorp/raft","Test":"TestAssuranceRealProducerTruncation","Output":"2026-10-10T16:33:39.968+0800 [ERROR] failed to heartbeat to: peer=6bca43eb-ad5d-cff8-baaa-2e42d530e85d backoff time=10ms error=\"failed to connect to peer: 6bca43eb-ad5d-cff8-baaa-2e42d530e85d\"\n"}
{"Time":"2026-10-10T16:33:39.982539596+08:00","Action":"output","Package":"github.com/hashicorp/raft","Test":"TestAssuranceRealProducerTruncation","Output":"2026-10-10T16:33:39.982+0800 [ERROR] failed to appendEntries to: peer=\"{Voter 6bca43eb-ad5d-cff8-baaa-2e42d530e85d 6bca43eb-ad5d-cff8-baaa-2e42d530e85d}\" error=\"failed to connect to peer: 6bca43eb-ad5d-cff8-baaa-2e42d530e85d\"\n"}
{"Time":"2026-10-10T16:33:39.984965165+08:00","Action":"output","Package":"github.com/hashicorp/raft","Test":"TestAssuranceRealProducerTruncation","Output":"2026-10-10T16:33:39.984+0800 [ERROR] failed to appendEntries to: peer=\"{Voter 0be055a6-c9ca-3c5c-14ae-135210ab2564 0be055a6-c9ca-3c5c-14ae-135210ab2564}\" error=\"failed to connect to peer: 0be055a6-c9ca-3c5c-14ae-135210ab2564\"\n"}
{"Time":"2026-10-10T16:33:39.986104018+08:00","Action":"output","Package":"github.com/hashicorp/raft","Test":"TestAssuranceRealProducerTruncation","Output":"2026-10-10T16:33:39.985+0800 [ERROR] failed to heartbeat to: peer=0be055a6-c9ca-3c5c-14ae-135210ab2564 backoff time=10ms error=\"failed to connect to peer: 0be055a6-c9ca-3c5c-14ae-135210ab2564\"\n"}
{"Time":"2026-10-10T16:33:39.986325638+08:00","Action":"output","Package":"github.com/hashicorp/raft","Test":"TestAssuranceRealProducerTruncation","Output":"2026-10-10T16:33:39.986+0800 [ERROR] failed to heartbeat to: peer=6bca43eb-ad5d-cff8-baaa-2e42d530e85d backoff time=10ms error=\"failed to connect to peer: 6bca43eb-ad5d-cff8-baaa-2e42d530e85d\"\n"}
{"Time":"2026-10-10T16:33:40.001749384+08:00","Action":"output","Package":"github.com/hashicorp/raft","Test":"TestAssuranceRealProducerTruncation","Output":"2026-10-10T16:33:40.001+0800 [ERROR] failed to appendEntries to: peer=\"{Voter 6bca43eb-ad5d-cff8-baaa-2e42d530e85d 6bca43eb-ad5d-cff8-baaa-2e42d530e85d}\" error=\"failed to connect to peer: 6bca43eb-ad5d-cff8-baaa-2e42d530e85d\"\n"}
{"Time":"2026-10-10T16:33:40.006467353+08:00","Action":"output","Package":"github.com/hashicorp/raft","Test":"TestAssuranceRealProducerTruncation","Output":"2026-10-10T16:33:40.006+0800 [ERROR] failed to heartbeat to: peer=0be055a6-c9ca-3c5c-14ae-135210ab2564 backoff time=10ms error=\"failed to connect to peer: 0be055a6-c9ca-3c5c-14ae-135210ab2564\"\n"}
{"Time":"2026-10-10T16:33:40.006559701+08:00","Action":"output","Package":"github.com/hashicorp/raft","Test":"TestAssuranceRealProducerTruncation","Output":"2026-10-10T16:33:40.006+0800 [ERROR] failed to appendEntries to: peer=\"{Voter 0be055a6-c9ca-3c5c-14ae-135210ab2564 0be055a6-c9ca-3c5c-14ae-135210ab2564}\" error=\"failed to connect to peer: 0be055a6-c9ca-3c5c-14ae-135210ab2564\"\n"}
{"Time":"2026-10-10T16:33:40.007652191+08:00","Action":"output","Package":"github.com/hashicorp/raft","Test":"TestAssuranceRealProducerTruncation","Output":"2026-10-10T16:33:40.007+0800 [ERROR] failed to heartbeat to: peer=6bca43eb-ad5d-cff8-baaa-2e42d530e85d backoff time=10ms error=\"failed to connect to peer: 6bca43eb-ad5d-cff8-baaa-2e42d530e85d\"\n"}
{"Time":"2026-10-10T16:33:40.01120178+08:00","Action":"output","Package":"github.com/hashicorp/raft","Test":"TestAssuranceRealProducerTruncation","Output":"2026-10-10T16:33:40.011+0800 [WARN]  failed to contact: server-id=0be055a6-c9ca-3c5c-14ae-135210ab2564 time=50.374506ms\n"}
{"Time":"2026-10-10T16:33:40.022121497+08:00","Action":"output","Package":"github.com/hashicorp/raft","Test":"TestAssuranceRealProducerTruncation","Output":"2026-10-10T16:33:40.021+0800 [WARN]  failed to contact: server-id=6bca43eb-ad5d-cff8-baaa-2e42d530e85d time=59.671281ms\n"}
{"Time":"2026-10-10T16:33:40.022242257+08:00","Action":"output","Package":"github.com/hashicorp/raft","Test":"TestAssuranceRealProducerTruncation","Output":"2026-10-10T16:33:40.021+0800 [WARN]  failed to contact: server-id=0be055a6-c9ca-3c5c-14ae-135210ab2564 time=60.912274ms\n"}
{"Time":"2026-10-10T16:33:40.02225281+08:00","Action":"output","Package":"github.com/hashicorp/raft","Test":"TestAssuranceRealProducerTruncation","Output":"2026-10-10T16:33:40.021+0800 [WARN]  failed to contact quorum of nodes, stepping down\n"}
{"Time":"2026-10-10T16:33:40.022344228+08:00","Action":"output","Package":"github.com/hashicorp/raft","Test":"TestAssuranceRealProducerTruncation","Output":"2026-10-10T16:33:40.021+0800 [INFO]  entering follower state: follower=\"Node at edaf4e4e-462b-c068-d048-88b4f62b94a8 [Follower]\" leader-address= leader-id=\n"}
{"Time":"2026-10-10T16:33:40.02674367+08:00","Action":"output","Package":"github.com/hashicorp/raft","Test":"TestAssuranceRealProducerTruncation","Output":"2026-10-10T16:33:40.026+0800 [ERROR] failed to heartbeat to: peer=6bca43eb-ad5d-cff8-baaa-2e42d530e85d backoff time=20ms error=\"failed to connect to peer: 6bca43eb-ad5d-cff8-baaa-2e42d530e85d\"\n"}
{"Time":"2026-10-10T16:33:40.026784321+08:00","Action":"output","Package":"github.com/hashicorp/raft","Test":"TestAssuranceRealProducerTruncation","Output":"2026-10-10T16:33:40.026+0800 [ERROR] failed to heartbeat to: peer=0be055a6-c9ca-3c5c-14ae-135210ab2564 backoff time=20ms error=\"failed to connect to peer: 0be055a6-c9ca-3c5c-14ae-135210ab2564\"\n"}
{"Time":"2026-10-10T16:33:40.030985772+08:00","Action":"output","Package":"github.com/hashicorp/raft","Test":"TestAssuranceRealProducerTruncation","Output":"2026-10-10T16:33:40.030+0800 [ERROR] failed to appendEntries to: peer=\"{Voter 6bca43eb-ad5d-cff8-baaa-2e42d530e85d 6bca43eb-ad5d-cff8-baaa-2e42d530e85d}\" error=\"failed to connect to peer: 6bca43eb-ad5d-cff8-baaa-2e42d530e85d\"\n"}
{"Time":"2026-10-10T16:33:40.036807827+08:00","Action":"output","Package":"github.com/hashicorp/raft","Test":"TestAssuranceRealProducerTruncation","Output":"2026-10-10T16:33:40.035+0800 [ERROR] failed to appendEntries to: peer=\"{Voter 0be055a6-c9ca-3c5c-14ae-135210ab2564 0be055a6-c9ca-3c5c-14ae-135210ab2564}\" error=\"failed to connect to peer: 0be055a6-c9ca-3c5c-14ae-135210ab2564\"\n"}
{"Time":"2026-10-10T16:33:40.037498829+08:00","Action":"output","Package":"github.com/hashicorp/raft","Test":"TestAssuranceRealProducerTruncation","Output":"2026-10-10T16:33:40.035+0800 [WARN]  heartbeat timeout reached, starting election: last-leader-addr=edaf4e4e-462b-c068-d048-88b4f62b94a8 last-leader-id=edaf4e4e-462b-c068-d048-88b4f62b94a8\n"}
{"Time":"2026-10-10T16:33:40.037520508+08:00","Action":"output","Package":"github.com/hashicorp/raft","Test":"TestAssuranceRealProducerTruncation","Output":"2026-10-10T16:33:40.035+0800 [INFO]  entering candidate state: node=\"Node at 6bca43eb-ad5d-cff8-baaa-2e42d530e85d [Candidate]\" term=3\n"}
{"Time":"2026-10-10T16:33:40.037526498+08:00","Action":"output","Package":"github.com/hashicorp/raft","Test":"TestAssuranceRealProducerTruncation","Output":"2026-10-10T16:33:40.035+0800 [DEBUG] pre-voting for self: term=3 id=6bca43eb-ad5d-cff8-baaa-2e42d530e85d\n"}
{"Time":"2026-10-10T16:33:40.037531466+08:00","Action":"output","Package":"github.com/hashicorp/raft","Test":"TestAssuranceRealProducerTruncation","Output":"2026-10-10T16:33:40.035+0800 [DEBUG] asking for pre-vote: term=3 from=edaf4e4e-462b-c068-d048-88b4f62b94a8 address=edaf4e4e-462b-c068-d048-88b4f62b94a8\n"}
{"Time":"2026-10-10T16:33:40.037556054+08:00","Action":"output","Package":"github.com/hashicorp/raft","Test":"TestAssuranceRealProducerTruncation","Output":"2026-10-10T16:33:40.035+0800 [DEBUG] asking for pre-vote: term=3 from=0be055a6-c9ca-3c5c-14ae-135210ab2564 address=0be055a6-c9ca-3c5c-14ae-135210ab2564\n"}
{"Time":"2026-10-10T16:33:40.037561797+08:00","Action":"output","Package":"github.com/hashicorp/raft","Test":"TestAssuranceRealProducerTruncation","Output":"2026-10-10T16:33:40.035+0800 [DEBUG] calculated votes needed: needed=2 term=3\n"}
{"Time":"2026-10-10T16:33:40.037566321+08:00","Action":"output","Package":"github.com/hashicorp/raft","Test":"TestAssuranceRealProducerTruncation","Output":"2026-10-10T16:33:40.035+0800 [DEBUG] pre-vote received: from=6bca43eb-ad5d-cff8-baaa-2e42d530e85d term=3 tally=0\n"}
{"Time":"2026-10-10T16:33:40.037579809+08:00","Action":"output","Package":"github.com/hashicorp/raft","Test":"TestAssuranceRealProducerTruncation","Output":"2026-10-10T16:33:40.035+0800 [DEBUG] pre-vote granted: from=6bca43eb-ad5d-cff8-baaa-2e42d530e85d term=3 tally=1\n"}
{"Time":"2026-10-10T16:33:40.037583703+08:00","Action":"output","Package":"github.com/hashicorp/raft","Test":"TestAssuranceRealProducerTruncation","Output":"2026-10-10T16:33:40.036+0800 [WARN]  rejecting pre-vote request since we have a leader: from=6bca43eb-ad5d-cff8-baaa-2e42d530e85d leader=edaf4e4e-462b-c068-d048-88b4f62b94a8 leader-id=edaf4e4e-462b-c068-d048-88b4f62b94a8\n"}
{"Time":"2026-10-10T16:33:40.037587942+08:00","Action":"output","Package":"github.com/hashicorp/raft","Test":"TestAssuranceRealProducerTruncation","Output":"2026-10-10T16:33:40.036+0800 [DEBUG] pre-vote received: from=0be055a6-c9ca-3c5c-14ae-135210ab2564 term=2 tally=1\n"}
{"Time":"2026-10-10T16:33:40.037591114+08:00","Action":"output","Package":"github.com/hashicorp/raft","Test":"TestAssuranceRealProducerTruncation","Output":"2026-10-10T16:33:40.036+0800 [DEBUG] pre-vote denied: from=0be055a6-c9ca-3c5c-14ae-135210ab2564 term=2 tally=1\n"}
{"Time":"2026-10-10T16:33:40.037594702+08:00","Action":"output","Package":"github.com/hashicorp/raft","Test":"TestAssuranceRealProducerTruncation","Output":"2026-10-10T16:33:40.036+0800 [ERROR] failed to make requestVote RPC: target=\"{Voter edaf4e4e-462b-c068-d048-88b4f62b94a8 edaf4e4e-462b-c068-d048-88b4f62b94a8}\" error=\"failed to connect to peer: edaf4e4e-462b-c068-d048-88b4f62b94a8\" term=3\n"}
{"Time":"2026-10-10T16:33:40.037598473+08:00","Action":"output","Package":"github.com/hashicorp/raft","Test":"TestAssuranceRealProducerTruncation","Output":"2026-10-10T16:33:40.036+0800 [DEBUG] pre-vote received: from=edaf4e4e-462b-c068-d048-88b4f62b94a8 term=3 tally=1\n"}
{"Time":"2026-10-10T16:33:40.037605617+08:00","Action":"output","Package":"github.com/hashicorp/raft","Test":"TestAssuranceRealProducerTruncation","Output":"2026-10-10T16:33:40.036+0800 [DEBUG] pre-vote denied: from=edaf4e4e-462b-c068-d048-88b4f62b94a8 term=3 tally=1\n"}
{"Time":"2026-10-10T16:33:40.037611122+08:00","Action":"output","Package":"github.com/hashicorp/raft","Test":"TestAssuranceRealProducerTruncation","Output":"2026-10-10T16:33:40.036+0800 [INFO]  pre-vote campaign failed, waiting for election timeout: term=3 tally=1 refused=2 votesNeeded=2\n"}
{"Time":"2026-10-10T16:33:40.041398098+08:00","Action":"output","Package":"github.com/hashicorp/raft","Test":"TestAssuranceRealProducerTruncation","Output":"2026-10-10T16:33:40.041+0800 [WARN]  heartbeat timeout reached, starting election: last-leader-addr=edaf4e4e-462b-c068-d048-88b4f62b94a8 last-leader-id=edaf4e4e-462b-c068-d048-88b4f62b94a8\n"}
{"Time":"2026-10-10T16:33:40.04142374+08:00","Action":"output","Package":"github.com/hashicorp/raft","Test":"TestAssuranceRealProducerTruncation","Output":"2026-10-10T16:33:40.041+0800 [INFO]  entering candidate state: node=\"Node at 0be055a6-c9ca-3c5c-14ae-135210ab2564 [Candidate]\" term=3\n"}
{"Time":"2026-10-10T16:33:40.041439115+08:00","Action":"output","Package":"github.com/hashicorp/raft","Test":"TestAssuranceRealProducerTruncation","Output":"2026-10-10T16:33:40.041+0800 [DEBUG] asking for pre-vote: term=3 from=6bca43eb-ad5d-cff8-baaa-2e42d530e85d address=6bca43eb-ad5d-cff8-baaa-2e42d530e85d\n"}
{"Time":"2026-10-10T16:33:40.041446116+08:00","Action":"output","Package":"github.com/hashicorp/raft","Test":"TestAssuranceRealProducerTruncation","Output":"2026-10-10T16:33:40.041+0800 [DEBUG] asking for pre-vote: term=3 from=edaf4e4e-462b-c068-d048-88b4f62b94a8 address=edaf4e4e-462b-c068-d048-88b4f62b94a8\n"}
{"Time":"2026-10-10T16:33:40.041779228+08:00","Action":"output","Package":"github.com/hashicorp/raft","Test":"TestAssuranceRealProducerTruncation","Output":"2026-10-10T16:33:40.041+0800 [DEBUG] pre-voting for self: term=3 id=0be055a6-c9ca-3c5c-14ae-135210ab2564\n"}
{"Time":"2026-10-10T16:33:40.041860769+08:00","Action":"output","Package":"github.com/hashicorp/raft","Test":"TestAssuranceRealProducerTruncation","Output":"2026-10-10T16:33:40.041+0800 [DEBUG] calculated votes needed: needed=2 term=3\n"}
{"Time":"2026-10-10T16:33:40.041887087+08:00","Action":"output","Package":"github.com/hashicorp/raft","Test":"TestAssuranceRealProducerTruncation","Output":"2026-10-10T16:33:40.041+0800 [DEBUG] pre-vote received: from=0be055a6-c9ca-3c5c-14ae-135210ab2564 term=3 tally=0\n"}
{"Time":"2026-10-10T16:33:40.041918402+08:00","Action":"output","Package":"github.com/hashicorp/raft","Test":"TestAssuranceRealProducerTruncation","Output":"2026-10-10T16:33:40.041+0800 [DEBUG] pre-vote granted: from=0be055a6-c9ca-3c5c-14ae-135210ab2564 term=3 tally=1\n"}
{"Time":"2026-10-10T16:33:40.041938064+08:00","Action":"output","Package":"github.com/hashicorp/raft","Test":"TestAssuranceRealProducerTruncation","Output":"2026-10-10T16:33:40.041+0800 [ERROR] failed to make requestVote RPC: target=\"{Voter edaf4e4e-462b-c068-d048-88b4f62b94a8 edaf4e4e-462b-c068-d048-88b4f62b94a8}\" error=\"failed to connect to peer: edaf4e4e-462b-c068-d048-88b4f62b94a8\" term=3\n"}
{"Time":"2026-10-10T16:33:40.041970648+08:00","Action":"output","Package":"github.com/hashicorp/raft","Test":"TestAssuranceRealProducerTruncation","Output":"2026-10-10T16:33:40.041+0800 [DEBUG] pre-vote received: from=edaf4e4e-462b-c068-d048-88b4f62b94a8 term=3 tally=1\n"}
{"Time":"2026-10-10T16:33:40.041997494+08:00","Action":"output","Package":"github.com/hashicorp/raft","Test":"TestAssuranceRealProducerTruncation","Output":"2026-10-10T16:33:40.041+0800 [DEBUG] pre-vote denied: from=edaf4e4e-462b-c068-d048-88b4f62b94a8 term=3 tally=1\n"}
{"Time":"2026-10-10T16:33:40.042014474+08:00","Action":"output","Package":"github.com/hashicorp/raft","Test":"TestAssuranceRealProducerTruncation","Output":"2026-10-10T16:33:40.041+0800 [DEBUG] received a requestPreVote with a newer term, grant the pre-vote\n"}
{"Time":"2026-10-10T16:33:40.042029386+08:00","Action":"output","Package":"github.com/hashicorp/raft","Test":"TestAssuranceRealProducerTruncation","Output":"2026-10-10T16:33:40.041+0800 [DEBUG] pre-vote received: from=6bca43eb-ad5d-cff8-baaa-2e42d530e85d term=3 tally=1\n"}
{"Time":"2026-10-10T16:33:40.042054673+08:00","Action":"output","Package":"github.com/hashicorp/raft","Test":"TestAssuranceRealProducerTruncation","Output":"2026-10-10T16:33:40.041+0800 [DEBUG] pre-vote granted: from=6bca43eb-ad5d-cff8-baaa-2e42d530e85d term=3 tally=2\n"}
{"Time":"2026-10-10T16:33:40.042067374+08:00","Action":"output","Package":"github.com/hashicorp/raft","Test":"TestAssuranceRealProducerTruncation","Output":"2026-10-10T16:33:40.041+0800 [INFO]  pre-vote successful, starting election: term=3 tally=2 refused=1 votesNeeded=2\n"}
{"Time":"2026-10-10T16:33:40.042079466+08:00","Action":"output","Package":"github.com/hashicorp/raft","Test":"TestAssuranceRealProducerTruncation","Output":"2026-10-10T16:33:40.041+0800 [DEBUG] asking for vote: term=3 from=6bca43eb-ad5d-cff8-baaa-2e42d530e85d address=6bca43eb-ad5d-cff8-baaa-2e42d530e85d\n"}
{"Time":"2026-10-10T16:33:40.042096342+08:00","Action":"output","Package":"github.com/hashicorp/raft","Test":"TestAssuranceRealProducerTruncation","Output":"2026-10-10T16:33:40.041+0800 [DEBUG] asking for vote: term=3 from=edaf4e4e-462b-c068-d048-88b4f62b94a8 address=edaf4e4e-462b-c068-d048-88b4f62b94a8\n"}
{"Time":"2026-10-10T16:33:40.042109598+08:00","Action":"output","Package":"github.com/hashicorp/raft","Test":"TestAssuranceRealProducerTruncation","Output":"2026-10-10T16:33:40.041+0800 [DEBUG] voting for self: term=3 id=0be055a6-c9ca-3c5c-14ae-135210ab2564\n"}
{"Time":"2026-10-10T16:33:40.042129116+08:00","Action":"output","Package":"github.com/hashicorp/raft","Test":"TestAssuranceRealProducerTruncation","Output":"2026-10-10T16:33:40.041+0800 [DEBUG] vote granted: from=0be055a6-c9ca-3c5c-14ae-135210ab2564 term=3 tally=1\n"}
{"Time":"2026-10-10T16:33:40.042195473+08:00","Action":"output","Package":"github.com/hashicorp/raft","Test":"TestAssuranceRealProducerTruncation","Output":"2026-10-10T16:33:40.042+0800 [ERROR] failed to make requestVote RPC: target=\"{Voter edaf4e4e-462b-c068-d048-88b4f62b94a8 edaf4e4e-462b-c068-d048-88b4f62b94a8}\" error=\"failed to connect to peer: edaf4e4e-462b-c068-d048-88b4f62b94a8\" term=3\n"}
{"Time":"2026-10-10T16:33:40.042210623+08:00","Action":"output","Package":"github.com/hashicorp/raft","Test":"TestAssuranceRealProducerTruncation","Output":"2026-10-10T16:33:40.042+0800 [DEBUG] lost leadership because received a requestVote with a newer term\n"}
{"Time":"2026-10-10T16:33:40.042222824+08:00","Action":"output","Package":"github.com/hashicorp/raft","Test":"TestAssuranceRealProducerTruncation","Output":"2026-10-10T16:33:40.042+0800 [INFO]  entering follower state: follower=\"Node at 6bca43eb-ad5d-cff8-baaa-2e42d530e85d [Follower]\" leader-address= leader-id=\n"}
{"Time":"2026-10-10T16:33:40.042237875+08:00","Action":"output","Package":"github.com/hashicorp/raft","Test":"TestAssuranceRealProducerTruncation","Output":"2026-10-10T16:33:40.042+0800 [DEBUG] vote granted: from=6bca43eb-ad5d-cff8-baaa-2e42d530e85d term=3 tally=2\n"}
{"Time":"2026-10-10T16:33:40.042249431+08:00","Action":"output","Package":"github.com/hashicorp/raft","Test":"TestAssuranceRealProducerTruncation","Output":"2026-10-10T16:33:40.042+0800 [INFO]  election won: term=3 tally=2\n"}
{"Time":"2026-10-10T16:33:40.04227702+08:00","Action":"output","Package":"github.com/hashicorp/raft","Test":"TestAssuranceRealProducerTruncation","Output":"2026-10-10T16:33:40.042+0800 [INFO]  entering leader state: leader=\"Node at 0be055a6-c9ca-3c5c-14ae-135210ab2564 [Leader]\"\n"}
{"Time":"2026-10-10T16:33:40.042290484+08:00","Action":"output","Package":"github.com/hashicorp/raft","Test":"TestAssuranceRealProducerTruncation","Output":"2026-10-10T16:33:40.042+0800 [INFO]  added peer, starting replication: peer=6bca43eb-ad5d-cff8-baaa-2e42d530e85d\n"}
{"Time":"2026-10-10T16:33:40.042302692+08:00","Action":"output","Package":"github.com/hashicorp/raft","Test":"TestAssuranceRealProducerTruncation","Output":"2026-10-10T16:33:40.042+0800 [INFO]  added peer, starting replication: peer=edaf4e4e-462b-c068-d048-88b4f62b94a8\n"}
{"Time":"2026-10-10T16:33:40.042321211+08:00","Action":"output","Package":"github.com/hashicorp/raft","Test":"TestAssuranceRealProducerTruncation","Output":"2026-10-10T16:33:40.042+0800 [ERROR] failed to appendEntries to: peer=\"{Voter edaf4e4e-462b-c068-d048-88b4f62b94a8 edaf4e4e-462b-c068-d048-88b4f62b94a8}\" error=\"failed to connect to peer: edaf4e4e-462b-c068-d048-88b4f62b94a8\"\n"}
{"Time":"2026-10-10T16:33:40.04295182+08:00","Action":"output","Package":"github.com/hashicorp/raft","Test":"TestAssuranceRealProducerTruncation","Output":"2026-10-10T16:33:40.042+0800 [INFO]  pipelining replication: peer=\"{Voter 6bca43eb-ad5d-cff8-baaa-2e42d530e85d 6bca43eb-ad5d-cff8-baaa-2e42d530e85d}\"\n"}
{"Time":"2026-10-10T16:33:40.05004829+08:00","Action":"output","Package":"github.com/hashicorp/raft","Test":"TestAssuranceRealProducerTruncation","Output":"2026-10-10T16:33:40.049+0800 [ERROR] failed to heartbeat to: peer=edaf4e4e-462b-c068-d048-88b4f62b94a8 backoff time=10ms error=\"failed to connect to peer: edaf4e4e-462b-c068-d048-88b4f62b94a8\"\n"}
{"Time":"2026-10-10T16:33:40.063100988+08:00","Action":"output","Package":"github.com/hashicorp/raft","Test":"TestAssuranceRealProducerTruncation","Output":"2026-10-10T16:33:40.062+0800 [ERROR] failed to appendEntries to: peer=\"{Voter edaf4e4e-462b-c068-d048-88b4f62b94a8 edaf4e4e-462b-c068-d048-88b4f62b94a8}\" error=\"failed to connect to peer: edaf4e4e-462b-c068-d048-88b4f62b94a8\"\n"}
{"Time":"2026-10-10T16:33:40.066916869+08:00","Action":"output","Package":"github.com/hashicorp/raft","Test":"TestAssuranceRealProducerTruncation","Output":"2026-10-10T16:33:40.066+0800 [ERROR] failed to heartbeat to: peer=edaf4e4e-462b-c068-d048-88b4f62b94a8 backoff time=10ms error=\"failed to connect to peer: edaf4e4e-462b-c068-d048-88b4f62b94a8\"\n"}
{"Time":"2026-10-10T16:33:40.082261268+08:00","Action":"output","Package":"github.com/hashicorp/raft","Test":"TestAssuranceRealProducerTruncation","Output":"2026-10-10T16:33:40.081+0800 [ERROR] failed to appendEntries to: peer=\"{Voter edaf4e4e-462b-c068-d048-88b4f62b94a8 edaf4e4e-462b-c068-d048-88b4f62b94a8}\" error=\"failed to connect to peer: edaf4e4e-462b-c068-d048-88b4f62b94a8\"\n"}
{"Time":"2026-10-10T16:33:40.083817736+08:00","Action":"output","Package":"github.com/hashicorp/raft","Test":"TestAssuranceRealProducerTruncation","Output":"2026-10-10T16:33:40.083+0800 [ERROR] failed to heartbeat to: peer=edaf4e4e-462b-c068-d048-88b4f62b94a8 backoff time=10ms error=\"failed to connect to peer: edaf4e4e-462b-c068-d048-88b4f62b94a8\"\n"}
{"Time":"2026-10-10T16:33:40.0877438+08:00","Action":"output","Package":"github.com/hashicorp/raft","Test":"TestAssuranceRealProducerTruncation","Output":"2026-10-10T16:33:40.087+0800 [WARN]  heartbeat timeout reached, starting election: last-leader-addr= last-leader-id=\n"}
{"Time":"2026-10-10T16:33:40.087787916+08:00","Action":"output","Package":"github.com/hashicorp/raft","Test":"TestAssuranceRealProducerTruncation","Output":"2026-10-10T16:33:40.087+0800 [INFO]  entering candidate state: node=\"Node at edaf4e4e-462b-c068-d048-88b4f62b94a8 [Candidate]\" term=3\n"}
{"Time":"2026-10-10T16:33:40.087800959+08:00","Action":"output","Package":"github.com/hashicorp/raft","Test":"TestAssuranceRealProducerTruncation","Output":"2026-10-10T16:33:40.087+0800 [DEBUG] asking for pre-vote: term=3 from=6bca43eb-ad5d-cff8-baaa-2e42d530e85d address=6bca43eb-ad5d-cff8-baaa-2e42d530e85d\n"}
{"Time":"2026-10-10T16:33:40.087809349+08:00","Action":"output","Package":"github.com/hashicorp/raft","Test":"TestAssuranceRealProducerTruncation","Output":"2026-10-10T16:33:40.087+0800 [DEBUG] pre-voting for self: term=3 id=edaf4e4e-462b-c068-d048-88b4f62b94a8\n"}
{"Time":"2026-10-10T16:33:40.087823861+08:00","Action":"output","Package":"github.com/hashicorp/raft","Test":"TestAssuranceRealProducerTruncation","Output":"2026-10-10T16:33:40.087+0800 [DEBUG] asking for pre-vote: term=3 from=0be055a6-c9ca-3c5c-14ae-135210ab2564 address=0be055a6-c9ca-3c5c-14ae-135210ab2564\n"}
{"Time":"2026-10-10T16:33:40.087846079+08:00","Action":"output","Package":"github.com/hashicorp/raft","Test":"TestAssuranceRealProducerTruncation","Output":"2026-10-10T16:33:40.087+0800 [DEBUG] calculated votes needed: needed=2 term=3\n"}
{"Time":"2026-10-10T16:33:40.087854693+08:00","Action":"output","Package":"github.com/hashicorp/raft","Test":"TestAssuranceRealProducerTruncation","Output":"2026-10-10T16:33:40.087+0800 [DEBUG] pre-vote received: from=edaf4e4e-462b-c068-d048-88b4f62b94a8 term=3 tally=0\n"}
{"Time":"2026-10-10T16:33:40.08786204+08:00","Action":"output","Package":"github.com/hashicorp/raft","Test":"TestAssuranceRealProducerTruncation","Output":"2026-10-10T16:33:40.087+0800 [DEBUG] pre-vote granted: from=edaf4e4e-462b-c068-d048-88b4f62b94a8 term=3 tally=1\n"}
{"Time":"2026-10-10T16:33:40.087869925+08:00","Action":"output","Package":"github.com/hashicorp/raft","Test":"TestAssuranceRealProducerTruncation","Output":"2026-10-10T16:33:40.087+0800 [ERROR] failed to make requestVote RPC: target=\"{Voter 0be055a6-c9ca-3c5c-14ae-135210ab2564 0be055a6-c9ca-3c5c-14ae-135210ab2564}\" error=\"failed to connect to peer: 0be055a6-c9ca-3c5c-14ae-135210ab2564\" term=3\n"}
{"Time":"2026-10-10T16:33:40.087879418+08:00","Action":"output","Package":"github.com/hashicorp/raft","Test":"TestAssuranceRealProducerTruncation","Output":"2026-10-10T16:33:40.087+0800 [DEBUG] pre-vote received: from=0be055a6-c9ca-3c5c-14ae-135210ab2564 term=3 tally=1\n"}
{"Time":"2026-10-10T16:33:40.08788654+08:00","Action":"output","Package":"github.com/hashicorp/raft","Test":"TestAssuranceRealProducerTruncation","Output":"2026-10-10T16:33:40.087+0800 [DEBUG] pre-vote denied: from=0be055a6-c9ca-3c5c-14ae-135210ab2564 term=3 tally=1\n"}
{"Time":"2026-10-10T16:33:40.087893757+08:00","Action":"output","Package":"github.com/hashicorp/raft","Test":"TestAssuranceRealProducerTruncation","Output":"2026-10-10T16:33:40.087+0800 [ERROR] failed to make requestVote RPC: target=\"{Voter 6bca43eb-ad5d-cff8-baaa-2e42d530e85d 6bca43eb-ad5d-cff8-baaa-2e42d530e85d}\" error=\"failed to connect to peer: 6bca43eb-ad5d-cff8-baaa-2e42d530e85d\" term=3\n"}
{"Time":"2026-10-10T16:33:40.087901772+08:00","Action":"output","Package":"github.com/hashicorp/raft","Test":"TestAssuranceRealProducerTruncation","Output":"2026-10-10T16:33:40.087+0800 [DEBUG] pre-vote received: from=6bca43eb-ad5d-cff8-baaa-2e42d530e85d term=3 tally=1\n"}
{"Time":"2026-10-10T16:33:40.087908739+08:00","Action":"output","Package":"github.com/hashicorp/raft","Test":"TestAssuranceRealProducerTruncation","Output":"2026-10-10T16:33:40.087+0800 [DEBUG] pre-vote denied: from=6bca43eb-ad5d-cff8-baaa-2e42d530e85d term=3 tally=1\n"}
{"Time":"2026-10-10T16:33:40.087921474+08:00","Action":"output","Package":"github.com/hashicorp/raft","Test":"TestAssuranceRealProducerTruncation","Output":"2026-10-10T16:33:40.087+0800 [INFO]  pre-vote campaign failed, waiting for election timeout: term=3 tally=1 refused=2 votesNeeded=2\n"}
{"Time":"2026-10-10T16:33:40.092483046+08:00","Action":"output","Package":"github.com/hashicorp/raft","Test":"TestAssuranceRealProducerTruncation","Output":"2026-10-10T16:33:40.092+0800 [WARN]  failed to contact: server-id=edaf4e4e-462b-c068-d048-88b4f62b94a8 time=50.082534ms\n"}
{"Time":"2026-10-10T16:33:40.102466109+08:00","Action":"output","Package":"github.com/hashicorp/raft","Test":"TestAssuranceRealProducerTruncation","Output":"2026-10-10T16:33:40.102+0800 [ERROR] failed to heartbeat to: peer=edaf4e4e-462b-c068-d048-88b4f62b94a8 backoff time=20ms error=\"failed to connect to peer: edaf4e4e-462b-c068-d048-88b4f62b94a8\"\n"}
{"Time":"2026-10-10T16:33:40.113706466+08:00","Action":"output","Package":"github.com/hashicorp/raft","Test":"TestAssuranceRealProducerTruncation","Output":"2026-10-10T16:33:40.113+0800 [ERROR] failed to appendEntries to: peer=\"{Voter edaf4e4e-462b-c068-d048-88b4f62b94a8 edaf4e4e-462b-c068-d048-88b4f62b94a8}\" error=\"failed to connect to peer: edaf4e4e-462b-c068-d048-88b4f62b94a8\"\n"}
{"Time":"2026-10-10T16:33:40.128626323+08:00","Action":"output","Package":"github.com/hashicorp/raft","Test":"TestAssuranceRealProducerTruncation","Output":"2026-10-10T16:33:40.128+0800 [ERROR] failed to heartbeat to: peer=edaf4e4e-462b-c068-d048-88b4f62b94a8 backoff time=25ms error=\"failed to connect to peer: edaf4e4e-462b-c068-d048-88b4f62b94a8\"\n"}
{"Time":"2026-10-10T16:33:40.138363322+08:00","Action":"output","Package":"github.com/hashicorp/raft","Test":"TestAssuranceRealProducerTruncation","Output":"2026-10-10T16:33:40.138+0800 [WARN]  failed to contact: server-id=edaf4e4e-462b-c068-d048-88b4f62b94a8 time=95.853267ms\n"}
{"Time":"2026-10-10T16:33:40.159519123+08:00","Action":"output","Package":"github.com/hashicorp/raft","Test":"TestAssuranceRealProducerTruncation","Output":"2026-10-10T16:33:40.159+0800 [ERROR] failed to appendEntries to: peer=\"{Voter edaf4e4e-462b-c068-d048-88b4f62b94a8 edaf4e4e-462b-c068-d048-88b4f62b94a8}\" error=\"failed to connect to peer: edaf4e4e-462b-c068-d048-88b4f62b94a8\"\n"}
{"Time":"2026-10-10T16:33:40.163103417+08:00","Action":"output","Package":"github.com/hashicorp/raft","Test":"TestAssuranceRealProducerTruncation","Output":"2026-10-10T16:33:40.162+0800 [ERROR] failed to heartbeat to: peer=edaf4e4e-462b-c068-d048-88b4f62b94a8 backoff time=25ms error=\"failed to connect to peer: edaf4e4e-462b-c068-d048-88b4f62b94a8\"\n"}
{"Time":"2026-10-10T16:33:40.18020578+08:00","Action":"output","Package":"github.com/hashicorp/raft","Test":"TestAssuranceRealProducerTruncation","Output":"2026-10-10T16:33:40.179+0800 [WARN]  Election timeout reached, restarting election\n"}
{"Time":"2026-10-10T16:33:40.180269011+08:00","Action":"output","Package":"github.com/hashicorp/raft","Test":"TestAssuranceRealProducerTruncation","Output":"2026-10-10T16:33:40.179+0800 [INFO]  entering candidate state: node=\"Node at edaf4e4e-462b-c068-d048-88b4f62b94a8 [Candidate]\" term=3\n"}
{"Time":"2026-10-10T16:33:40.180283219+08:00","Action":"output","Package":"github.com/hashicorp/raft","Test":"TestAssuranceRealProducerTruncation","Output":"2026-10-10T16:33:40.179+0800 [DEBUG] asking for pre-vote: term=3 from=6bca43eb-ad5d-cff8-baaa-2e42d530e85d address=6bca43eb-ad5d-cff8-baaa-2e42d530e85d\n"}
{"Time":"2026-10-10T16:33:40.180292971+08:00","Action":"output","Package":"github.com/hashicorp/raft","Test":"TestAssuranceRealProducerTruncation","Output":"2026-10-10T16:33:40.179+0800 [DEBUG] pre-voting for self: term=3 id=edaf4e4e-462b-c068-d048-88b4f62b94a8\n"}
{"Time":"2026-10-10T16:33:40.180302256+08:00","Action":"output","Package":"github.com/hashicorp/raft","Test":"TestAssuranceRealProducerTruncation","Output":"2026-10-10T16:33:40.179+0800 [DEBUG] asking for pre-vote: term=3 from=0be055a6-c9ca-3c5c-14ae-135210ab2564 address=0be055a6-c9ca-3c5c-14ae-135210ab2564\n"}
{"Time":"2026-10-10T16:33:40.180310111+08:00","Action":"output","Package":"github.com/hashicorp/raft","Test":"TestAssuranceRealProducerTruncation","Output":"2026-10-10T16:33:40.179+0800 [DEBUG] calculated votes needed: needed=2 term=3\n"}
{"Time":"2026-10-10T16:33:40.180320077+08:00","Action":"output","Package":"github.com/hashicorp/raft","Test":"TestAssuranceRealProducerTruncation","Output":"2026-10-10T16:33:40.179+0800 [DEBUG] pre-vote received: from=edaf4e4e-462b-c068-d048-88b4f62b94a8 term=3 tally=0\n"}
{"Time":"2026-10-10T16:33:40.180344766+08:00","Action":"output","Package":"github.com/hashicorp/raft","Test":"TestAssuranceRealProducerTruncation","Output":"2026-10-10T16:33:40.179+0800 [DEBUG] pre-vote granted: from=edaf4e4e-462b-c068-d048-88b4f62b94a8 term=3 tally=1\n"}
{"Time":"2026-10-10T16:33:40.180355595+08:00","Action":"output","Package":"github.com/hashicorp/raft","Test":"TestAssuranceRealProducerTruncation","Output":"2026-10-10T16:33:40.179+0800 [ERROR] failed to make requestVote RPC: target=\"{Voter 0be055a6-c9ca-3c5c-14ae-135210ab2564 0be055a6-c9ca-3c5c-14ae-135210ab2564}\" error=\"failed to connect to peer: 0be055a6-c9ca-3c5c-14ae-135210ab2564\" term=3\n"}
{"Time":"2026-10-10T16:33:40.180367128+08:00","Action":"output","Package":"github.com/hashicorp/raft","Test":"TestAssuranceRealProducerTruncation","Output":"2026-10-10T16:33:40.179+0800 [DEBUG] pre-vote received: from=0be055a6-c9ca-3c5c-14ae-135210ab2564 term=3 tally=1\n"}
{"Time":"2026-10-10T16:33:40.180376165+08:00","Action":"output","Package":"github.com/hashicorp/raft","Test":"TestAssuranceRealProducerTruncation","Output":"2026-10-10T16:33:40.179+0800 [DEBUG] pre-vote denied: from=0be055a6-c9ca-3c5c-14ae-135210ab2564 term=3 tally=1\n"}
{"Time":"2026-10-10T16:33:40.180385226+08:00","Action":"output","Package":"github.com/hashicorp/raft","Test":"TestAssuranceRealProducerTruncation","Output":"2026-10-10T16:33:40.179+0800 [ERROR] failed to make requestVote RPC: target=\"{Voter 6bca43eb-ad5d-cff8-baaa-2e42d530e85d 6bca43eb-ad5d-cff8-baaa-2e42d530e85d}\" error=\"failed to connect to peer: 6bca43eb-ad5d-cff8-baaa-2e42d530e85d\" term=3\n"}
{"Time":"2026-10-10T16:33:40.180400021+08:00","Action":"output","Package":"github.com/hashicorp/raft","Test":"TestAssuranceRealProducerTruncation","Output":"2026-10-10T16:33:40.180+0800 [DEBUG] pre-vote received: from=6bca43eb-ad5d-cff8-baaa-2e42d530e85d term=3 tally=1\n"}
{"Time":"2026-10-10T16:33:40.180410585+08:00","Action":"output","Package":"github.com/hashicorp/raft","Test":"TestAssuranceRealProducerTruncation","Output":"2026-10-10T16:33:40.180+0800 [DEBUG] pre-vote denied: from=6bca43eb-ad5d-cff8-baaa-2e42d530e85d term=3 tally=1\n"}
{"Time":"2026-10-10T16:33:40.180449312+08:00","Action":"output","Package":"github.com/hashicorp/raft","Test":"TestAssuranceRealProducerTruncation","Output":"2026-10-10T16:33:40.180+0800 [INFO]  pre-vote campaign failed, waiting for election timeout: term=3 tally=1 refused=2 votesNeeded=2\n"}
{"Time":"2026-10-10T16:33:40.1883209+08:00","Action":"output","Package":"github.com/hashicorp/raft","Test":"TestAssuranceRealProducerTruncation","Output":"2026-10-10T16:33:40.188+0800 [WARN]  failed to contact: server-id=edaf4e4e-462b-c068-d048-88b4f62b94a8 time=145.920463ms\n"}
{"Time":"2026-10-10T16:33:40.197989323+08:00","Action":"output","Package":"github.com/hashicorp/raft","Test":"TestAssuranceRealProducerTruncation","Output":"2026-10-10T16:33:40.197+0800 [ERROR] failed to heartbeat to: peer=edaf4e4e-462b-c068-d048-88b4f62b94a8 backoff time=25ms error=\"failed to connect to peer: edaf4e4e-462b-c068-d048-88b4f62b94a8\"\n"}
{"Time":"2026-10-10T16:33:40.233534988+08:00","Action":"output","Package":"github.com/hashicorp/raft","Test":"TestAssuranceRealProducerTruncation","Output":"2026-10-10T16:33:40.233+0800 [ERROR] failed to heartbeat to: peer=edaf4e4e-462b-c068-d048-88b4f62b94a8 backoff time=25ms error=\"failed to connect to peer: edaf4e4e-462b-c068-d048-88b4f62b94a8\"\n"}
{"Time":"2026-10-10T16:33:40.235074382+08:00","Action":"output","Package":"github.com/hashicorp/raft","Test":"TestAssuranceRealProducerTruncation","Output":"2026-10-10T16:33:40.234+0800 [WARN]  Election timeout reached, restarting election\n"}
{"Time":"2026-10-10T16:33:40.235174404+08:00","Action":"output","Package":"github.com/hashicorp/raft","Test":"TestAssuranceRealProducerTruncation","Output":"2026-10-10T16:33:40.234+0800 [INFO]  entering candidate state: node=\"Node at edaf4e4e-462b-c068-d048-88b4f62b94a8 [Candidate]\" term=3\n"}
{"Time":"2026-10-10T16:33:40.235191992+08:00","Action":"output","Package":"github.com/hashicorp/raft","Test":"TestAssuranceRealProducerTruncation","Output":"2026-10-10T16:33:40.234+0800 [DEBUG] asking for pre-vote: term=3 from=6bca43eb-ad5d-cff8-baaa-2e42d530e85d address=6bca43eb-ad5d-cff8-baaa-2e42d530e85d\n"}
{"Time":"2026-10-10T16:33:40.235204286+08:00","Action":"output","Package":"github.com/hashicorp/raft","Test":"TestAssuranceRealProducerTruncation","Output":"2026-10-10T16:33:40.234+0800 [DEBUG] pre-voting for self: term=3 id=edaf4e4e-462b-c068-d048-88b4f62b94a8\n"}
{"Time":"2026-10-10T16:33:40.235216525+08:00","Action":"output","Package":"github.com/hashicorp/raft","Test":"TestAssuranceRealProducerTruncation","Output":"2026-10-10T16:33:40.234+0800 [DEBUG] asking for pre-vote: term=3 from=0be055a6-c9ca-3c5c-14ae-135210ab2564 address=0be055a6-c9ca-3c5c-14ae-135210ab2564\n"}
{"Time":"2026-10-10T16:33:40.235248117+08:00","Action":"output","Package":"github.com/hashicorp/raft","Test":"TestAssuranceRealProducerTruncation","Output":"2026-10-10T16:33:40.234+0800 [DEBUG] calculated votes needed: needed=2 term=3\n"}
{"Time":"2026-10-10T16:33:40.23526237+08:00","Action":"output","Package":"github.com/hashicorp/raft","Test":"TestAssuranceRealProducerTruncation","Output":"2026-10-10T16:33:40.234+0800 [DEBUG] pre-vote received: from=edaf4e4e-462b-c068-d048-88b4f62b94a8 term=3 tally=0\n"}
{"Time":"2026-10-10T16:33:40.235273873+08:00","Action":"output","Package":"github.com/hashicorp/raft","Test":"TestAssuranceRealProducerTruncation","Output":"2026-10-10T16:33:40.234+0800 [DEBUG] pre-vote granted: from=edaf4e4e-462b-c068-d048-88b4f62b94a8 term=3 tally=1\n"}
{"Time":"2026-10-10T16:33:40.235286102+08:00","Action":"output","Package":"github.com/hashicorp/raft","Test":"TestAssuranceRealProducerTruncation","Output":"2026-10-10T16:33:40.234+0800 [ERROR] failed to make requestVote RPC: target=\"{Voter 6bca43eb-ad5d-cff8-baaa-2e42d530e85d 6bca43eb-ad5d-cff8-baaa-2e42d530e85d}\" error=\"failed to connect to peer: 6bca43eb-ad5d-cff8-baaa-2e42d530e85d\" term=3\n"}
{"Time":"2026-10-10T16:33:40.235299097+08:00","Action":"output","Package":"github.com/hashicorp/raft","Test":"TestAssuranceRealProducerTruncation","Output":"2026-10-10T16:33:40.234+0800 [DEBUG] pre-vote received: from=6bca43eb-ad5d-cff8-baaa-2e42d530e85d term=3 tally=1\n"}
{"Time":"2026-10-10T16:33:40.235712817+08:00","Action":"output","Package":"github.com/hashicorp/raft","Test":"TestAssuranceRealProducerTruncation","Output":"2026-10-10T16:33:40.234+0800 [DEBUG] pre-vote denied: from=6bca43eb-ad5d-cff8-baaa-2e42d530e85d term=3 tally=1\n"}
{"Time":"2026-10-10T16:33:40.235737445+08:00","Action":"output","Package":"github.com/hashicorp/raft","Test":"TestAssuranceRealProducerTruncation","Output":"2026-10-10T16:33:40.234+0800 [ERROR] failed to make requestVote RPC: target=\"{Voter 0be055a6-c9ca-3c5c-14ae-135210ab2564 0be055a6-c9ca-3c5c-14ae-135210ab2564}\" error=\"failed to connect to peer: 0be055a6-c9ca-3c5c-14ae-135210ab2564\" term=3\n"}
{"Time":"2026-10-10T16:33:40.235749288+08:00","Action":"output","Package":"github.com/hashicorp/raft","Test":"TestAssuranceRealProducerTruncation","Output":"2026-10-10T16:33:40.235+0800 [DEBUG] pre-vote received: from=0be055a6-c9ca-3c5c-14ae-135210ab2564 term=3 tally=1\n"}
{"Time":"2026-10-10T16:33:40.235758422+08:00","Action":"output","Package":"github.com/hashicorp/raft","Test":"TestAssuranceRealProducerTruncation","Output":"2026-10-10T16:33:40.235+0800 [DEBUG] pre-vote denied: from=0be055a6-c9ca-3c5c-14ae-135210ab2564 term=3 tally=1\n"}
{"Time":"2026-10-10T16:33:40.235767288+08:00","Action":"output","Package":"github.com/hashicorp/raft","Test":"TestAssuranceRealProducerTruncation","Output":"2026-10-10T16:33:40.235+0800 [INFO]  pre-vote campaign failed, waiting for election timeout: term=3 tally=1 refused=2 votesNeeded=2\n"}
{"Time":"2026-10-10T16:33:40.237719203+08:00","Action":"output","Package":"github.com/hashicorp/raft","Test":"TestAssuranceRealProducerTruncation","Output":"2026-10-10T16:33:40.237+0800 [DEBUG] failed to contact: server-id=edaf4e4e-462b-c068-d048-88b4f62b94a8 time=195.309489ms\n"}
{"Time":"2026-10-10T16:33:40.247464999+08:00","Action":"output","Package":"github.com/hashicorp/raft","Test":"TestAssuranceRealProducerTruncation","Output":"2026-10-10T16:33:40.247+0800 [ERROR] failed to appendEntries to: peer=\"{Voter edaf4e4e-462b-c068-d048-88b4f62b94a8 edaf4e4e-462b-c068-d048-88b4f62b94a8}\" error=\"failed to connect to peer: edaf4e4e-462b-c068-d048-88b4f62b94a8\"\n"}
{"Time":"2026-10-10T16:33:40.268370688+08:00","Action":"output","Package":"github.com/hashicorp/raft","Test":"TestAssuranceRealProducerTruncation","Output":"2026-10-10T16:33:40.268+0800 [ERROR] failed to heartbeat to: peer=edaf4e4e-462b-c068-d048-88b4f62b94a8 backoff time=25ms error=\"failed to connect to peer: edaf4e4e-462b-c068-d048-88b4f62b94a8\"\n"}
{"Time":"2026-10-10T16:33:40.287065933+08:00","Action":"output","Package":"github.com/hashicorp/raft","Test":"TestAssuranceRealProducerTruncation","Output":"2026-10-10T16:33:40.286+0800 [DEBUG] failed to contact: server-id=edaf4e4e-462b-c068-d048-88b4f62b94a8 time=244.572482ms\n"}
{"Time":"2026-10-10T16:33:40.305256632+08:00","Action":"output","Package":"github.com/hashicorp/raft","Test":"TestAssuranceRealProducerTruncation","Output":"2026-10-10T16:33:40.304+0800 [ERROR] failed to heartbeat to: peer=edaf4e4e-462b-c068-d048-88b4f62b94a8 backoff time=25ms error=\"failed to connect to peer: edaf4e4e-462b-c068-d048-88b4f62b94a8\"\n"}
{"Time":"2026-10-10T16:33:40.320958446+08:00","Action":"output","Package":"github.com/hashicorp/raft","Test":"TestAssuranceRealProducerTruncation","Output":"2026-10-10T16:33:40.319+0800 [WARN]  Election timeout reached, restarting election\n"}
{"Time":"2026-10-10T16:33:40.32139455+08:00","Action":"output","Package":"github.com/hashicorp/raft","Test":"TestAssuranceRealProducerTruncation","Output":"2026-10-10T16:33:40.319+0800 [INFO]  entering candidate state: node=\"Node at edaf4e4e-462b-c068-d048-88b4f62b94a8 [Candidate]\" term=3\n"}
{"Time":"2026-10-10T16:33:40.321443667+08:00","Action":"output","Package":"github.com/hashicorp/raft","Test":"TestAssuranceRealProducerTruncation","Output":"2026-10-10T16:33:40.319+0800 [DEBUG] asking for pre-vote: term=3 from=6bca43eb-ad5d-cff8-baaa-2e42d530e85d address=6bca43eb-ad5d-cff8-baaa-2e42d530e85d\n"}
{"Time":"2026-10-10T16:33:40.321453992+08:00","Action":"output","Package":"github.com/hashicorp/raft","Test":"TestAssuranceRealProducerTruncation","Output":"2026-10-10T16:33:40.319+0800 [DEBUG] pre-voting for self: term=3 id=edaf4e4e-462b-c068-d048-88b4f62b94a8\n"}
{"Time":"2026-10-10T16:33:40.321462833+08:00","Action":"output","Package":"github.com/hashicorp/raft","Test":"TestAssuranceRealProducerTruncation","Output":"2026-10-10T16:33:40.319+0800 [DEBUG] asking for pre-vote: term=3 from=0be055a6-c9ca-3c5c-14ae-135210ab2564 address=0be055a6-c9ca-3c5c-14ae-135210ab2564\n"}
{"Time":"2026-10-10T16:33:40.32245456+08:00","Action":"output","Package":"github.com/hashicorp/raft","Test":"TestAssuranceRealProducerTruncation","Output":"2026-10-10T16:33:40.319+0800 [DEBUG] calculated votes needed: needed=2 term=3\n"}
{"Time":"2026-10-10T16:33:40.322498116+08:00","Action":"output","Package":"github.com/hashicorp/raft","Test":"TestAssuranceRealProducerTruncation","Output":"2026-10-10T16:33:40.319+0800 [DEBUG] pre-vote received: from=edaf4e4e-462b-c068-d048-88b4f62b94a8 term=3 tally=0\n"}
{"Time":"2026-10-10T16:33:40.322515388+08:00","Action":"output","Package":"github.com/hashicorp/raft","Test":"TestAssuranceRealProducerTruncation","Output":"2026-10-10T16:33:40.319+0800 [DEBUG] pre-vote granted: from=edaf4e4e-462b-c068-d048-88b4f62b94a8 term=3 tally=1\n"}
{"Time":"2026-10-10T16:33:40.322529161+08:00","Action":"output","Package":"github.com/hashicorp/raft","Test":"TestAssuranceRealProducerTruncation","Output":"2026-10-10T16:33:40.320+0800 [ERROR] failed to make requestVote RPC: target=\"{Voter 0be055a6-c9ca-3c5c-14ae-135210ab2564 0be055a6-c9ca-3c5c-14ae-135210ab2564}\" error=\"failed to connect to peer: 0be055a6-c9ca-3c5c-14ae-135210ab2564\" term=3\n"}
{"Time":"2026-10-10T16:33:40.322544188+08:00","Action":"output","Package":"github.com/hashicorp/raft","Test":"TestAssuranceRealProducerTruncation","Output":"2026-10-10T16:33:40.320+0800 [DEBUG] pre-vote received: from=0be055a6-c9ca-3c5c-14ae-135210ab2564 term=3 tally=1\n"}
{"Time":"2026-10-10T16:33:40.322555152+08:00","Action":"output","Package":"github.com/hashicorp/raft","Test":"TestAssuranceRealProducerTruncation","Output":"2026-10-10T16:33:40.320+0800 [DEBUG] pre-vote denied: from=0be055a6-c9ca-3c5c-14ae-135210ab2564 term=3 tally=1\n"}
{"Time":"2026-10-10T16:33:40.322566125+08:00","Action":"output","Package":"github.com/hashicorp/raft","Test":"TestAssuranceRealProducerTruncation","Output":"2026-10-10T16:33:40.320+0800 [ERROR] failed to make requestVote RPC: target=\"{Voter 6bca43eb-ad5d-cff8-baaa-2e42d530e85d 6bca43eb-ad5d-cff8-baaa-2e42d530e85d}\" error=\"failed to connect to peer: 6bca43eb-ad5d-cff8-baaa-2e42d530e85d\" term=3\n"}
{"Time":"2026-10-10T16:33:40.322577561+08:00","Action":"output","Package":"github.com/hashicorp/raft","Test":"TestAssuranceRealProducerTruncation","Output":"2026-10-10T16:33:40.320+0800 [DEBUG] pre-vote received: from=6bca43eb-ad5d-cff8-baaa-2e42d530e85d term=3 tally=1\n"}
{"Time":"2026-10-10T16:33:40.322586828+08:00","Action":"output","Package":"github.com/hashicorp/raft","Test":"TestAssuranceRealProducerTruncation","Output":"2026-10-10T16:33:40.320+0800 [DEBUG] pre-vote denied: from=6bca43eb-ad5d-cff8-baaa-2e42d530e85d term=3 tally=1\n"}
{"Time":"2026-10-10T16:33:40.322596296+08:00","Action":"output","Package":"github.com/hashicorp/raft","Test":"TestAssuranceRealProducerTruncation","Output":"2026-10-10T16:33:40.320+0800 [INFO]  pre-vote campaign failed, waiting for election timeout: term=3 tally=1 refused=2 votesNeeded=2\n"}
{"Time":"2026-10-10T16:33:40.323150182+08:00","Action":"output","Package":"github.com/hashicorp/raft","Test":"TestAssuranceRealProducerTruncation","Output":"2026-10-10T16:33:40.322+0800 [ERROR] failed to appendEntries to: peer=\"{Voter 489f0607-5ea5-e889-250c-5cd2c725defa 489f0607-5ea5-e889-250c-5cd2c725defa}\" error=\"command timed out\"\n"}
{"Time":"2026-10-10T16:33:40.329387125+08:00","Action":"output","Package":"github.com/hashicorp/raft","Test":"TestAssuranceRealProducerTruncation","Output":"2026-10-10T16:33:40.329+0800 [ERROR] failed to heartbeat to: peer=489f0607-5ea5-e889-250c-5cd2c725defa backoff time=10ms error=\"command timed out\"\n"}
{"Time":"2026-10-10T16:33:40.337555514+08:00","Action":"output","Package":"github.com/hashicorp/raft","Test":"TestAssuranceRealProducerTruncation","Output":"2026-10-10T16:33:40.337+0800 [DEBUG] failed to contact: server-id=edaf4e4e-462b-c068-d048-88b4f62b94a8 time=295.156793ms\n"}
{"Time":"2026-10-10T16:33:40.338874674+08:00","Action":"output","Package":"github.com/hashicorp/raft","Test":"TestAssuranceRealProducerTruncation","Output":"2026-10-10T16:33:40.338+0800 [ERROR] failed to heartbeat to: peer=edaf4e4e-462b-c068-d048-88b4f62b94a8 backoff time=25ms error=\"failed to connect to peer: edaf4e4e-462b-c068-d048-88b4f62b94a8\"\n"}
{"Time":"2026-10-10T16:33:40.371845491+08:00","Action":"output","Package":"github.com/hashicorp/raft","Test":"TestAssuranceRealProducerTruncation","Output":"2026-10-10T16:33:40.371+0800 [ERROR] failed to heartbeat to: peer=edaf4e4e-462b-c068-d048-88b4f62b94a8 backoff time=25ms error=\"failed to connect to peer: edaf4e4e-462b-c068-d048-88b4f62b94a8\"\n"}
{"Time":"2026-10-10T16:33:40.383269374+08:00","Action":"output","Package":"github.com/hashicorp/raft","Test":"TestAssuranceRealProducerTruncation","Output":"2026-10-10T16:33:40.382+0800 [DEBUG] failed to contact: server-id=edaf4e4e-462b-c068-d048-88b4f62b94a8 time=340.772549ms\n"}
{"Time":"2026-10-10T16:33:40.403961947+08:00","Action":"output","Package":"github.com/hashicorp/raft","Test":"TestAssuranceRealProducerTruncation","Output":"2026-10-10T16:33:40.403+0800 [INFO]  entering follower state: follower=\"Node at edaf4e4e-462b-c068-d048-88b4f62b94a8 [Follower]\" leader-address=0be055a6-c9ca-3c5c-14ae-135210ab2564 leader-id=0be055a6-c9ca-3c5c-14ae-135210ab2564\n"}
{"Time":"2026-10-10T16:33:40.416695103+08:00","Action":"output","Package":"github.com/hashicorp/raft","Test":"TestAssuranceRealProducerTruncation","Output":"2026-10-10T16:33:40.416+0800 [WARN]  clearing log suffix: from=3 to=5\n"}
{"Time":"2026-10-10T16:33:40.416765168+08:00","Action":"output","Package":"github.com/hashicorp/raft","Test":"TestAssuranceRealProducerTruncation","Output":"2026-10-10T16:33:40.416+0800 [ERROR] failed to append to logs: error=\"injected LogStore.StoreLogs failure\"\n"}
{"Time":"2026-10-10T16:33:40.416851661+08:00","Action":"output","Package":"github.com/hashicorp/raft","Test":"TestAssuranceRealProducerTruncation","Output":"2026-10-10T16:33:40.416+0800 [WARN]  appendEntries rejected, sending older logs: peer=\"{Voter edaf4e4e-462b-c068-d048-88b4f62b94a8 edaf4e4e-462b-c068-d048-88b4f62b94a8}\" next=2\n"}
{"Time":"2026-10-10T16:33:40.738699677+08:00","Action":"output","Package":"github.com/hashicorp/raft","Test":"TestAssuranceRealProducerTruncation","Output":"2026-10-10T16:33:40.738+0800 [WARN]  failed to get log entry: index=3 error=\"log not found\"\n"}
{"Time":"2026-10-10T16:33:40.73875682+08:00","Action":"output","Package":"github.com/hashicorp/raft","Test":"TestAssuranceRealProducerTruncation","Output":"2026-10-10T16:33:40.738+0800 [WARN]  appendEntries rejected, sending older logs: peer=\"{Voter edaf4e4e-462b-c068-d048-88b4f62b94a8 edaf4e4e-462b-c068-d048-88b4f62b94a8}\" next=1\n"}
{"Time":"2026-10-10T16:33:41.178455138+08:00","Action":"output","Package":"github.com/hashicorp/raft","Test":"TestAssuranceRealProducerTruncation","Output":"CA_EVENT {\"cached_ahead_of_durable\":true,\"cached_last_index_after\":5,\"durable_last_index_after\":2,\"event\":\"real_producer_truncation\",\"getlog_at_cached_err\":\"log not found\",\"isolated_cached_last_index\":4,\"node\":\"edaf4e4e-462b-c068-d048-88b4f62b94a8\",\"reported_last_index\":5,\"state\":\"Follower\",\"termination\":true}\n"}
{"Time":"2026-10-10T16:33:41.178592939+08:00","Action":"output","Package":"github.com/hashicorp/raft","Test":"TestAssuranceRealProducerTruncation","Output":"--- PASS: TestAssuranceRealProducerTruncation (1.29s)\n"}
{"Time":"2026-10-10T16:33:41.178623502+08:00","Action":"pass","Package":"github.com/hashicorp/raft","Test":"TestAssuranceRealProducerTruncation","Elapsed":1.29}
{"Time":"2026-10-10T16:33:41.178656819+08:00","Action":"output","Package":"github.com/hashicorp/raft","Output":"PASS\n"}
{"Time":"2026-10-10T16:33:41.178677188+08:00","Action":"output","Package":"github.com/hashicorp/raft","Output":"2026-10-10T16:33:41.178+0800 [INFO]  aborting pipeline replication: peer=\"{Voter 6bca43eb-ad5d-cff8-baaa-2e42d530e85d 6bca43eb-ad5d-cff8-baaa-2e42d530e85d}\"\n"}
{"Time":"2026-10-10T16:33:41.18184049+08:00","Action":"output","Package":"github.com/hashicorp/raft","Output":"ok  \tgithub.com/hashicorp/raft\t3.895s\n"}
{"Time":"2026-10-10T16:33:41.181935915+08:00","Action":"pass","Package":"github.com/hashicorp/raft","Elapsed":3.896}
