{"Time":"2026-10-06T15:04:44.56213307+08:00","Action":"start","Package":"go.etcd.io/raft/v3"}
{"Time":"2026-10-06T15:04:44.574467489+08:00","Action":"run","Package":"go.etcd.io/raft/v3","Test":"TestAssuranceAutoLeaveTransferCheck"}
{"Time":"2026-10-06T15:04:44.574525304+08:00","Action":"output","Package":"go.etcd.io/raft/v3","Test":"TestAssuranceAutoLeaveTransferCheck","Output":"=== RUN   TestAssuranceAutoLeaveTransferCheck\n"}
{"Time":"2026-10-06T15:04:44.574622951+08:00","Action":"run","Package":"go.etcd.io/raft/v3","Test":"TestAssuranceAutoLeaveTransferCheck/false"}
{"Time":"2026-10-06T15:04:44.574635219+08:00","Action":"output","Package":"go.etcd.io/raft/v3","Test":"TestAssuranceAutoLeaveTransferCheck/false","Output":"=== RUN   TestAssuranceAutoLeaveTransferCheck/false\n"}
{"Time":"2026-10-06T15:04:44.574666855+08:00","Action":"output","Package":"go.etcd.io/raft/v3","Test":"TestAssuranceAutoLeaveTransferCheck/false","Output":"raft2026/10/06 15:04:44 INFO: 1 switched to configuration voters=()\n"}
{"Time":"2026-10-06T15:04:44.57468012+08:00","Action":"output","Package":"go.etcd.io/raft/v3","Test":"TestAssuranceAutoLeaveTransferCheck/false","Output":"raft2026/10/06 15:04:44 INFO: 1 became follower at term 0\n"}
{"Time":"2026-10-06T15:04:44.574690048+08:00","Action":"output","Package":"go.etcd.io/raft/v3","Test":"TestAssuranceAutoLeaveTransferCheck/false","Output":"raft2026/10/06 15:04:44 INFO: newRaft 1 [peers: [], term: 0, commit: 0, applied: 0, lastindex: 0, lastterm: 0]\n"}
{"Time":"2026-10-06T15:04:44.574701112+08:00","Action":"output","Package":"go.etcd.io/raft/v3","Test":"TestAssuranceAutoLeaveTransferCheck/false","Output":"raft2026/10/06 15:04:44 INFO: 1 became follower at term 1\n"}
{"Time":"2026-10-06T15:04:44.574709759+08:00","Action":"output","Package":"go.etcd.io/raft/v3","Test":"TestAssuranceAutoLeaveTransferCheck/false","Output":"raft2026/10/06 15:04:44 INFO: 1 switched to configuration voters=(1)\n"}
{"Time":"2026-10-06T15:04:44.574717972+08:00","Action":"output","Package":"go.etcd.io/raft/v3","Test":"TestAssuranceAutoLeaveTransferCheck/false","Output":"raft2026/10/06 15:04:44 INFO: 1 switched to configuration voters=(1 2)\n"}
{"Time":"2026-10-06T15:04:44.574726841+08:00","Action":"output","Package":"go.etcd.io/raft/v3","Test":"TestAssuranceAutoLeaveTransferCheck/false","Output":"raft2026/10/06 15:04:44 INFO: 1 switched to configuration voters=(1 2 3)\n"}
{"Time":"2026-10-06T15:04:44.574735881+08:00","Action":"output","Package":"go.etcd.io/raft/v3","Test":"TestAssuranceAutoLeaveTransferCheck/false","Output":"raft2026/10/06 15:04:44 INFO: 2 switched to configuration voters=()\n"}
{"Time":"2026-10-06T15:04:44.574744176+08:00","Action":"output","Package":"go.etcd.io/raft/v3","Test":"TestAssuranceAutoLeaveTransferCheck/false","Output":"raft2026/10/06 15:04:44 INFO: 2 became follower at term 0\n"}
{"Time":"2026-10-06T15:04:44.574754418+08:00","Action":"output","Package":"go.etcd.io/raft/v3","Test":"TestAssuranceAutoLeaveTransferCheck/false","Output":"raft2026/10/06 15:04:44 INFO: newRaft 2 [peers: [], term: 0, commit: 0, applied: 0, lastindex: 0, lastterm: 0]\n"}
{"Time":"2026-10-06T15:04:44.574763525+08:00","Action":"output","Package":"go.etcd.io/raft/v3","Test":"TestAssuranceAutoLeaveTransferCheck/false","Output":"raft2026/10/06 15:04:44 INFO: 2 became follower at term 1\n"}
{"Time":"2026-10-06T15:04:44.574772862+08:00","Action":"output","Package":"go.etcd.io/raft/v3","Test":"TestAssuranceAutoLeaveTransferCheck/false","Output":"raft2026/10/06 15:04:44 INFO: 2 switched to configuration voters=(1)\n"}
{"Time":"2026-10-06T15:04:44.574781346+08:00","Action":"output","Package":"go.etcd.io/raft/v3","Test":"TestAssuranceAutoLeaveTransferCheck/false","Output":"raft2026/10/06 15:04:44 INFO: 2 switched to configuration voters=(1 2)\n"}
{"Time":"2026-10-06T15:04:44.574790041+08:00","Action":"output","Package":"go.etcd.io/raft/v3","Test":"TestAssuranceAutoLeaveTransferCheck/false","Output":"raft2026/10/06 15:04:44 INFO: 2 switched to configuration voters=(1 2 3)\n"}
{"Time":"2026-10-06T15:04:44.574798999+08:00","Action":"output","Package":"go.etcd.io/raft/v3","Test":"TestAssuranceAutoLeaveTransferCheck/false","Output":"raft2026/10/06 15:04:44 INFO: 3 switched to configuration voters=()\n"}
{"Time":"2026-10-06T15:04:44.574811331+08:00","Action":"output","Package":"go.etcd.io/raft/v3","Test":"TestAssuranceAutoLeaveTransferCheck/false","Output":"raft2026/10/06 15:04:44 INFO: 3 became follower at term 0\n"}
{"Time":"2026-10-06T15:04:44.574836497+08:00","Action":"output","Package":"go.etcd.io/raft/v3","Test":"TestAssuranceAutoLeaveTransferCheck/false","Output":"raft2026/10/06 15:04:44 INFO: newRaft 3 [peers: [], term: 0, commit: 0, applied: 0, lastindex: 0, lastterm: 0]\n"}
{"Time":"2026-10-06T15:04:44.574846585+08:00","Action":"output","Package":"go.etcd.io/raft/v3","Test":"TestAssuranceAutoLeaveTransferCheck/false","Output":"raft2026/10/06 15:04:44 INFO: 3 became follower at term 1\n"}
{"Time":"2026-10-06T15:04:44.574855583+08:00","Action":"output","Package":"go.etcd.io/raft/v3","Test":"TestAssuranceAutoLeaveTransferCheck/false","Output":"raft2026/10/06 15:04:44 INFO: 3 switched to configuration voters=(1)\n"}
{"Time":"2026-10-06T15:04:44.574875152+08:00","Action":"output","Package":"go.etcd.io/raft/v3","Test":"TestAssuranceAutoLeaveTransferCheck/false","Output":"raft2026/10/06 15:04:44 INFO: 3 switched to configuration voters=(1 2)\n"}
{"Time":"2026-10-06T15:04:44.574886096+08:00","Action":"output","Package":"go.etcd.io/raft/v3","Test":"TestAssuranceAutoLeaveTransferCheck/false","Output":"raft2026/10/06 15:04:44 INFO: 3 switched to configuration voters=(1 2 3)\n"}
{"Time":"2026-10-06T15:04:44.574895357+08:00","Action":"output","Package":"go.etcd.io/raft/v3","Test":"TestAssuranceAutoLeaveTransferCheck/false","Output":"raft2026/10/06 15:04:44 INFO: 1 switched to configuration voters=(1 2 3)\n"}
{"Time":"2026-10-06T15:04:44.57490453+08:00","Action":"output","Package":"go.etcd.io/raft/v3","Test":"TestAssuranceAutoLeaveTransferCheck/false","Output":"raft2026/10/06 15:04:44 INFO: 1 switched to configuration voters=(1 2 3)\n"}
{"Time":"2026-10-06T15:04:44.574913435+08:00","Action":"output","Package":"go.etcd.io/raft/v3","Test":"TestAssuranceAutoLeaveTransferCheck/false","Output":"raft2026/10/06 15:04:44 INFO: 1 switched to configuration voters=(1 2 3)\n"}
{"Time":"2026-10-06T15:04:44.574921873+08:00","Action":"output","Package":"go.etcd.io/raft/v3","Test":"TestAssuranceAutoLeaveTransferCheck/false","Output":"raft2026/10/06 15:04:44 INFO: 2 switched to configuration voters=(1 2 3)\n"}
{"Time":"2026-10-06T15:04:44.574930633+08:00","Action":"output","Package":"go.etcd.io/raft/v3","Test":"TestAssuranceAutoLeaveTransferCheck/false","Output":"raft2026/10/06 15:04:44 INFO: 2 switched to configuration voters=(1 2 3)\n"}
{"Time":"2026-10-06T15:04:44.574939612+08:00","Action":"output","Package":"go.etcd.io/raft/v3","Test":"TestAssuranceAutoLeaveTransferCheck/false","Output":"raft2026/10/06 15:04:44 INFO: 2 switched to configuration voters=(1 2 3)\n"}
{"Time":"2026-10-06T15:04:44.574948756+08:00","Action":"output","Package":"go.etcd.io/raft/v3","Test":"TestAssuranceAutoLeaveTransferCheck/false","Output":"raft2026/10/06 15:04:44 INFO: 3 switched to configuration voters=(1 2 3)\n"}
{"Time":"2026-10-06T15:04:44.574957631+08:00","Action":"output","Package":"go.etcd.io/raft/v3","Test":"TestAssuranceAutoLeaveTransferCheck/false","Output":"raft2026/10/06 15:04:44 INFO: 3 switched to configuration voters=(1 2 3)\n"}
{"Time":"2026-10-06T15:04:44.574966419+08:00","Action":"output","Package":"go.etcd.io/raft/v3","Test":"TestAssuranceAutoLeaveTransferCheck/false","Output":"raft2026/10/06 15:04:44 INFO: 3 switched to configuration voters=(1 2 3)\n"}
{"Time":"2026-10-06T15:04:44.57497523+08:00","Action":"output","Package":"go.etcd.io/raft/v3","Test":"TestAssuranceAutoLeaveTransferCheck/false","Output":"raft2026/10/06 15:04:44 INFO: 1 is starting a new election at term 1\n"}
{"Time":"2026-10-06T15:04:44.574986972+08:00","Action":"output","Package":"go.etcd.io/raft/v3","Test":"TestAssuranceAutoLeaveTransferCheck/false","Output":"raft2026/10/06 15:04:44 INFO: 1 became pre-candidate at term 1\n"}
{"Time":"2026-10-06T15:04:44.57499791+08:00","Action":"output","Package":"go.etcd.io/raft/v3","Test":"TestAssuranceAutoLeaveTransferCheck/false","Output":"raft2026/10/06 15:04:44 INFO: 1 [logterm: 1, index: 3] sent MsgPreVote request to 2 at term 1\n"}
{"Time":"2026-10-06T15:04:44.575012442+08:00","Action":"output","Package":"go.etcd.io/raft/v3","Test":"TestAssuranceAutoLeaveTransferCheck/false","Output":"raft2026/10/06 15:04:44 INFO: 1 [logterm: 1, index: 3] sent MsgPreVote request to 3 at term 1\n"}
{"Time":"2026-10-06T15:04:44.575022997+08:00","Action":"output","Package":"go.etcd.io/raft/v3","Test":"TestAssuranceAutoLeaveTransferCheck/false","Output":"raft2026/10/06 15:04:44 INFO: 1 received MsgPreVoteResp from 1 at term 1\n"}
{"Time":"2026-10-06T15:04:44.575032599+08:00","Action":"output","Package":"go.etcd.io/raft/v3","Test":"TestAssuranceAutoLeaveTransferCheck/false","Output":"raft2026/10/06 15:04:44 INFO: 1 has received 1 MsgPreVoteResp votes and 0 vote rejections\n"}
{"Time":"2026-10-06T15:04:44.57504203+08:00","Action":"output","Package":"go.etcd.io/raft/v3","Test":"TestAssuranceAutoLeaveTransferCheck/false","Output":"raft2026/10/06 15:04:44 INFO: 2 [logterm: 1, index: 3, vote: 0] cast MsgPreVote for 1 [logterm: 1, index: 3] at term 1\n"}
{"Time":"2026-10-06T15:04:44.575051536+08:00","Action":"output","Package":"go.etcd.io/raft/v3","Test":"TestAssuranceAutoLeaveTransferCheck/false","Output":"raft2026/10/06 15:04:44 INFO: 3 [logterm: 1, index: 3, vote: 0] cast MsgPreVote for 1 [logterm: 1, index: 3] at term 1\n"}
{"Time":"2026-10-06T15:04:44.575064133+08:00","Action":"output","Package":"go.etcd.io/raft/v3","Test":"TestAssuranceAutoLeaveTransferCheck/false","Output":"raft2026/10/06 15:04:44 INFO: 1 received MsgPreVoteResp from 2 at term 1\n"}
{"Time":"2026-10-06T15:04:44.575073871+08:00","Action":"output","Package":"go.etcd.io/raft/v3","Test":"TestAssuranceAutoLeaveTransferCheck/false","Output":"raft2026/10/06 15:04:44 INFO: 1 has received 2 MsgPreVoteResp votes and 0 vote rejections\n"}
{"Time":"2026-10-06T15:04:44.575096164+08:00","Action":"output","Package":"go.etcd.io/raft/v3","Test":"TestAssuranceAutoLeaveTransferCheck/false","Output":"raft2026/10/06 15:04:44 INFO: 1 became candidate at term 2\n"}
{"Time":"2026-10-06T15:04:44.575106977+08:00","Action":"output","Package":"go.etcd.io/raft/v3","Test":"TestAssuranceAutoLeaveTransferCheck/false","Output":"raft2026/10/06 15:04:44 INFO: 1 [logterm: 1, index: 3] sent MsgVote request to 2 at term 2\n"}
{"Time":"2026-10-06T15:04:44.575116252+08:00","Action":"output","Package":"go.etcd.io/raft/v3","Test":"TestAssuranceAutoLeaveTransferCheck/false","Output":"raft2026/10/06 15:04:44 INFO: 1 [logterm: 1, index: 3] sent MsgVote request to 3 at term 2\n"}
{"Time":"2026-10-06T15:04:44.575125969+08:00","Action":"output","Package":"go.etcd.io/raft/v3","Test":"TestAssuranceAutoLeaveTransferCheck/false","Output":"raft2026/10/06 15:04:44 INFO: 1 received MsgVoteResp from 1 at term 2\n"}
{"Time":"2026-10-06T15:04:44.575135351+08:00","Action":"output","Package":"go.etcd.io/raft/v3","Test":"TestAssuranceAutoLeaveTransferCheck/false","Output":"raft2026/10/06 15:04:44 INFO: 1 has received 1 MsgVoteResp votes and 0 vote rejections\n"}
{"Time":"2026-10-06T15:04:44.575144934+08:00","Action":"output","Package":"go.etcd.io/raft/v3","Test":"TestAssuranceAutoLeaveTransferCheck/false","Output":"raft2026/10/06 15:04:44 INFO: 2 [term: 1] received a MsgVote message with higher term from 1 [term: 2]\n"}
{"Time":"2026-10-06T15:04:44.575154791+08:00","Action":"output","Package":"go.etcd.io/raft/v3","Test":"TestAssuranceAutoLeaveTransferCheck/false","Output":"raft2026/10/06 15:04:44 INFO: 2 became follower at term 2\n"}
{"Time":"2026-10-06T15:04:44.575163936+08:00","Action":"output","Package":"go.etcd.io/raft/v3","Test":"TestAssuranceAutoLeaveTransferCheck/false","Output":"raft2026/10/06 15:04:44 INFO: 2 [logterm: 1, index: 3, vote: 0] cast MsgVote for 1 [logterm: 1, index: 3] at term 2\n"}
{"Time":"2026-10-06T15:04:44.575173161+08:00","Action":"output","Package":"go.etcd.io/raft/v3","Test":"TestAssuranceAutoLeaveTransferCheck/false","Output":"raft2026/10/06 15:04:44 INFO: 3 [term: 1] received a MsgVote message with higher term from 1 [term: 2]\n"}
{"Time":"2026-10-06T15:04:44.575182162+08:00","Action":"output","Package":"go.etcd.io/raft/v3","Test":"TestAssuranceAutoLeaveTransferCheck/false","Output":"raft2026/10/06 15:04:44 INFO: 3 became follower at term 2\n"}
{"Time":"2026-10-06T15:04:44.575191547+08:00","Action":"output","Package":"go.etcd.io/raft/v3","Test":"TestAssuranceAutoLeaveTransferCheck/false","Output":"raft2026/10/06 15:04:44 INFO: 3 [logterm: 1, index: 3, vote: 0] cast MsgVote for 1 [logterm: 1, index: 3] at term 2\n"}
{"Time":"2026-10-06T15:04:44.575203126+08:00","Action":"output","Package":"go.etcd.io/raft/v3","Test":"TestAssuranceAutoLeaveTransferCheck/false","Output":"raft2026/10/06 15:04:44 INFO: 1 received MsgVoteResp from 2 at term 2\n"}
{"Time":"2026-10-06T15:04:44.575212783+08:00","Action":"output","Package":"go.etcd.io/raft/v3","Test":"TestAssuranceAutoLeaveTransferCheck/false","Output":"raft2026/10/06 15:04:44 INFO: 1 has received 2 MsgVoteResp votes and 0 vote rejections\n"}
{"Time":"2026-10-06T15:04:44.575221859+08:00","Action":"output","Package":"go.etcd.io/raft/v3","Test":"TestAssuranceAutoLeaveTransferCheck/false","Output":"raft2026/10/06 15:04:44 INFO: 1 became leader at term 2\n"}
{"Time":"2026-10-06T15:04:44.575230979+08:00","Action":"output","Package":"go.etcd.io/raft/v3","Test":"TestAssuranceAutoLeaveTransferCheck/false","Output":"raft2026/10/06 15:04:44 INFO: 1 switched to configuration voters=(1 2)\u0026\u0026(1 2 3) autoleave\n"}
{"Time":"2026-10-06T15:04:44.575242262+08:00","Action":"output","Package":"go.etcd.io/raft/v3","Test":"TestAssuranceAutoLeaveTransferCheck/false","Output":"CA_EVENT {\"applied\":4,\"auto_leave\":true,\"change_index\":5,\"committed\":5,\"dropped_timeout_now\":0,\"event\":\"joint_applied_before_advance\",\"incoming\":[1,2],\"last\":5,\"operation\":\"implicit-remove-3\",\"original_applied\":false,\"original_committed\":true,\"outgoing\":[1,2,3],\"overlap\":false,\"pending_conf\":5,\"queue_length\":3,\"ready\":false,\"role\":\"StateLeader\",\"term\":2,\"transferee\":0}\n"}
{"Time":"2026-10-06T15:04:44.575279491+08:00","Action":"output","Package":"go.etcd.io/raft/v3","Test":"TestAssuranceAutoLeaveTransferCheck/false","Output":"raft2026/10/06 15:04:44 INFO: initiating automatic transition out of joint configuration voters=(1 2)\u0026\u0026(1 2 3) autoleave\n"}
{"Time":"2026-10-06T15:04:44.575293603+08:00","Action":"output","Package":"go.etcd.io/raft/v3","Test":"TestAssuranceAutoLeaveTransferCheck/false","Output":"raft2026/10/06 15:04:44 INFO: 2 switched to configuration voters=(1 2)\u0026\u0026(1 2 3) autoleave\n"}
{"Time":"2026-10-06T15:04:44.57530441+08:00","Action":"output","Package":"go.etcd.io/raft/v3","Test":"TestAssuranceAutoLeaveTransferCheck/false","Output":"raft2026/10/06 15:04:44 INFO: 3 switched to configuration voters=(1 2)\u0026\u0026(1 2 3) autoleave\n"}
{"Time":"2026-10-06T15:04:44.575314016+08:00","Action":"output","Package":"go.etcd.io/raft/v3","Test":"TestAssuranceAutoLeaveTransferCheck/false","Output":"raft2026/10/06 15:04:44 INFO: 1 switched to configuration voters=(1 2)\n"}
{"Time":"2026-10-06T15:04:44.575322676+08:00","Action":"output","Package":"go.etcd.io/raft/v3","Test":"TestAssuranceAutoLeaveTransferCheck/false","Output":"raft2026/10/06 15:04:44 INFO: 2 switched to configuration voters=(1 2)\n"}
{"Time":"2026-10-06T15:04:44.575374287+08:00","Action":"output","Package":"go.etcd.io/raft/v3","Test":"TestAssuranceAutoLeaveTransferCheck/false","Output":"raft2026/10/06 15:04:44 INFO: 3 switched to configuration voters=(1 2)\n"}
{"Time":"2026-10-06T15:04:44.57538579+08:00","Action":"output","Package":"go.etcd.io/raft/v3","Test":"TestAssuranceAutoLeaveTransferCheck/false","Output":"CA_EVENT {\"applied\":6,\"auto_leave\":false,\"change_index\":5,\"committed\":6,\"dropped_timeout_now\":0,\"event\":\"after_joint_drain\",\"incoming\":[1,2],\"last\":6,\"operation\":\"implicit-remove-3\",\"original_applied\":true,\"original_committed\":true,\"outgoing\":null,\"overlap\":false,\"pending_conf\":6,\"queue_length\":0,\"ready\":false,\"role\":\"StateLeader\",\"term\":2,\"transferee\":0}\n"}
{"Time":"2026-10-06T15:04:44.575407971+08:00","Action":"output","Package":"go.etcd.io/raft/v3","Test":"TestAssuranceAutoLeaveTransferCheck/false","Output":"CA_EVENT {\"applied\":6,\"auto_leave\":false,\"change_index\":5,\"committed\":6,\"dropped_timeout_now\":0,\"event\":\"after_transfer_timeout\",\"incoming\":[1,2],\"last\":6,\"operation\":\"implicit-remove-3\",\"original_applied\":true,\"original_committed\":true,\"outgoing\":null,\"overlap\":false,\"pending_conf\":6,\"queue_length\":0,\"ready\":false,\"role\":\"StateLeader\",\"term\":2,\"transferee\":0}\n"}
{"Time":"2026-10-06T15:04:44.575461201+08:00","Action":"output","Package":"go.etcd.io/raft/v3","Test":"TestAssuranceAutoLeaveTransferCheck/false","Output":"CA_EVENT {\"applied\":6,\"auto_leave\":false,\"change_index\":5,\"committed\":6,\"dropped_timeout_now\":0,\"event\":\"after_30_ticks\",\"incoming\":[1,2],\"last\":6,\"operation\":\"implicit-remove-3\",\"original_applied\":true,\"original_committed\":true,\"outgoing\":null,\"overlap\":false,\"pending_conf\":6,\"queue_length\":0,\"ready\":false,\"role\":\"StateLeader\",\"term\":2,\"transferee\":0}\n"}
{"Time":"2026-10-06T15:04:44.575494275+08:00","Action":"output","Package":"go.etcd.io/raft/v3","Test":"TestAssuranceAutoLeaveTransferCheck/false","Output":"--- PASS: TestAssuranceAutoLeaveTransferCheck/false (0.00s)\n"}
{"Time":"2026-10-06T15:04:44.575507123+08:00","Action":"pass","Package":"go.etcd.io/raft/v3","Test":"TestAssuranceAutoLeaveTransferCheck/false","Elapsed":0}
{"Time":"2026-10-06T15:04:44.575534888+08:00","Action":"run","Package":"go.etcd.io/raft/v3","Test":"TestAssuranceAutoLeaveTransferCheck/true"}
{"Time":"2026-10-06T15:04:44.575548566+08:00","Action":"output","Package":"go.etcd.io/raft/v3","Test":"TestAssuranceAutoLeaveTransferCheck/true","Output":"=== RUN   TestAssuranceAutoLeaveTransferCheck/true\n"}
{"Time":"2026-10-06T15:04:44.575559034+08:00","Action":"output","Package":"go.etcd.io/raft/v3","Test":"TestAssuranceAutoLeaveTransferCheck/true","Output":"raft2026/10/06 15:04:44 INFO: 1 switched to configuration voters=()\n"}
{"Time":"2026-10-06T15:04:44.575568249+08:00","Action":"output","Package":"go.etcd.io/raft/v3","Test":"TestAssuranceAutoLeaveTransferCheck/true","Output":"raft2026/10/06 15:04:44 INFO: 1 became follower at term 0\n"}
{"Time":"2026-10-06T15:04:44.575577103+08:00","Action":"output","Package":"go.etcd.io/raft/v3","Test":"TestAssuranceAutoLeaveTransferCheck/true","Output":"raft2026/10/06 15:04:44 INFO: newRaft 1 [peers: [], term: 0, commit: 0, applied: 0, lastindex: 0, lastterm: 0]\n"}
{"Time":"2026-10-06T15:04:44.575586278+08:00","Action":"output","Package":"go.etcd.io/raft/v3","Test":"TestAssuranceAutoLeaveTransferCheck/true","Output":"raft2026/10/06 15:04:44 INFO: 1 became follower at term 1\n"}
{"Time":"2026-10-06T15:04:44.575608737+08:00","Action":"output","Package":"go.etcd.io/raft/v3","Test":"TestAssuranceAutoLeaveTransferCheck/true","Output":"raft2026/10/06 15:04:44 INFO: 1 switched to configuration voters=(1)\n"}
{"Time":"2026-10-06T15:04:44.575619049+08:00","Action":"output","Package":"go.etcd.io/raft/v3","Test":"TestAssuranceAutoLeaveTransferCheck/true","Output":"raft2026/10/06 15:04:44 INFO: 1 switched to configuration voters=(1 2)\n"}
{"Time":"2026-10-06T15:04:44.575627965+08:00","Action":"output","Package":"go.etcd.io/raft/v3","Test":"TestAssuranceAutoLeaveTransferCheck/true","Output":"raft2026/10/06 15:04:44 INFO: 1 switched to configuration voters=(1 2 3)\n"}
{"Time":"2026-10-06T15:04:44.575636537+08:00","Action":"output","Package":"go.etcd.io/raft/v3","Test":"TestAssuranceAutoLeaveTransferCheck/true","Output":"raft2026/10/06 15:04:44 INFO: 2 switched to configuration voters=()\n"}
{"Time":"2026-10-06T15:04:44.575650297+08:00","Action":"output","Package":"go.etcd.io/raft/v3","Test":"TestAssuranceAutoLeaveTransferCheck/true","Output":"raft2026/10/06 15:04:44 INFO: 2 became follower at term 0\n"}
{"Time":"2026-10-06T15:04:44.575660232+08:00","Action":"output","Package":"go.etcd.io/raft/v3","Test":"TestAssuranceAutoLeaveTransferCheck/true","Output":"raft2026/10/06 15:04:44 INFO: newRaft 2 [peers: [], term: 0, commit: 0, applied: 0, lastindex: 0, lastterm: 0]\n"}
{"Time":"2026-10-06T15:04:44.575669894+08:00","Action":"output","Package":"go.etcd.io/raft/v3","Test":"TestAssuranceAutoLeaveTransferCheck/true","Output":"raft2026/10/06 15:04:44 INFO: 2 became follower at term 1\n"}
{"Time":"2026-10-06T15:04:44.57567904+08:00","Action":"output","Package":"go.etcd.io/raft/v3","Test":"TestAssuranceAutoLeaveTransferCheck/true","Output":"raft2026/10/06 15:04:44 INFO: 2 switched to configuration voters=(1)\n"}
{"Time":"2026-10-06T15:04:44.575693514+08:00","Action":"output","Package":"go.etcd.io/raft/v3","Test":"TestAssuranceAutoLeaveTransferCheck/true","Output":"raft2026/10/06 15:04:44 INFO: 2 switched to configuration voters=(1 2)\n"}
{"Time":"2026-10-06T15:04:44.575703003+08:00","Action":"output","Package":"go.etcd.io/raft/v3","Test":"TestAssuranceAutoLeaveTransferCheck/true","Output":"raft2026/10/06 15:04:44 INFO: 2 switched to configuration voters=(1 2 3)\n"}
{"Time":"2026-10-06T15:04:44.575712287+08:00","Action":"output","Package":"go.etcd.io/raft/v3","Test":"TestAssuranceAutoLeaveTransferCheck/true","Output":"raft2026/10/06 15:04:44 INFO: 3 switched to configuration voters=()\n"}
{"Time":"2026-10-06T15:04:44.575720837+08:00","Action":"output","Package":"go.etcd.io/raft/v3","Test":"TestAssuranceAutoLeaveTransferCheck/true","Output":"raft2026/10/06 15:04:44 INFO: 3 became follower at term 0\n"}
{"Time":"2026-10-06T15:04:44.575729528+08:00","Action":"output","Package":"go.etcd.io/raft/v3","Test":"TestAssuranceAutoLeaveTransferCheck/true","Output":"raft2026/10/06 15:04:44 INFO: newRaft 3 [peers: [], term: 0, commit: 0, applied: 0, lastindex: 0, lastterm: 0]\n"}
{"Time":"2026-10-06T15:04:44.575738585+08:00","Action":"output","Package":"go.etcd.io/raft/v3","Test":"TestAssuranceAutoLeaveTransferCheck/true","Output":"raft2026/10/06 15:04:44 INFO: 3 became follower at term 1\n"}
{"Time":"2026-10-06T15:04:44.575953923+08:00","Action":"output","Package":"go.etcd.io/raft/v3","Test":"TestAssuranceAutoLeaveTransferCheck/true","Output":"raft2026/10/06 15:04:44 INFO: 3 switched to configuration voters=(1)\n"}
{"Time":"2026-10-06T15:04:44.57605789+08:00","Action":"output","Package":"go.etcd.io/raft/v3","Test":"TestAssuranceAutoLeaveTransferCheck/true","Output":"raft2026/10/06 15:04:44 INFO: 3 switched to configuration voters=(1 2)\n"}
{"Time":"2026-10-06T15:04:44.576065485+08:00","Action":"output","Package":"go.etcd.io/raft/v3","Test":"TestAssuranceAutoLeaveTransferCheck/true","Output":"raft2026/10/06 15:04:44 INFO: 3 switched to configuration voters=(1 2 3)\n"}
{"Time":"2026-10-06T15:04:44.576080945+08:00","Action":"output","Package":"go.etcd.io/raft/v3","Test":"TestAssuranceAutoLeaveTransferCheck/true","Output":"raft2026/10/06 15:04:44 INFO: 1 switched to configuration voters=(1 2 3)\n"}
{"Time":"2026-10-06T15:04:44.576456702+08:00","Action":"output","Package":"go.etcd.io/raft/v3","Test":"TestAssuranceAutoLeaveTransferCheck/true","Output":"raft2026/10/06 15:04:44 INFO: 1 switched to configuration voters=(1 2 3)\n"}
{"Time":"2026-10-06T15:04:44.576481619+08:00","Action":"output","Package":"go.etcd.io/raft/v3","Test":"TestAssuranceAutoLeaveTransferCheck/true","Output":"raft2026/10/06 15:04:44 INFO: 1 switched to configuration voters=(1 2 3)\n"}
{"Time":"2026-10-06T15:04:44.576491459+08:00","Action":"output","Package":"go.etcd.io/raft/v3","Test":"TestAssuranceAutoLeaveTransferCheck/true","Output":"raft2026/10/06 15:04:44 INFO: 2 switched to configuration voters=(1 2 3)\n"}
{"Time":"2026-10-06T15:04:44.576500085+08:00","Action":"output","Package":"go.etcd.io/raft/v3","Test":"TestAssuranceAutoLeaveTransferCheck/true","Output":"raft2026/10/06 15:04:44 INFO: 2 switched to configuration voters=(1 2 3)\n"}
{"Time":"2026-10-06T15:04:44.576508192+08:00","Action":"output","Package":"go.etcd.io/raft/v3","Test":"TestAssuranceAutoLeaveTransferCheck/true","Output":"raft2026/10/06 15:04:44 INFO: 2 switched to configuration voters=(1 2 3)\n"}
{"Time":"2026-10-06T15:04:44.576516585+08:00","Action":"output","Package":"go.etcd.io/raft/v3","Test":"TestAssuranceAutoLeaveTransferCheck/true","Output":"raft2026/10/06 15:04:44 INFO: 3 switched to configuration voters=(1 2 3)\n"}
{"Time":"2026-10-06T15:04:44.57653033+08:00","Action":"output","Package":"go.etcd.io/raft/v3","Test":"TestAssuranceAutoLeaveTransferCheck/true","Output":"raft2026/10/06 15:04:44 INFO: 3 switched to configuration voters=(1 2 3)\n"}
{"Time":"2026-10-06T15:04:44.576544143+08:00","Action":"output","Package":"go.etcd.io/raft/v3","Test":"TestAssuranceAutoLeaveTransferCheck/true","Output":"raft2026/10/06 15:04:44 INFO: 3 switched to configuration voters=(1 2 3)\n"}
{"Time":"2026-10-06T15:04:44.576557321+08:00","Action":"output","Package":"go.etcd.io/raft/v3","Test":"TestAssuranceAutoLeaveTransferCheck/true","Output":"raft2026/10/06 15:04:44 INFO: 1 is starting a new election at term 1\n"}
{"Time":"2026-10-06T15:04:44.576571834+08:00","Action":"output","Package":"go.etcd.io/raft/v3","Test":"TestAssuranceAutoLeaveTransferCheck/true","Output":"raft2026/10/06 15:04:44 INFO: 1 became pre-candidate at term 1\n"}
{"Time":"2026-10-06T15:04:44.576586422+08:00","Action":"output","Package":"go.etcd.io/raft/v3","Test":"TestAssuranceAutoLeaveTransferCheck/true","Output":"raft2026/10/06 15:04:44 INFO: 1 [logterm: 1, index: 3] sent MsgPreVote request to 2 at term 1\n"}
{"Time":"2026-10-06T15:04:44.57660197+08:00","Action":"output","Package":"go.etcd.io/raft/v3","Test":"TestAssuranceAutoLeaveTransferCheck/true","Output":"raft2026/10/06 15:04:44 INFO: 1 [logterm: 1, index: 3] sent MsgPreVote request to 3 at term 1\n"}
{"Time":"2026-10-06T15:04:44.576625944+08:00","Action":"output","Package":"go.etcd.io/raft/v3","Test":"TestAssuranceAutoLeaveTransferCheck/true","Output":"raft2026/10/06 15:04:44 INFO: 1 received MsgPreVoteResp from 1 at term 1\n"}
{"Time":"2026-10-06T15:04:44.57664058+08:00","Action":"output","Package":"go.etcd.io/raft/v3","Test":"TestAssuranceAutoLeaveTransferCheck/true","Output":"raft2026/10/06 15:04:44 INFO: 1 has received 1 MsgPreVoteResp votes and 0 vote rejections\n"}
{"Time":"2026-10-06T15:04:44.576655216+08:00","Action":"output","Package":"go.etcd.io/raft/v3","Test":"TestAssuranceAutoLeaveTransferCheck/true","Output":"raft2026/10/06 15:04:44 INFO: 2 [logterm: 1, index: 3, vote: 0] cast MsgPreVote for 1 [logterm: 1, index: 3] at term 1\n"}
{"Time":"2026-10-06T15:04:44.576670919+08:00","Action":"output","Package":"go.etcd.io/raft/v3","Test":"TestAssuranceAutoLeaveTransferCheck/true","Output":"raft2026/10/06 15:04:44 INFO: 3 [logterm: 1, index: 3, vote: 0] cast MsgPreVote for 1 [logterm: 1, index: 3] at term 1\n"}
{"Time":"2026-10-06T15:04:44.576684774+08:00","Action":"output","Package":"go.etcd.io/raft/v3","Test":"TestAssuranceAutoLeaveTransferCheck/true","Output":"raft2026/10/06 15:04:44 INFO: 1 received MsgPreVoteResp from 2 at term 1\n"}
{"Time":"2026-10-06T15:04:44.576698037+08:00","Action":"output","Package":"go.etcd.io/raft/v3","Test":"TestAssuranceAutoLeaveTransferCheck/true","Output":"raft2026/10/06 15:04:44 INFO: 1 has received 2 MsgPreVoteResp votes and 0 vote rejections\n"}
{"Time":"2026-10-06T15:04:44.576711494+08:00","Action":"output","Package":"go.etcd.io/raft/v3","Test":"TestAssuranceAutoLeaveTransferCheck/true","Output":"raft2026/10/06 15:04:44 INFO: 1 became candidate at term 2\n"}
{"Time":"2026-10-06T15:04:44.576725699+08:00","Action":"output","Package":"go.etcd.io/raft/v3","Test":"TestAssuranceAutoLeaveTransferCheck/true","Output":"raft2026/10/06 15:04:44 INFO: 1 [logterm: 1, index: 3] sent MsgVote request to 2 at term 2\n"}
{"Time":"2026-10-06T15:04:44.576739972+08:00","Action":"output","Package":"go.etcd.io/raft/v3","Test":"TestAssuranceAutoLeaveTransferCheck/true","Output":"raft2026/10/06 15:04:44 INFO: 1 [logterm: 1, index: 3] sent MsgVote request to 3 at term 2\n"}
{"Time":"2026-10-06T15:04:44.57675708+08:00","Action":"output","Package":"go.etcd.io/raft/v3","Test":"TestAssuranceAutoLeaveTransferCheck/true","Output":"raft2026/10/06 15:04:44 INFO: 1 received MsgVoteResp from 1 at term 2\n"}
{"Time":"2026-10-06T15:04:44.576771653+08:00","Action":"output","Package":"go.etcd.io/raft/v3","Test":"TestAssuranceAutoLeaveTransferCheck/true","Output":"raft2026/10/06 15:04:44 INFO: 1 has received 1 MsgVoteResp votes and 0 vote rejections\n"}
{"Time":"2026-10-06T15:04:44.576786244+08:00","Action":"output","Package":"go.etcd.io/raft/v3","Test":"TestAssuranceAutoLeaveTransferCheck/true","Output":"raft2026/10/06 15:04:44 INFO: 2 [term: 1] received a MsgVote message with higher term from 1 [term: 2]\n"}
{"Time":"2026-10-06T15:04:44.576807867+08:00","Action":"output","Package":"go.etcd.io/raft/v3","Test":"TestAssuranceAutoLeaveTransferCheck/true","Output":"raft2026/10/06 15:04:44 INFO: 2 became follower at term 2\n"}
{"Time":"2026-10-06T15:04:44.576823385+08:00","Action":"output","Package":"go.etcd.io/raft/v3","Test":"TestAssuranceAutoLeaveTransferCheck/true","Output":"raft2026/10/06 15:04:44 INFO: 2 [logterm: 1, index: 3, vote: 0] cast MsgVote for 1 [logterm: 1, index: 3] at term 2\n"}
{"Time":"2026-10-06T15:04:44.576840395+08:00","Action":"output","Package":"go.etcd.io/raft/v3","Test":"TestAssuranceAutoLeaveTransferCheck/true","Output":"raft2026/10/06 15:04:44 INFO: 3 [term: 1] received a MsgVote message with higher term from 1 [term: 2]\n"}
{"Time":"2026-10-06T15:04:44.576855455+08:00","Action":"output","Package":"go.etcd.io/raft/v3","Test":"TestAssuranceAutoLeaveTransferCheck/true","Output":"raft2026/10/06 15:04:44 INFO: 3 became follower at term 2\n"}
{"Time":"2026-10-06T15:04:44.576870068+08:00","Action":"output","Package":"go.etcd.io/raft/v3","Test":"TestAssuranceAutoLeaveTransferCheck/true","Output":"raft2026/10/06 15:04:44 INFO: 3 [logterm: 1, index: 3, vote: 0] cast MsgVote for 1 [logterm: 1, index: 3] at term 2\n"}
{"Time":"2026-10-06T15:04:44.576884823+08:00","Action":"output","Package":"go.etcd.io/raft/v3","Test":"TestAssuranceAutoLeaveTransferCheck/true","Output":"raft2026/10/06 15:04:44 INFO: 1 received MsgVoteResp from 2 at term 2\n"}
{"Time":"2026-10-06T15:04:44.576899522+08:00","Action":"output","Package":"go.etcd.io/raft/v3","Test":"TestAssuranceAutoLeaveTransferCheck/true","Output":"raft2026/10/06 15:04:44 INFO: 1 has received 2 MsgVoteResp votes and 0 vote rejections\n"}
{"Time":"2026-10-06T15:04:44.57691276+08:00","Action":"output","Package":"go.etcd.io/raft/v3","Test":"TestAssuranceAutoLeaveTransferCheck/true","Output":"raft2026/10/06 15:04:44 INFO: 1 became leader at term 2\n"}
{"Time":"2026-10-06T15:04:44.576934769+08:00","Action":"output","Package":"go.etcd.io/raft/v3","Test":"TestAssuranceAutoLeaveTransferCheck/true","Output":"raft2026/10/06 15:04:44 INFO: 1 switched to configuration voters=(1 2)\u0026\u0026(1 2 3) autoleave\n"}
{"Time":"2026-10-06T15:04:44.576949342+08:00","Action":"output","Package":"go.etcd.io/raft/v3","Test":"TestAssuranceAutoLeaveTransferCheck/true","Output":"raft2026/10/06 15:04:44 INFO: 1 [term 2] starts to transfer leadership to 2\n"}
{"Time":"2026-10-06T15:04:44.57696303+08:00","Action":"output","Package":"go.etcd.io/raft/v3","Test":"TestAssuranceAutoLeaveTransferCheck/true","Output":"raft2026/10/06 15:04:44 INFO: 1 sends MsgTimeoutNow to 2 immediately as 2 already has up-to-date log\n"}
{"Time":"2026-10-06T15:04:44.576977087+08:00","Action":"output","Package":"go.etcd.io/raft/v3","Test":"TestAssuranceAutoLeaveTransferCheck/true","Output":"CA_EVENT {\"applied\":4,\"auto_leave\":true,\"change_index\":5,\"committed\":5,\"dropped_timeout_now\":0,\"event\":\"joint_applied_before_advance\",\"incoming\":[1,2],\"last\":5,\"operation\":\"implicit-remove-3\",\"original_applied\":false,\"original_committed\":true,\"outgoing\":[1,2,3],\"overlap\":true,\"pending_conf\":5,\"queue_length\":3,\"ready\":true,\"role\":\"StateLeader\",\"term\":2,\"transferee\":2}\n"}
{"Time":"2026-10-06T15:04:44.576990024+08:00","Action":"output","Package":"go.etcd.io/raft/v3","Test":"TestAssuranceAutoLeaveTransferCheck/true","Output":"raft2026/10/06 15:04:44 INFO: 2 switched to configuration voters=(1 2)\u0026\u0026(1 2 3) autoleave\n"}
{"Time":"2026-10-06T15:04:44.576998297+08:00","Action":"output","Package":"go.etcd.io/raft/v3","Test":"TestAssuranceAutoLeaveTransferCheck/true","Output":"raft2026/10/06 15:04:44 INFO: 3 switched to configuration voters=(1 2)\u0026\u0026(1 2 3) autoleave\n"}
{"Time":"2026-10-06T15:04:44.577011093+08:00","Action":"output","Package":"go.etcd.io/raft/v3","Test":"TestAssuranceAutoLeaveTransferCheck/true","Output":"CA_EVENT {\"applied\":5,\"auto_leave\":true,\"change_index\":5,\"committed\":5,\"dropped_timeout_now\":1,\"event\":\"after_joint_drain\",\"incoming\":[1,2],\"last\":5,\"operation\":\"implicit-remove-3\",\"original_applied\":true,\"original_committed\":true,\"outgoing\":[1,2,3],\"overlap\":true,\"pending_conf\":5,\"queue_length\":0,\"ready\":false,\"role\":\"StateLeader\",\"term\":2,\"transferee\":2}\n"}
{"Time":"2026-10-06T15:04:44.577036981+08:00","Action":"output","Package":"go.etcd.io/raft/v3","Test":"TestAssuranceAutoLeaveTransferCheck/true","Output":"CA_EVENT {\"applied\":5,\"auto_leave\":true,\"change_index\":5,\"committed\":5,\"dropped_timeout_now\":1,\"event\":\"after_transfer_timeout\",\"incoming\":[1,2],\"last\":5,\"operation\":\"implicit-remove-3\",\"original_applied\":true,\"original_committed\":true,\"outgoing\":[1,2,3],\"overlap\":true,\"pending_conf\":5,\"queue_length\":0,\"ready\":false,\"role\":\"StateLeader\",\"term\":2,\"transferee\":0}\n"}
{"Time":"2026-10-06T15:04:44.580777289+08:00","Action":"output","Package":"go.etcd.io/raft/v3","Test":"TestAssuranceAutoLeaveTransferCheck/true","Output":"CA_EVENT {\"event\":\"cycle_start\",\"operation\":\"implicit-remove-3\",\"overlap\":true,\"state\":\"{\\\"1\\\":{\\\"type\\\":\\\"*raft.RawNode\\\",\\\"value\\\":{\\\"fields\\\":{\\\"asyncStorageWrites\\\":false,\\\"prevHardSt\\\":{\\\"fields\\\":{\\\"Commit\\\":5,\\\"Term\\\":2,\\\"Vote\\\":1},\\\"type\\\":\\\"raftpb.HardState\\\"},\\\"prevSoftSt\\\":{\\\"type\\\":\\\"*raft.SoftState\\\",\\\"value\\\":{\\\"fields\\\":{\\\"Lead\\\":1,\\\"RaftState\\\":2},\\\"type\\\":\\\"raft.SoftState\\\"}},\\\"raft\\\":{\\\"type\\\":\\\"*raft.raft\\\",\\\"value\\\":{\\\"fields\\\":{\\\"Term\\\":2,\\\"Vote\\\":1,\\\"checkQuorum\\\":true,\\\"disableConfChangeValidation\\\":false,\\\"disableProposalForwarding\\\":false,\\\"electionElapsed\\\":0,\\\"electionTimeout\\\":10,\\\"heartbeatElapsed\\\":0,\\\"heartbeatTimeout\\\":1,\\\"id\\\":1,\\\"isLearner\\\":false,\\\"lead\\\":1,\\\"leadTransferee\\\":0,\\\"maxMsgSize\\\":4096,\\\"maxUncommittedSize\\\":18446744073709551615,\\\"msgs\\\":{\\\"capacity\\\":0,\\\"nil\\\":true,\\\"type\\\":\\\"[]raftpb.Message\\\",\\\"values\\\":[]},\\\"msgsAfterAppend\\\":{\\\"capacity\\\":0,\\\"nil\\\":true,\\\"type\\\":\\\"[]raftpb.Message\\\",\\\"values\\\":[]},\\\"pendingConfIndex\\\":5,\\\"pendingReadIndexMessages\\\":{\\\"capaci"}
{"Time":"2026-10-06T15:04:44.580818563+08:00","Action":"output","Package":"go.etcd.io/raft/v3","Test":"TestAssuranceAutoLeaveTransferCheck/true","Output":"ty\\\":0,\\\"nil\\\":true,\\\"type\\\":\\\"[]raftpb.Message\\\",\\\"values\\\":[]},\\\"preVote\\\":true,\\\"raftLog\\\":{\\\"type\\\":\\\"*raft.raftLog\\\",\\\"value\\\":{\\\"fields\\\":{\\\"applied\\\":5,\\\"applying\\\":5,\\\"applyingEntsPaused\\\":false,\\\"applyingEntsSize\\\":0,\\\"committed\\\":5,\\\"maxApplyingEntsSize\\\":4096,\\\"storage\\\":{\\\"type\\\":\\\"raft.Storage\\\",\\\"value\\\":{\\\"type\\\":\\\"*raft.MemoryStorage\\\",\\\"value\\\":{\\\"fields\\\":{\\\"Mutex\\\":{\\\"fields\\\":{\\\"_\\\":{\\\"fields\\\":{},\\\"type\\\":\\\"sync.noCopy\\\"},\\\"mu\\\":{\\\"fields\\\":{\\\"sema\\\":0,\\\"state\\\":0},\\\"type\\\":\\\"sync.Mutex\\\"}},\\\"type\\\":\\\"sync.Mutex\\\"},\\\"ents\\\":{\\\"capacity\\\":8,\\\"nil\\\":false,\\\"type\\\":\\\"[]raftpb.Entry\\\",\\\"values\\\":[{\\\"fields\\\":{\\\"Data\\\":{\\\"capacity\\\":0,\\\"nil\\\":true,\\\"type\\\":\\\"[]uint8\\\",\\\"values\\\":[]},\\\"Index\\\":0,\\\"Term\\\":0,\\\"Type\\\":0},\\\"type\\\":\\\"raftpb.Entry\\\"},{\\\"fields\\\":{\\\"Data\\\":{\\\"capacity\\\":6,\\\"nil\\\":false,\\\"type\\\":\\\"[]uint8\\\",\\\"values\\\":[8,0,16,0,24,1]},\\\"Index\\\":1,\\\"Term\\\":1,\\\"Type\\\":1},\\\"type\\\":\\\"raftpb.Entry\\\"},{\\\"fields\\\":{\\\"Data\\\":{\\\"capacity\\\":6,\\\"nil\\\":false,\\\"type\\\":\\\"[]uint8\\\",\\\"values\\\":[8,0,16"}
{"Time":"2026-10-06T15:04:44.580835372+08:00","Action":"output","Package":"go.etcd.io/raft/v3","Test":"TestAssuranceAutoLeaveTransferCheck/true","Output":",0,24,2]},\\\"Index\\\":2,\\\"Term\\\":1,\\\"Type\\\":1},\\\"type\\\":\\\"raftpb.Entry\\\"},{\\\"fields\\\":{\\\"Data\\\":{\\\"capacity\\\":6,\\\"nil\\\":false,\\\"type\\\":\\\"[]uint8\\\",\\\"values\\\":[8,0,16,0,24,3]},\\\"Index\\\":3,\\\"Term\\\":1,\\\"Type\\\":1},\\\"type\\\":\\\"raftpb.Entry\\\"},{\\\"fields\\\":{\\\"Data\\\":{\\\"capacity\\\":0,\\\"nil\\\":true,\\\"type\\\":\\\"[]uint8\\\",\\\"values\\\":[]},\\\"Index\\\":4,\\\"Term\\\":2,\\\"Type\\\":0},\\\"type\\\":\\\"raftpb.Entry\\\"},{\\\"fields\\\":{\\\"Data\\\":{\\\"capacity\\\":8,\\\"nil\\\":false,\\\"type\\\":\\\"[]uint8\\\",\\\"values\\\":[8,1,18,4,8,1,16,3]},\\\"Index\\\":5,\\\"Term\\\":2,\\\"Type\\\":2},\\\"type\\\":\\\"raftpb.Entry\\\"}]},\\\"hardState\\\":{\\\"fields\\\":{\\\"Commit\\\":5,\\\"Term\\\":2,\\\"Vote\\\":1},\\\"type\\\":\\\"raftpb.HardState\\\"},\\\"snapshot\\\":{\\\"fields\\\":{\\\"Data\\\":{\\\"capacity\\\":0,\\\"nil\\\":true,\\\"type\\\":\\\"[]uint8\\\",\\\"values\\\":[]},\\\"Metadata\\\":{\\\"fields\\\":{\\\"ConfState\\\":{\\\"fields\\\":{\\\"AutoLeave\\\":false,\\\"Learners\\\":{\\\"capacity\\\":0,\\\"nil\\\":true,\\\"type\\\":\\\"[]uint64\\\",\\\"values\\\":[]},\\\"LearnersNext\\\":{\\\"capacity\\\":0,\\\"nil\\\":true,\\\"type\\\":\\\"[]uint64\\\",\\\"values\\\":[]},\\\"Voters\\\":{\\\"capacity\\\":0,\\\"nil\\\":true,\\\""}
{"Time":"2026-10-06T15:04:44.580851456+08:00","Action":"output","Package":"go.etcd.io/raft/v3","Test":"TestAssuranceAutoLeaveTransferCheck/true","Output":"type\\\":\\\"[]uint64\\\",\\\"values\\\":[]},\\\"VotersOutgoing\\\":{\\\"capacity\\\":0,\\\"nil\\\":true,\\\"type\\\":\\\"[]uint64\\\",\\\"values\\\":[]}},\\\"type\\\":\\\"raftpb.ConfState\\\"},\\\"Index\\\":0,\\\"Term\\\":0},\\\"type\\\":\\\"raftpb.SnapshotMetadata\\\"}},\\\"type\\\":\\\"raftpb.Snapshot\\\"}},\\\"type\\\":\\\"raft.MemoryStorage\\\"}}},\\\"unstable\\\":{\\\"fields\\\":{\\\"entries\\\":{\\\"capacity\\\":0,\\\"nil\\\":true,\\\"type\\\":\\\"[]raftpb.Entry\\\",\\\"values\\\":[]},\\\"offset\\\":6,\\\"offsetInProgress\\\":6,\\\"snapshot\\\":{\\\"nil\\\":true,\\\"type\\\":\\\"*raftpb.Snapshot\\\"},\\\"snapshotInProgress\\\":false},\\\"type\\\":\\\"raft.unstable\\\"}},\\\"type\\\":\\\"raft.raftLog\\\"}},\\\"randomizedElectionTimeout\\\":16,\\\"readOnly\\\":{\\\"type\\\":\\\"*raft.readOnly\\\",\\\"value\\\":{\\\"fields\\\":{\\\"option\\\":0,\\\"pendingReadIndex\\\":{\\\"pairs\\\":[],\\\"type\\\":\\\"map[string]*raft.readIndexStatus\\\"},\\\"readIndexQueue\\\":{\\\"capacity\\\":0,\\\"nil\\\":true,\\\"type\\\":\\\"[]string\\\",\\\"values\\\":[]}},\\\"type\\\":\\\"raft.readOnly\\\"}},\\\"readStates\\\":{\\\"capacity\\\":0,\\\"nil\\\":true,\\\"type\\\":\\\"[]raft.ReadState\\\",\\\"values\\\":[]},\\\"state\\\":2,\\\"step\\\":{\\\"function\\\":8362368,\\\"type\\\":\\\"r"}
{"Time":"2026-10-06T15:04:44.580868485+08:00","Action":"output","Package":"go.etcd.io/raft/v3","Test":"TestAssuranceAutoLeaveTransferCheck/true","Output":"aft.stepFunc\\\"},\\\"stepDownOnRemoval\\\":false,\\\"tick\\\":{\\\"function\\\":9022944,\\\"type\\\":\\\"func()\\\"},\\\"trk\\\":{\\\"fields\\\":{\\\"Config\\\":{\\\"fields\\\":{\\\"AutoLeave\\\":true,\\\"Learners\\\":{\\\"nil\\\":true,\\\"type\\\":\\\"map[uint64]struct {}\\\"},\\\"LearnersNext\\\":{\\\"nil\\\":true,\\\"type\\\":\\\"map[uint64]struct {}\\\"},\\\"Voters\\\":{\\\"type\\\":\\\"quorum.JointConfig\\\",\\\"values\\\":[{\\\"pairs\\\":[\\\"[1,{\\\\\\\"fields\\\\\\\":{},\\\\\\\"type\\\\\\\":\\\\\\\"struct {}\\\\\\\"}]\\\",\\\"[2,{\\\\\\\"fields\\\\\\\":{},\\\\\\\"type\\\\\\\":\\\\\\\"struct {}\\\\\\\"}]\\\"],\\\"type\\\":\\\"quorum.MajorityConfig\\\"},{\\\"pairs\\\":[\\\"[1,{\\\\\\\"fields\\\\\\\":{},\\\\\\\"type\\\\\\\":\\\\\\\"struct {}\\\\\\\"}]\\\",\\\"[2,{\\\\\\\"fields\\\\\\\":{},\\\\\\\"type\\\\\\\":\\\\\\\"struct {}\\\\\\\"}]\\\",\\\"[3,{\\\\\\\"fields\\\\\\\":{},\\\\\\\"type\\\\\\\":\\\\\\\"struct {}\\\\\\\"}]\\\"],\\\"type\\\":\\\"quorum.MajorityConfig\\\"}]}},\\\"type\\\":\\\"tracker.Config\\\"},\\\"MaxInflight\\\":256,\\\"MaxInflightBytes\\\":18446744073709551615,\\\"Progress\\\":{\\\"pairs\\\":[\\\"[1,{\\\\\\\"type\\\\\\\":\\\\\\\"*tracker.Progress\\\\\\\",\\\\\\\"value\\\\\\\":{\\\\\\\"fields\\\\\\\":{\\\\\\\"Inflights\\\\\\\":{\\\\\\\"type\\\\\\\":\\\\\\\"*tracker.Inflights\\\\\\\",\\\\\\\"value\\\\\\\":{\\\\\\\"fields\\\\\\\":{\\\\"}
{"Time":"2026-10-06T15:04:44.580890361+08:00","Action":"output","Package":"go.etcd.io/raft/v3","Test":"TestAssuranceAutoLeaveTransferCheck/true","Output":"\\\"buffer\\\\\\\":{\\\\\\\"capacity\\\\\\\":0,\\\\\\\"nil\\\\\\\":true,\\\\\\\"type\\\\\\\":\\\\\\\"[]tracker.inflight\\\\\\\",\\\\\\\"values\\\\\\\":[]},\\\\\\\"bytes\\\\\\\":0,\\\\\\\"count\\\\\\\":0,\\\\\\\"maxBytes\\\\\\\":18446744073709551615,\\\\\\\"size\\\\\\\":256,\\\\\\\"start\\\\\\\":0},\\\\\\\"type\\\\\\\":\\\\\\\"tracker.Inflights\\\\\\\"}},\\\\\\\"IsLearner\\\\\\\":false,\\\\\\\"Match\\\\\\\":5,\\\\\\\"MsgAppFlowPaused\\\\\\\":false,\\\\\\\"Next\\\\\\\":6,\\\\\\\"PendingSnapshot\\\\\\\":0,\\\\\\\"RecentActive\\\\\\\":true,\\\\\\\"State\\\\\\\":1,\\\\\\\"sentCommit\\\\\\\":0},\\\\\\\"type\\\\\\\":\\\\\\\"tracker.Progress\\\\\\\"}}]\\\",\\\"[2,{\\\\\\\"type\\\\\\\":\\\\\\\"*tracker.Progress\\\\\\\",\\\\\\\"value\\\\\\\":{\\\\\\\"fields\\\\\\\":{\\\\\\\"Inflights\\\\\\\":{\\\\\\\"type\\\\\\\":\\\\\\\"*tracker.Inflights\\\\\\\",\\\\\\\"value\\\\\\\":{\\\\\\\"fields\\\\\\\":{\\\\\\\"buffer\\\\\\\":{\\\\\\\"capacity\\\\\\\":1,\\\\\\\"nil\\\\\\\":false,\\\\\\\"type\\\\\\\":\\\\\\\"[]tracker.inflight\\\\\\\",\\\\\\\"values\\\\\\\":[{\\\\\\\"fields\\\\\\\":{\\\\\\\"bytes\\\\\\\":8,\\\\\\\"index\\\\\\\":5},\\\\\\\"type\\\\\\\":\\\\\\\"tracker.inflight\\\\\\\"}]},\\\\\\\"bytes\\\\\\\":0,\\\\\\\"count\\\\\\\":0,\\\\\\\"maxBytes\\\\\\\":18446744073709551615,\\\\\\\"size\\\\\\\":256,\\\\\\\"start\\\\\\\":0},\\\\\\\"type\\\\\\\":\\\\\\\"tracker.Inflights\\\\\\\"}},\\\\\\\"IsLearner\\\\\\\":false,\\\\\\\"Match\\\\\\\":5,"}
{"Time":"2026-10-06T15:04:44.580905866+08:00","Action":"output","Package":"go.etcd.io/raft/v3","Test":"TestAssuranceAutoLeaveTransferCheck/true","Output":"\\\\\\\"MsgAppFlowPaused\\\\\\\":false,\\\\\\\"Next\\\\\\\":6,\\\\\\\"PendingSnapshot\\\\\\\":0,\\\\\\\"RecentActive\\\\\\\":true,\\\\\\\"State\\\\\\\":1,\\\\\\\"sentCommit\\\\\\\":5},\\\\\\\"type\\\\\\\":\\\\\\\"tracker.Progress\\\\\\\"}}]\\\",\\\"[3,{\\\\\\\"type\\\\\\\":\\\\\\\"*tracker.Progress\\\\\\\",\\\\\\\"value\\\\\\\":{\\\\\\\"fields\\\\\\\":{\\\\\\\"Inflights\\\\\\\":{\\\\\\\"type\\\\\\\":\\\\\\\"*tracker.Inflights\\\\\\\",\\\\\\\"value\\\\\\\":{\\\\\\\"fields\\\\\\\":{\\\\\\\"buffer\\\\\\\":{\\\\\\\"capacity\\\\\\\":1,\\\\\\\"nil\\\\\\\":false,\\\\\\\"type\\\\\\\":\\\\\\\"[]tracker.inflight\\\\\\\",\\\\\\\"values\\\\\\\":[{\\\\\\\"fields\\\\\\\":{\\\\\\\"bytes\\\\\\\":8,\\\\\\\"index\\\\\\\":5},\\\\\\\"type\\\\\\\":\\\\\\\"tracker.inflight\\\\\\\"}]},\\\\\\\"bytes\\\\\\\":0,\\\\\\\"count\\\\\\\":0,\\\\\\\"maxBytes\\\\\\\":18446744073709551615,\\\\\\\"size\\\\\\\":256,\\\\\\\"start\\\\\\\":0},\\\\\\\"type\\\\\\\":\\\\\\\"tracker.Inflights\\\\\\\"}},\\\\\\\"IsLearner\\\\\\\":false,\\\\\\\"Match\\\\\\\":5,\\\\\\\"MsgAppFlowPaused\\\\\\\":false,\\\\\\\"Next\\\\\\\":6,\\\\\\\"PendingSnapshot\\\\\\\":0,\\\\\\\"RecentActive\\\\\\\":true,\\\\\\\"State\\\\\\\":1,\\\\\\\"sentCommit\\\\\\\":5},\\\\\\\"type\\\\\\\":\\\\\\\"tracker.Progress\\\\\\\"}}]\\\"],\\\"type\\\":\\\"tracker.ProgressMap\\\"},\\\"Votes\\\":{\\\"pairs\\\":[],\\\"type\\\":\\\"map[uint64]bool\\\"}},\\\"type\\\":\\\"tracker.Progre"}
{"Time":"2026-10-06T15:04:44.580919154+08:00","Action":"output","Package":"go.etcd.io/raft/v3","Test":"TestAssuranceAutoLeaveTransferCheck/true","Output":"ssTracker\\\"},\\\"uncommittedSize\\\":0},\\\"type\\\":\\\"raft.raft\\\"}},\\\"stepsOnAdvance\\\":{\\\"capacity\\\":2,\\\"nil\\\":false,\\\"type\\\":\\\"[]raftpb.Message\\\",\\\"values\\\":[]}},\\\"type\\\":\\\"raft.RawNode\\\"}},\\\"2\\\":{\\\"type\\\":\\\"*raft.RawNode\\\",\\\"value\\\":{\\\"fields\\\":{\\\"asyncStorageWrites\\\":false,\\\"prevHardSt\\\":{\\\"fields\\\":{\\\"Commit\\\":5,\\\"Term\\\":2,\\\"Vote\\\":1},\\\"type\\\":\\\"raftpb.HardState\\\"},\\\"prevSoftSt\\\":{\\\"type\\\":\\\"*raft.SoftState\\\",\\\"value\\\":{\\\"fields\\\":{\\\"Lead\\\":1,\\\"RaftState\\\":0},\\\"type\\\":\\\"raft.SoftState\\\"}},\\\"raft\\\":{\\\"type\\\":\\\"*raft.raft\\\",\\\"value\\\":{\\\"fields\\\":{\\\"Term\\\":2,\\\"Vote\\\":1,\\\"checkQuorum\\\":true,\\\"disableConfChangeValidation\\\":false,\\\"disableProposalForwarding\\\":false,\\\"electionElapsed\\\":0,\\\"electionTimeout\\\":10,\\\"heartbeatElapsed\\\":0,\\\"heartbeatTimeout\\\":1,\\\"id\\\":2,\\\"isLearner\\\":false,\\\"lead\\\":1,\\\"leadTransferee\\\":0,\\\"maxMsgSize\\\":4096,\\\"maxUncommittedSize\\\":18446744073709551615,\\\"msgs\\\":{\\\"capacity\\\":0,\\\"nil\\\":true,\\\"type\\\":\\\"[]raftpb.Message\\\",\\\"values\\\":[]},\\\"msgsAfterAppend\\\":{\\\"capacity\\\":0,\\\"nil\\\":true,\\\"type\\\":\\\""}
{"Time":"2026-10-06T15:04:44.580936054+08:00","Action":"output","Package":"go.etcd.io/raft/v3","Test":"TestAssuranceAutoLeaveTransferCheck/true","Output":"[]raftpb.Message\\\",\\\"values\\\":[]},\\\"pendingConfIndex\\\":0,\\\"pendingReadIndexMessages\\\":{\\\"capacity\\\":0,\\\"nil\\\":true,\\\"type\\\":\\\"[]raftpb.Message\\\",\\\"values\\\":[]},\\\"preVote\\\":true,\\\"raftLog\\\":{\\\"type\\\":\\\"*raft.raftLog\\\",\\\"value\\\":{\\\"fields\\\":{\\\"applied\\\":5,\\\"applying\\\":5,\\\"applyingEntsPaused\\\":false,\\\"applyingEntsSize\\\":0,\\\"committed\\\":5,\\\"maxApplyingEntsSize\\\":4096,\\\"storage\\\":{\\\"type\\\":\\\"raft.Storage\\\",\\\"value\\\":{\\\"type\\\":\\\"*raft.MemoryStorage\\\",\\\"value\\\":{\\\"fields\\\":{\\\"Mutex\\\":{\\\"fields\\\":{\\\"_\\\":{\\\"fields\\\":{},\\\"type\\\":\\\"sync.noCopy\\\"},\\\"mu\\\":{\\\"fields\\\":{\\\"sema\\\":0,\\\"state\\\":0},\\\"type\\\":\\\"sync.Mutex\\\"}},\\\"type\\\":\\\"sync.Mutex\\\"},\\\"ents\\\":{\\\"capacity\\\":8,\\\"nil\\\":false,\\\"type\\\":\\\"[]raftpb.Entry\\\",\\\"values\\\":[{\\\"fields\\\":{\\\"Data\\\":{\\\"capacity\\\":0,\\\"nil\\\":true,\\\"type\\\":\\\"[]uint8\\\",\\\"values\\\":[]},\\\"Index\\\":0,\\\"Term\\\":0,\\\"Type\\\":0},\\\"type\\\":\\\"raftpb.Entry\\\"},{\\\"fields\\\":{\\\"Data\\\":{\\\"capacity\\\":6,\\\"nil\\\":false,\\\"type\\\":\\\"[]uint8\\\",\\\"values\\\":[8,0,16,0,24,1]},\\\"Index\\\":1,\\\"Term\\\":1,\\\"Type\\\":1},\\\"type\\\":\\\"raftpb.Entry"}
{"Time":"2026-10-06T15:04:44.580949108+08:00","Action":"output","Package":"go.etcd.io/raft/v3","Test":"TestAssuranceAutoLeaveTransferCheck/true","Output":"\\\"},{\\\"fields\\\":{\\\"Data\\\":{\\\"capacity\\\":6,\\\"nil\\\":false,\\\"type\\\":\\\"[]uint8\\\",\\\"values\\\":[8,0,16,0,24,2]},\\\"Index\\\":2,\\\"Term\\\":1,\\\"Type\\\":1},\\\"type\\\":\\\"raftpb.Entry\\\"},{\\\"fields\\\":{\\\"Data\\\":{\\\"capacity\\\":6,\\\"nil\\\":false,\\\"type\\\":\\\"[]uint8\\\",\\\"values\\\":[8,0,16,0,24,3]},\\\"Index\\\":3,\\\"Term\\\":1,\\\"Type\\\":1},\\\"type\\\":\\\"raftpb.Entry\\\"},{\\\"fields\\\":{\\\"Data\\\":{\\\"capacity\\\":0,\\\"nil\\\":true,\\\"type\\\":\\\"[]uint8\\\",\\\"values\\\":[]},\\\"Index\\\":4,\\\"Term\\\":2,\\\"Type\\\":0},\\\"type\\\":\\\"raftpb.Entry\\\"},{\\\"fields\\\":{\\\"Data\\\":{\\\"capacity\\\":8,\\\"nil\\\":false,\\\"type\\\":\\\"[]uint8\\\",\\\"values\\\":[8,1,18,4,8,1,16,3]},\\\"Index\\\":5,\\\"Term\\\":2,\\\"Type\\\":2},\\\"type\\\":\\\"raftpb.Entry\\\"}]},\\\"hardState\\\":{\\\"fields\\\":{\\\"Commit\\\":5,\\\"Term\\\":2,\\\"Vote\\\":1},\\\"type\\\":\\\"raftpb.HardState\\\"},\\\"snapshot\\\":{\\\"fields\\\":{\\\"Data\\\":{\\\"capacity\\\":0,\\\"nil\\\":true,\\\"type\\\":\\\"[]uint8\\\",\\\"values\\\":[]},\\\"Metadata\\\":{\\\"fields\\\":{\\\"ConfState\\\":{\\\"fields\\\":{\\\"AutoLeave\\\":false,\\\"Learners\\\":{\\\"capacity\\\":0,\\\"nil\\\":true,\\\"type\\\":\\\"[]uint64\\\",\\\"values\\\":[]},\\\"LearnersNext\\\":{\\\"capacity\\\""}
{"Time":"2026-10-06T15:04:44.580975246+08:00","Action":"output","Package":"go.etcd.io/raft/v3","Test":"TestAssuranceAutoLeaveTransferCheck/true","Output":":0,\\\"nil\\\":true,\\\"type\\\":\\\"[]uint64\\\",\\\"values\\\":[]},\\\"Voters\\\":{\\\"capacity\\\":0,\\\"nil\\\":true,\\\"type\\\":\\\"[]uint64\\\",\\\"values\\\":[]},\\\"VotersOutgoing\\\":{\\\"capacity\\\":0,\\\"nil\\\":true,\\\"type\\\":\\\"[]uint64\\\",\\\"values\\\":[]}},\\\"type\\\":\\\"raftpb.ConfState\\\"},\\\"Index\\\":0,\\\"Term\\\":0},\\\"type\\\":\\\"raftpb.SnapshotMetadata\\\"}},\\\"type\\\":\\\"raftpb.Snapshot\\\"}},\\\"type\\\":\\\"raft.MemoryStorage\\\"}}},\\\"unstable\\\":{\\\"fields\\\":{\\\"entries\\\":{\\\"capacity\\\":0,\\\"nil\\\":true,\\\"type\\\":\\\"[]raftpb.Entry\\\",\\\"values\\\":[]},\\\"offset\\\":6,\\\"offsetInProgress\\\":6,\\\"snapshot\\\":{\\\"nil\\\":true,\\\"type\\\":\\\"*raftpb.Snapshot\\\"},\\\"snapshotInProgress\\\":false},\\\"type\\\":\\\"raft.unstable\\\"}},\\\"type\\\":\\\"raft.raftLog\\\"}},\\\"randomizedElectionTimeout\\\":16,\\\"readOnly\\\":{\\\"type\\\":\\\"*raft.readOnly\\\",\\\"value\\\":{\\\"fields\\\":{\\\"option\\\":0,\\\"pendingReadIndex\\\":{\\\"pairs\\\":[],\\\"type\\\":\\\"map[string]*raft.readIndexStatus\\\"},\\\"readIndexQueue\\\":{\\\"capacity\\\":0,\\\"nil\\\":true,\\\"type\\\":\\\"[]string\\\",\\\"values\\\":[]}},\\\"type\\\":\\\"raft.readOnly\\\"}},\\\"readStates\\\":{\\\"capacity\\\":0,\\\"nil\\\":true,\\\"typ"}
{"Time":"2026-10-06T15:04:44.580990397+08:00","Action":"output","Package":"go.etcd.io/raft/v3","Test":"TestAssuranceAutoLeaveTransferCheck/true","Output":"e\\\":\\\"[]raft.ReadState\\\",\\\"values\\\":[]},\\\"state\\\":0,\\\"step\\\":{\\\"function\\\":8374720,\\\"type\\\":\\\"raft.stepFunc\\\"},\\\"stepDownOnRemoval\\\":false,\\\"tick\\\":{\\\"function\\\":9023008,\\\"type\\\":\\\"func()\\\"},\\\"trk\\\":{\\\"fields\\\":{\\\"Config\\\":{\\\"fields\\\":{\\\"AutoLeave\\\":true,\\\"Learners\\\":{\\\"nil\\\":true,\\\"type\\\":\\\"map[uint64]struct {}\\\"},\\\"LearnersNext\\\":{\\\"nil\\\":true,\\\"type\\\":\\\"map[uint64]struct {}\\\"},\\\"Voters\\\":{\\\"type\\\":\\\"quorum.JointConfig\\\",\\\"values\\\":[{\\\"pairs\\\":[\\\"[1,{\\\\\\\"fields\\\\\\\":{},\\\\\\\"type\\\\\\\":\\\\\\\"struct {}\\\\\\\"}]\\\",\\\"[2,{\\\\\\\"fields\\\\\\\":{},\\\\\\\"type\\\\\\\":\\\\\\\"struct {}\\\\\\\"}]\\\"],\\\"type\\\":\\\"quorum.MajorityConfig\\\"},{\\\"pairs\\\":[\\\"[1,{\\\\\\\"fields\\\\\\\":{},\\\\\\\"type\\\\\\\":\\\\\\\"struct {}\\\\\\\"}]\\\",\\\"[2,{\\\\\\\"fields\\\\\\\":{},\\\\\\\"type\\\\\\\":\\\\\\\"struct {}\\\\\\\"}]\\\",\\\"[3,{\\\\\\\"fields\\\\\\\":{},\\\\\\\"type\\\\\\\":\\\\\\\"struct {}\\\\\\\"}]\\\"],\\\"type\\\":\\\"quorum.MajorityConfig\\\"}]}},\\\"type\\\":\\\"tracker.Config\\\"},\\\"MaxInflight\\\":256,\\\"MaxInflightBytes\\\":18446744073709551615,\\\"Progress\\\":{\\\"pairs\\\":[\\\"[1,{\\\\\\\"type\\\\\\\":\\\\\\\"*tracker.Progress\\\\\\\",\\\\\\\"value\\\\\\\":{\\\\\\\"fields\\\\\\"}
{"Time":"2026-10-06T15:04:44.581012745+08:00","Action":"output","Package":"go.etcd.io/raft/v3","Test":"TestAssuranceAutoLeaveTransferCheck/true","Output":"\":{\\\\\\\"Inflights\\\\\\\":{\\\\\\\"type\\\\\\\":\\\\\\\"*tracker.Inflights\\\\\\\",\\\\\\\"value\\\\\\\":{\\\\\\\"fields\\\\\\\":{\\\\\\\"buffer\\\\\\\":{\\\\\\\"capacity\\\\\\\":0,\\\\\\\"nil\\\\\\\":true,\\\\\\\"type\\\\\\\":\\\\\\\"[]tracker.inflight\\\\\\\",\\\\\\\"values\\\\\\\":[]},\\\\\\\"bytes\\\\\\\":0,\\\\\\\"count\\\\\\\":0,\\\\\\\"maxBytes\\\\\\\":18446744073709551615,\\\\\\\"size\\\\\\\":256,\\\\\\\"start\\\\\\\":0},\\\\\\\"type\\\\\\\":\\\\\\\"tracker.Inflights\\\\\\\"}},\\\\\\\"IsLearner\\\\\\\":false,\\\\\\\"Match\\\\\\\":0,\\\\\\\"MsgAppFlowPaused\\\\\\\":false,\\\\\\\"Next\\\\\\\":4,\\\\\\\"PendingSnapshot\\\\\\\":0,\\\\\\\"RecentActive\\\\\\\":false,\\\\\\\"State\\\\\\\":0,\\\\\\\"sentCommit\\\\\\\":0},\\\\\\\"type\\\\\\\":\\\\\\\"tracker.Progress\\\\\\\"}}]\\\",\\\"[2,{\\\\\\\"type\\\\\\\":\\\\\\\"*tracker.Progress\\\\\\\",\\\\\\\"value\\\\\\\":{\\\\\\\"fields\\\\\\\":{\\\\\\\"Inflights\\\\\\\":{\\\\\\\"type\\\\\\\":\\\\\\\"*tracker.Inflights\\\\\\\",\\\\\\\"value\\\\\\\":{\\\\\\\"fields\\\\\\\":{\\\\\\\"buffer\\\\\\\":{\\\\\\\"capacity\\\\\\\":0,\\\\\\\"nil\\\\\\\":true,\\\\\\\"type\\\\\\\":\\\\\\\"[]tracker.inflight\\\\\\\",\\\\\\\"values\\\\\\\":[]},\\\\\\\"bytes\\\\\\\":0,\\\\\\\"count\\\\\\\":0,\\\\\\\"maxBytes\\\\\\\":18446744073709551615,\\\\\\\"size\\\\\\\":256,\\\\\\\"start\\\\\\\":0},\\\\\\\"type\\\\\\\":\\\\\\\"tracker.Inflights\\\\\\\"}},\\\\\\\"IsLearner\\\\\\\":false,\\\\\\\"Match"}
{"Time":"2026-10-06T15:04:44.581028047+08:00","Action":"output","Package":"go.etcd.io/raft/v3","Test":"TestAssuranceAutoLeaveTransferCheck/true","Output":"\\\\\\\":3,\\\\\\\"MsgAppFlowPaused\\\\\\\":false,\\\\\\\"Next\\\\\\\":4,\\\\\\\"PendingSnapshot\\\\\\\":0,\\\\\\\"RecentActive\\\\\\\":false,\\\\\\\"State\\\\\\\":0,\\\\\\\"sentCommit\\\\\\\":0},\\\\\\\"type\\\\\\\":\\\\\\\"tracker.Progress\\\\\\\"}}]\\\",\\\"[3,{\\\\\\\"type\\\\\\\":\\\\\\\"*tracker.Progress\\\\\\\",\\\\\\\"value\\\\\\\":{\\\\\\\"fields\\\\\\\":{\\\\\\\"Inflights\\\\\\\":{\\\\\\\"type\\\\\\\":\\\\\\\"*tracker.Inflights\\\\\\\",\\\\\\\"value\\\\\\\":{\\\\\\\"fields\\\\\\\":{\\\\\\\"buffer\\\\\\\":{\\\\\\\"capacity\\\\\\\":0,\\\\\\\"nil\\\\\\\":true,\\\\\\\"type\\\\\\\":\\\\\\\"[]tracker.inflight\\\\\\\",\\\\\\\"values\\\\\\\":[]},\\\\\\\"bytes\\\\\\\":0,\\\\\\\"count\\\\\\\":0,\\\\\\\"maxBytes\\\\\\\":18446744073709551615,\\\\\\\"size\\\\\\\":256,\\\\\\\"start\\\\\\\":0},\\\\\\\"type\\\\\\\":\\\\\\\"tracker.Inflights\\\\\\\"}},\\\\\\\"IsLearner\\\\\\\":false,\\\\\\\"Match\\\\\\\":0,\\\\\\\"MsgAppFlowPaused\\\\\\\":false,\\\\\\\"Next\\\\\\\":4,\\\\\\\"PendingSnapshot\\\\\\\":0,\\\\\\\"RecentActive\\\\\\\":false,\\\\\\\"State\\\\\\\":0,\\\\\\\"sentCommit\\\\\\\":0},\\\\\\\"type\\\\\\\":\\\\\\\"tracker.Progress\\\\\\\"}}]\\\"],\\\"type\\\":\\\"tracker.ProgressMap\\\"},\\\"Votes\\\":{\\\"pairs\\\":[],\\\"type\\\":\\\"map[uint64]bool\\\"}},\\\"type\\\":\\\"tracker.ProgressTracker\\\"},\\\"uncommittedSize\\\":0},\\\"type\\\":\\\"raft.raft\\\"}},\\\"stepsOnAdvance\\\":"}
{"Time":"2026-10-06T15:04:44.581042479+08:00","Action":"output","Package":"go.etcd.io/raft/v3","Test":"TestAssuranceAutoLeaveTransferCheck/true","Output":"{\\\"capacity\\\":2,\\\"nil\\\":false,\\\"type\\\":\\\"[]raftpb.Message\\\",\\\"values\\\":[]}},\\\"type\\\":\\\"raft.RawNode\\\"}},\\\"3\\\":{\\\"type\\\":\\\"*raft.RawNode\\\",\\\"value\\\":{\\\"fields\\\":{\\\"asyncStorageWrites\\\":false,\\\"prevHardSt\\\":{\\\"fields\\\":{\\\"Commit\\\":5,\\\"Term\\\":2,\\\"Vote\\\":1},\\\"type\\\":\\\"raftpb.HardState\\\"},\\\"prevSoftSt\\\":{\\\"type\\\":\\\"*raft.SoftState\\\",\\\"value\\\":{\\\"fields\\\":{\\\"Lead\\\":1,\\\"RaftState\\\":0},\\\"type\\\":\\\"raft.SoftState\\\"}},\\\"raft\\\":{\\\"type\\\":\\\"*raft.raft\\\",\\\"value\\\":{\\\"fields\\\":{\\\"Term\\\":2,\\\"Vote\\\":1,\\\"checkQuorum\\\":true,\\\"disableConfChangeValidation\\\":false,\\\"disableProposalForwarding\\\":false,\\\"electionElapsed\\\":0,\\\"electionTimeout\\\":10,\\\"heartbeatElapsed\\\":0,\\\"heartbeatTimeout\\\":1,\\\"id\\\":3,\\\"isLearner\\\":false,\\\"lead\\\":1,\\\"leadTransferee\\\":0,\\\"maxMsgSize\\\":4096,\\\"maxUncommittedSize\\\":18446744073709551615,\\\"msgs\\\":{\\\"capacity\\\":0,\\\"nil\\\":true,\\\"type\\\":\\\"[]raftpb.Message\\\",\\\"values\\\":[]},\\\"msgsAfterAppend\\\":{\\\"capacity\\\":0,\\\"nil\\\":true,\\\"type\\\":\\\"[]raftpb.Message\\\",\\\"values\\\":[]},\\\"pendingConfIndex\\\":0,\\\"pendingReadIndexMessa"}
{"Time":"2026-10-06T15:04:44.581056876+08:00","Action":"output","Package":"go.etcd.io/raft/v3","Test":"TestAssuranceAutoLeaveTransferCheck/true","Output":"ges\\\":{\\\"capacity\\\":0,\\\"nil\\\":true,\\\"type\\\":\\\"[]raftpb.Message\\\",\\\"values\\\":[]},\\\"preVote\\\":true,\\\"raftLog\\\":{\\\"type\\\":\\\"*raft.raftLog\\\",\\\"value\\\":{\\\"fields\\\":{\\\"applied\\\":5,\\\"applying\\\":5,\\\"applyingEntsPaused\\\":false,\\\"applyingEntsSize\\\":0,\\\"committed\\\":5,\\\"maxApplyingEntsSize\\\":4096,\\\"storage\\\":{\\\"type\\\":\\\"raft.Storage\\\",\\\"value\\\":{\\\"type\\\":\\\"*raft.MemoryStorage\\\",\\\"value\\\":{\\\"fields\\\":{\\\"Mutex\\\":{\\\"fields\\\":{\\\"_\\\":{\\\"fields\\\":{},\\\"type\\\":\\\"sync.noCopy\\\"},\\\"mu\\\":{\\\"fields\\\":{\\\"sema\\\":0,\\\"state\\\":0},\\\"type\\\":\\\"sync.Mutex\\\"}},\\\"type\\\":\\\"sync.Mutex\\\"},\\\"ents\\\":{\\\"capacity\\\":8,\\\"nil\\\":false,\\\"type\\\":\\\"[]raftpb.Entry\\\",\\\"values\\\":[{\\\"fields\\\":{\\\"Data\\\":{\\\"capacity\\\":0,\\\"nil\\\":true,\\\"type\\\":\\\"[]uint8\\\",\\\"values\\\":[]},\\\"Index\\\":0,\\\"Term\\\":0,\\\"Type\\\":0},\\\"type\\\":\\\"raftpb.Entry\\\"},{\\\"fields\\\":{\\\"Data\\\":{\\\"capacity\\\":6,\\\"nil\\\":false,\\\"type\\\":\\\"[]uint8\\\",\\\"values\\\":[8,0,16,0,24,1]},\\\"Index\\\":1,\\\"Term\\\":1,\\\"Type\\\":1},\\\"type\\\":\\\"raftpb.Entry\\\"},{\\\"fields\\\":{\\\"Data\\\":{\\\"capacity\\\":6,\\\"nil\\\":false,\\\"type\\\":\\\"[]uint8\\\",\\\"v"}
{"Time":"2026-10-06T15:04:44.581076152+08:00","Action":"output","Package":"go.etcd.io/raft/v3","Test":"TestAssuranceAutoLeaveTransferCheck/true","Output":"alues\\\":[8,0,16,0,24,2]},\\\"Index\\\":2,\\\"Term\\\":1,\\\"Type\\\":1},\\\"type\\\":\\\"raftpb.Entry\\\"},{\\\"fields\\\":{\\\"Data\\\":{\\\"capacity\\\":6,\\\"nil\\\":false,\\\"type\\\":\\\"[]uint8\\\",\\\"values\\\":[8,0,16,0,24,3]},\\\"Index\\\":3,\\\"Term\\\":1,\\\"Type\\\":1},\\\"type\\\":\\\"raftpb.Entry\\\"},{\\\"fields\\\":{\\\"Data\\\":{\\\"capacity\\\":0,\\\"nil\\\":true,\\\"type\\\":\\\"[]uint8\\\",\\\"values\\\":[]},\\\"Index\\\":4,\\\"Term\\\":2,\\\"Type\\\":0},\\\"type\\\":\\\"raftpb.Entry\\\"},{\\\"fields\\\":{\\\"Data\\\":{\\\"capacity\\\":8,\\\"nil\\\":false,\\\"type\\\":\\\"[]uint8\\\",\\\"values\\\":[8,1,18,4,8,1,16,3]},\\\"Index\\\":5,\\\"Term\\\":2,\\\"Type\\\":2},\\\"type\\\":\\\"raftpb.Entry\\\"}]},\\\"hardState\\\":{\\\"fields\\\":{\\\"Commit\\\":5,\\\"Term\\\":2,\\\"Vote\\\":1},\\\"type\\\":\\\"raftpb.HardState\\\"},\\\"snapshot\\\":{\\\"fields\\\":{\\\"Data\\\":{\\\"capacity\\\":0,\\\"nil\\\":true,\\\"type\\\":\\\"[]uint8\\\",\\\"values\\\":[]},\\\"Metadata\\\":{\\\"fields\\\":{\\\"ConfState\\\":{\\\"fields\\\":{\\\"AutoLeave\\\":false,\\\"Learners\\\":{\\\"capacity\\\":0,\\\"nil\\\":true,\\\"type\\\":\\\"[]uint64\\\",\\\"values\\\":[]},\\\"LearnersNext\\\":{\\\"capacity\\\":0,\\\"nil\\\":true,\\\"type\\\":\\\"[]uint64\\\",\\\"values\\\":[]},\\\"Voters\\\":{\\\"capacity\\\":0,"}
{"Time":"2026-10-06T15:04:44.581089854+08:00","Action":"output","Package":"go.etcd.io/raft/v3","Test":"TestAssuranceAutoLeaveTransferCheck/true","Output":"\\\"nil\\\":true,\\\"type\\\":\\\"[]uint64\\\",\\\"values\\\":[]},\\\"VotersOutgoing\\\":{\\\"capacity\\\":0,\\\"nil\\\":true,\\\"type\\\":\\\"[]uint64\\\",\\\"values\\\":[]}},\\\"type\\\":\\\"raftpb.ConfState\\\"},\\\"Index\\\":0,\\\"Term\\\":0},\\\"type\\\":\\\"raftpb.SnapshotMetadata\\\"}},\\\"type\\\":\\\"raftpb.Snapshot\\\"}},\\\"type\\\":\\\"raft.MemoryStorage\\\"}}},\\\"unstable\\\":{\\\"fields\\\":{\\\"entries\\\":{\\\"capacity\\\":0,\\\"nil\\\":true,\\\"type\\\":\\\"[]raftpb.Entry\\\",\\\"values\\\":[]},\\\"offset\\\":6,\\\"offsetInProgress\\\":6,\\\"snapshot\\\":{\\\"nil\\\":true,\\\"type\\\":\\\"*raftpb.Snapshot\\\"},\\\"snapshotInProgress\\\":false},\\\"type\\\":\\\"raft.unstable\\\"}},\\\"type\\\":\\\"raft.raftLog\\\"}},\\\"randomizedElectionTimeout\\\":12,\\\"readOnly\\\":{\\\"type\\\":\\\"*raft.readOnly\\\",\\\"value\\\":{\\\"fields\\\":{\\\"option\\\":0,\\\"pendingReadIndex\\\":{\\\"pairs\\\":[],\\\"type\\\":\\\"map[string]*raft.readIndexStatus\\\"},\\\"readIndexQueue\\\":{\\\"capacity\\\":0,\\\"nil\\\":true,\\\"type\\\":\\\"[]string\\\",\\\"values\\\":[]}},\\\"type\\\":\\\"raft.readOnly\\\"}},\\\"readStates\\\":{\\\"capacity\\\":0,\\\"nil\\\":true,\\\"type\\\":\\\"[]raft.ReadState\\\",\\\"values\\\":[]},\\\"state\\\":0,\\\"step\\\":{\\\"function\\\":83747"}
{"Time":"2026-10-06T15:04:44.581105361+08:00","Action":"output","Package":"go.etcd.io/raft/v3","Test":"TestAssuranceAutoLeaveTransferCheck/true","Output":"20,\\\"type\\\":\\\"raft.stepFunc\\\"},\\\"stepDownOnRemoval\\\":false,\\\"tick\\\":{\\\"function\\\":9023008,\\\"type\\\":\\\"func()\\\"},\\\"trk\\\":{\\\"fields\\\":{\\\"Config\\\":{\\\"fields\\\":{\\\"AutoLeave\\\":true,\\\"Learners\\\":{\\\"nil\\\":true,\\\"type\\\":\\\"map[uint64]struct {}\\\"},\\\"LearnersNext\\\":{\\\"nil\\\":true,\\\"type\\\":\\\"map[uint64]struct {}\\\"},\\\"Voters\\\":{\\\"type\\\":\\\"quorum.JointConfig\\\",\\\"values\\\":[{\\\"pairs\\\":[\\\"[1,{\\\\\\\"fields\\\\\\\":{},\\\\\\\"type\\\\\\\":\\\\\\\"struct {}\\\\\\\"}]\\\",\\\"[2,{\\\\\\\"fields\\\\\\\":{},\\\\\\\"type\\\\\\\":\\\\\\\"struct {}\\\\\\\"}]\\\"],\\\"type\\\":\\\"quorum.MajorityConfig\\\"},{\\\"pairs\\\":[\\\"[1,{\\\\\\\"fields\\\\\\\":{},\\\\\\\"type\\\\\\\":\\\\\\\"struct {}\\\\\\\"}]\\\",\\\"[2,{\\\\\\\"fields\\\\\\\":{},\\\\\\\"type\\\\\\\":\\\\\\\"struct {}\\\\\\\"}]\\\",\\\"[3,{\\\\\\\"fields\\\\\\\":{},\\\\\\\"type\\\\\\\":\\\\\\\"struct {}\\\\\\\"}]\\\"],\\\"type\\\":\\\"quorum.MajorityConfig\\\"}]}},\\\"type\\\":\\\"tracker.Config\\\"},\\\"MaxInflight\\\":256,\\\"MaxInflightBytes\\\":18446744073709551615,\\\"Progress\\\":{\\\"pairs\\\":[\\\"[1,{\\\\\\\"type\\\\\\\":\\\\\\\"*tracker.Progress\\\\\\\",\\\\\\\"value\\\\\\\":{\\\\\\\"fields\\\\\\\":{\\\\\\\"Inflights\\\\\\\":{\\\\\\\"type\\\\\\\":\\\\\\\"*tracker.Inflights\\\\\\\",\\\\\\\"value\\\\\\\":{\\\\\\"}
{"Time":"2026-10-06T15:04:44.581121905+08:00","Action":"output","Package":"go.etcd.io/raft/v3","Test":"TestAssuranceAutoLeaveTransferCheck/true","Output":"\"fields\\\\\\\":{\\\\\\\"buffer\\\\\\\":{\\\\\\\"capacity\\\\\\\":0,\\\\\\\"nil\\\\\\\":true,\\\\\\\"type\\\\\\\":\\\\\\\"[]tracker.inflight\\\\\\\",\\\\\\\"values\\\\\\\":[]},\\\\\\\"bytes\\\\\\\":0,\\\\\\\"count\\\\\\\":0,\\\\\\\"maxBytes\\\\\\\":18446744073709551615,\\\\\\\"size\\\\\\\":256,\\\\\\\"start\\\\\\\":0},\\\\\\\"type\\\\\\\":\\\\\\\"tracker.Inflights\\\\\\\"}},\\\\\\\"IsLearner\\\\\\\":false,\\\\\\\"Match\\\\\\\":0,\\\\\\\"MsgAppFlowPaused\\\\\\\":false,\\\\\\\"Next\\\\\\\":4,\\\\\\\"PendingSnapshot\\\\\\\":0,\\\\\\\"RecentActive\\\\\\\":false,\\\\\\\"State\\\\\\\":0,\\\\\\\"sentCommit\\\\\\\":0},\\\\\\\"type\\\\\\\":\\\\\\\"tracker.Progress\\\\\\\"}}]\\\",\\\"[2,{\\\\\\\"type\\\\\\\":\\\\\\\"*tracker.Progress\\\\\\\",\\\\\\\"value\\\\\\\":{\\\\\\\"fields\\\\\\\":{\\\\\\\"Inflights\\\\\\\":{\\\\\\\"type\\\\\\\":\\\\\\\"*tracker.Inflights\\\\\\\",\\\\\\\"value\\\\\\\":{\\\\\\\"fields\\\\\\\":{\\\\\\\"buffer\\\\\\\":{\\\\\\\"capacity\\\\\\\":0,\\\\\\\"nil\\\\\\\":true,\\\\\\\"type\\\\\\\":\\\\\\\"[]tracker.inflight\\\\\\\",\\\\\\\"values\\\\\\\":[]},\\\\\\\"bytes\\\\\\\":0,\\\\\\\"count\\\\\\\":0,\\\\\\\"maxBytes\\\\\\\":18446744073709551615,\\\\\\\"size\\\\\\\":256,\\\\\\\"start\\\\\\\":0},\\\\\\\"type\\\\\\\":\\\\\\\"tracker.Inflights\\\\\\\"}},\\\\\\\"IsLearner\\\\\\\":false,\\\\\\\"Match\\\\\\\":0,\\\\\\\"MsgAppFlowPaused\\\\\\\":false,\\\\\\\"Next\\\\\\\":4,\\\\\\\"PendingSnapshot\\\\\\\":0,\\"}
{"Time":"2026-10-06T15:04:44.581138165+08:00","Action":"output","Package":"go.etcd.io/raft/v3","Test":"TestAssuranceAutoLeaveTransferCheck/true","Output":"\\\\\"RecentActive\\\\\\\":false,\\\\\\\"State\\\\\\\":0,\\\\\\\"sentCommit\\\\\\\":0},\\\\\\\"type\\\\\\\":\\\\\\\"tracker.Progress\\\\\\\"}}]\\\",\\\"[3,{\\\\\\\"type\\\\\\\":\\\\\\\"*tracker.Progress\\\\\\\",\\\\\\\"value\\\\\\\":{\\\\\\\"fields\\\\\\\":{\\\\\\\"Inflights\\\\\\\":{\\\\\\\"type\\\\\\\":\\\\\\\"*tracker.Inflights\\\\\\\",\\\\\\\"value\\\\\\\":{\\\\\\\"fields\\\\\\\":{\\\\\\\"buffer\\\\\\\":{\\\\\\\"capacity\\\\\\\":0,\\\\\\\"nil\\\\\\\":true,\\\\\\\"type\\\\\\\":\\\\\\\"[]tracker.inflight\\\\\\\",\\\\\\\"values\\\\\\\":[]},\\\\\\\"bytes\\\\\\\":0,\\\\\\\"count\\\\\\\":0,\\\\\\\"maxBytes\\\\\\\":18446744073709551615,\\\\\\\"size\\\\\\\":256,\\\\\\\"start\\\\\\\":0},\\\\\\\"type\\\\\\\":\\\\\\\"tracker.Inflights\\\\\\\"}},\\\\\\\"IsLearner\\\\\\\":false,\\\\\\\"Match\\\\\\\":3,\\\\\\\"MsgAppFlowPaused\\\\\\\":false,\\\\\\\"Next\\\\\\\":4,\\\\\\\"PendingSnapshot\\\\\\\":0,\\\\\\\"RecentActive\\\\\\\":false,\\\\\\\"State\\\\\\\":0,\\\\\\\"sentCommit\\\\\\\":0},\\\\\\\"type\\\\\\\":\\\\\\\"tracker.Progress\\\\\\\"}}]\\\"],\\\"type\\\":\\\"tracker.ProgressMap\\\"},\\\"Votes\\\":{\\\"pairs\\\":[],\\\"type\\\":\\\"map[uint64]bool\\\"}},\\\"type\\\":\\\"tracker.ProgressTracker\\\"},\\\"uncommittedSize\\\":0},\\\"type\\\":\\\"raft.raft\\\"}},\\\"stepsOnAdvance\\\":{\\\"capacity\\\":2,\\\"nil\\\":false,\\\"type\\\":\\\"[]raftpb.Message\\\",\\\"values\\\":[]}},\\\"ty"}
{"Time":"2026-10-06T15:04:44.581151216+08:00","Action":"output","Package":"go.etcd.io/raft/v3","Test":"TestAssuranceAutoLeaveTransferCheck/true","Output":"pe\\\":\\\"raft.RawNode\\\"}},\\\"network\\\":{\\\"capacity\\\":0,\\\"nil\\\":false,\\\"type\\\":\\\"[]raftpb.Message\\\",\\\"values\\\":[]}}\"}\n"}
{"Time":"2026-10-06T15:04:44.581176238+08:00","Action":"output","Package":"go.etcd.io/raft/v3","Test":"TestAssuranceAutoLeaveTransferCheck/true","Output":"CA_EVENT {\"applied\":5,\"auto_leave\":true,\"change_index\":5,\"committed\":5,\"dropped_timeout_now\":1,\"event\":\"after_30_ticks\",\"incoming\":[1,2],\"last\":5,\"operation\":\"implicit-remove-3\",\"original_applied\":true,\"original_committed\":true,\"outgoing\":[1,2,3],\"overlap\":true,\"pending_conf\":5,\"queue_length\":0,\"ready\":false,\"role\":\"StateLeader\",\"term\":2,\"transferee\":0}\n"}
{"Time":"2026-10-06T15:04:44.586171211+08:00","Action":"output","Package":"go.etcd.io/raft/v3","Test":"TestAssuranceAutoLeaveTransferCheck/true","Output":"CA_EVENT {\"event\":\"cycle_end\",\"operation\":\"implicit-remove-3\",\"overlap\":true,\"state\":\"{\\\"1\\\":{\\\"type\\\":\\\"*raft.RawNode\\\",\\\"value\\\":{\\\"fields\\\":{\\\"asyncStorageWrites\\\":false,\\\"prevHardSt\\\":{\\\"fields\\\":{\\\"Commit\\\":5,\\\"Term\\\":2,\\\"Vote\\\":1},\\\"type\\\":\\\"raftpb.HardState\\\"},\\\"prevSoftSt\\\":{\\\"type\\\":\\\"*raft.SoftState\\\",\\\"value\\\":{\\\"fields\\\":{\\\"Lead\\\":1,\\\"RaftState\\\":2},\\\"type\\\":\\\"raft.SoftState\\\"}},\\\"raft\\\":{\\\"type\\\":\\\"*raft.raft\\\",\\\"value\\\":{\\\"fields\\\":{\\\"Term\\\":2,\\\"Vote\\\":1,\\\"checkQuorum\\\":true,\\\"disableConfChangeValidation\\\":false,\\\"disableProposalForwarding\\\":false,\\\"electionElapsed\\\":0,\\\"electionTimeout\\\":10,\\\"heartbeatElapsed\\\":0,\\\"heartbeatTimeout\\\":1,\\\"id\\\":1,\\\"isLearner\\\":false,\\\"lead\\\":1,\\\"leadTransferee\\\":0,\\\"maxMsgSize\\\":4096,\\\"maxUncommittedSize\\\":18446744073709551615,\\\"msgs\\\":{\\\"capacity\\\":0,\\\"nil\\\":true,\\\"type\\\":\\\"[]raftpb.Message\\\",\\\"values\\\":[]},\\\"msgsAfterAppend\\\":{\\\"capacity\\\":0,\\\"nil\\\":true,\\\"type\\\":\\\"[]raftpb.Message\\\",\\\"values\\\":[]},\\\"pendingConfIndex\\\":5,\\\"pendingReadIndexMessages\\\":{\\\"capacity"}
{"Time":"2026-10-06T15:04:44.586199342+08:00","Action":"output","Package":"go.etcd.io/raft/v3","Test":"TestAssuranceAutoLeaveTransferCheck/true","Output":"\\\":0,\\\"nil\\\":true,\\\"type\\\":\\\"[]raftpb.Message\\\",\\\"values\\\":[]},\\\"preVote\\\":true,\\\"raftLog\\\":{\\\"type\\\":\\\"*raft.raftLog\\\",\\\"value\\\":{\\\"fields\\\":{\\\"applied\\\":5,\\\"applying\\\":5,\\\"applyingEntsPaused\\\":false,\\\"applyingEntsSize\\\":0,\\\"committed\\\":5,\\\"maxApplyingEntsSize\\\":4096,\\\"storage\\\":{\\\"type\\\":\\\"raft.Storage\\\",\\\"value\\\":{\\\"type\\\":\\\"*raft.MemoryStorage\\\",\\\"value\\\":{\\\"fields\\\":{\\\"Mutex\\\":{\\\"fields\\\":{\\\"_\\\":{\\\"fields\\\":{},\\\"type\\\":\\\"sync.noCopy\\\"},\\\"mu\\\":{\\\"fields\\\":{\\\"sema\\\":0,\\\"state\\\":0},\\\"type\\\":\\\"sync.Mutex\\\"}},\\\"type\\\":\\\"sync.Mutex\\\"},\\\"ents\\\":{\\\"capacity\\\":8,\\\"nil\\\":false,\\\"type\\\":\\\"[]raftpb.Entry\\\",\\\"values\\\":[{\\\"fields\\\":{\\\"Data\\\":{\\\"capacity\\\":0,\\\"nil\\\":true,\\\"type\\\":\\\"[]uint8\\\",\\\"values\\\":[]},\\\"Index\\\":0,\\\"Term\\\":0,\\\"Type\\\":0},\\\"type\\\":\\\"raftpb.Entry\\\"},{\\\"fields\\\":{\\\"Data\\\":{\\\"capacity\\\":6,\\\"nil\\\":false,\\\"type\\\":\\\"[]uint8\\\",\\\"values\\\":[8,0,16,0,24,1]},\\\"Index\\\":1,\\\"Term\\\":1,\\\"Type\\\":1},\\\"type\\\":\\\"raftpb.Entry\\\"},{\\\"fields\\\":{\\\"Data\\\":{\\\"capacity\\\":6,\\\"nil\\\":false,\\\"type\\\":\\\"[]uint8\\\",\\\"values\\\":[8,0,16,0"}
{"Time":"2026-10-06T15:04:44.586214758+08:00","Action":"output","Package":"go.etcd.io/raft/v3","Test":"TestAssuranceAutoLeaveTransferCheck/true","Output":",24,2]},\\\"Index\\\":2,\\\"Term\\\":1,\\\"Type\\\":1},\\\"type\\\":\\\"raftpb.Entry\\\"},{\\\"fields\\\":{\\\"Data\\\":{\\\"capacity\\\":6,\\\"nil\\\":false,\\\"type\\\":\\\"[]uint8\\\",\\\"values\\\":[8,0,16,0,24,3]},\\\"Index\\\":3,\\\"Term\\\":1,\\\"Type\\\":1},\\\"type\\\":\\\"raftpb.Entry\\\"},{\\\"fields\\\":{\\\"Data\\\":{\\\"capacity\\\":0,\\\"nil\\\":true,\\\"type\\\":\\\"[]uint8\\\",\\\"values\\\":[]},\\\"Index\\\":4,\\\"Term\\\":2,\\\"Type\\\":0},\\\"type\\\":\\\"raftpb.Entry\\\"},{\\\"fields\\\":{\\\"Data\\\":{\\\"capacity\\\":8,\\\"nil\\\":false,\\\"type\\\":\\\"[]uint8\\\",\\\"values\\\":[8,1,18,4,8,1,16,3]},\\\"Index\\\":5,\\\"Term\\\":2,\\\"Type\\\":2},\\\"type\\\":\\\"raftpb.Entry\\\"}]},\\\"hardState\\\":{\\\"fields\\\":{\\\"Commit\\\":5,\\\"Term\\\":2,\\\"Vote\\\":1},\\\"type\\\":\\\"raftpb.HardState\\\"},\\\"snapshot\\\":{\\\"fields\\\":{\\\"Data\\\":{\\\"capacity\\\":0,\\\"nil\\\":true,\\\"type\\\":\\\"[]uint8\\\",\\\"values\\\":[]},\\\"Metadata\\\":{\\\"fields\\\":{\\\"ConfState\\\":{\\\"fields\\\":{\\\"AutoLeave\\\":false,\\\"Learners\\\":{\\\"capacity\\\":0,\\\"nil\\\":true,\\\"type\\\":\\\"[]uint64\\\",\\\"values\\\":[]},\\\"LearnersNext\\\":{\\\"capacity\\\":0,\\\"nil\\\":true,\\\"type\\\":\\\"[]uint64\\\",\\\"values\\\":[]},\\\"Voters\\\":{\\\"capacity\\\":0,\\\"nil\\\":true,\\\"ty"}
{"Time":"2026-10-06T15:04:44.586230608+08:00","Action":"output","Package":"go.etcd.io/raft/v3","Test":"TestAssuranceAutoLeaveTransferCheck/true","Output":"pe\\\":\\\"[]uint64\\\",\\\"values\\\":[]},\\\"VotersOutgoing\\\":{\\\"capacity\\\":0,\\\"nil\\\":true,\\\"type\\\":\\\"[]uint64\\\",\\\"values\\\":[]}},\\\"type\\\":\\\"raftpb.ConfState\\\"},\\\"Index\\\":0,\\\"Term\\\":0},\\\"type\\\":\\\"raftpb.SnapshotMetadata\\\"}},\\\"type\\\":\\\"raftpb.Snapshot\\\"}},\\\"type\\\":\\\"raft.MemoryStorage\\\"}}},\\\"unstable\\\":{\\\"fields\\\":{\\\"entries\\\":{\\\"capacity\\\":0,\\\"nil\\\":true,\\\"type\\\":\\\"[]raftpb.Entry\\\",\\\"values\\\":[]},\\\"offset\\\":6,\\\"offsetInProgress\\\":6,\\\"snapshot\\\":{\\\"nil\\\":true,\\\"type\\\":\\\"*raftpb.Snapshot\\\"},\\\"snapshotInProgress\\\":false},\\\"type\\\":\\\"raft.unstable\\\"}},\\\"type\\\":\\\"raft.raftLog\\\"}},\\\"randomizedElectionTimeout\\\":16,\\\"readOnly\\\":{\\\"type\\\":\\\"*raft.readOnly\\\",\\\"value\\\":{\\\"fields\\\":{\\\"option\\\":0,\\\"pendingReadIndex\\\":{\\\"pairs\\\":[],\\\"type\\\":\\\"map[string]*raft.readIndexStatus\\\"},\\\"readIndexQueue\\\":{\\\"capacity\\\":0,\\\"nil\\\":true,\\\"type\\\":\\\"[]string\\\",\\\"values\\\":[]}},\\\"type\\\":\\\"raft.readOnly\\\"}},\\\"readStates\\\":{\\\"capacity\\\":0,\\\"nil\\\":true,\\\"type\\\":\\\"[]raft.ReadState\\\",\\\"values\\\":[]},\\\"state\\\":2,\\\"step\\\":{\\\"function\\\":8362368,\\\"type\\\":\\\"raf"}
{"Time":"2026-10-06T15:04:44.586248818+08:00","Action":"output","Package":"go.etcd.io/raft/v3","Test":"TestAssuranceAutoLeaveTransferCheck/true","Output":"t.stepFunc\\\"},\\\"stepDownOnRemoval\\\":false,\\\"tick\\\":{\\\"function\\\":9022944,\\\"type\\\":\\\"func()\\\"},\\\"trk\\\":{\\\"fields\\\":{\\\"Config\\\":{\\\"fields\\\":{\\\"AutoLeave\\\":true,\\\"Learners\\\":{\\\"nil\\\":true,\\\"type\\\":\\\"map[uint64]struct {}\\\"},\\\"LearnersNext\\\":{\\\"nil\\\":true,\\\"type\\\":\\\"map[uint64]struct {}\\\"},\\\"Voters\\\":{\\\"type\\\":\\\"quorum.JointConfig\\\",\\\"values\\\":[{\\\"pairs\\\":[\\\"[1,{\\\\\\\"fields\\\\\\\":{},\\\\\\\"type\\\\\\\":\\\\\\\"struct {}\\\\\\\"}]\\\",\\\"[2,{\\\\\\\"fields\\\\\\\":{},\\\\\\\"type\\\\\\\":\\\\\\\"struct {}\\\\\\\"}]\\\"],\\\"type\\\":\\\"quorum.MajorityConfig\\\"},{\\\"pairs\\\":[\\\"[1,{\\\\\\\"fields\\\\\\\":{},\\\\\\\"type\\\\\\\":\\\\\\\"struct {}\\\\\\\"}]\\\",\\\"[2,{\\\\\\\"fields\\\\\\\":{},\\\\\\\"type\\\\\\\":\\\\\\\"struct {}\\\\\\\"}]\\\",\\\"[3,{\\\\\\\"fields\\\\\\\":{},\\\\\\\"type\\\\\\\":\\\\\\\"struct {}\\\\\\\"}]\\\"],\\\"type\\\":\\\"quorum.MajorityConfig\\\"}]}},\\\"type\\\":\\\"tracker.Config\\\"},\\\"MaxInflight\\\":256,\\\"MaxInflightBytes\\\":18446744073709551615,\\\"Progress\\\":{\\\"pairs\\\":[\\\"[1,{\\\\\\\"type\\\\\\\":\\\\\\\"*tracker.Progress\\\\\\\",\\\\\\\"value\\\\\\\":{\\\\\\\"fields\\\\\\\":{\\\\\\\"Inflights\\\\\\\":{\\\\\\\"type\\\\\\\":\\\\\\\"*tracker.Inflights\\\\\\\",\\\\\\\"value\\\\\\\":{\\\\\\\"fields\\\\\\\":{\\\\\\\""}
{"Time":"2026-10-06T15:04:44.586279914+08:00","Action":"output","Package":"go.etcd.io/raft/v3","Test":"TestAssuranceAutoLeaveTransferCheck/true","Output":"buffer\\\\\\\":{\\\\\\\"capacity\\\\\\\":0,\\\\\\\"nil\\\\\\\":true,\\\\\\\"type\\\\\\\":\\\\\\\"[]tracker.inflight\\\\\\\",\\\\\\\"values\\\\\\\":[]},\\\\\\\"bytes\\\\\\\":0,\\\\\\\"count\\\\\\\":0,\\\\\\\"maxBytes\\\\\\\":18446744073709551615,\\\\\\\"size\\\\\\\":256,\\\\\\\"start\\\\\\\":0},\\\\\\\"type\\\\\\\":\\\\\\\"tracker.Inflights\\\\\\\"}},\\\\\\\"IsLearner\\\\\\\":false,\\\\\\\"Match\\\\\\\":5,\\\\\\\"MsgAppFlowPaused\\\\\\\":false,\\\\\\\"Next\\\\\\\":6,\\\\\\\"PendingSnapshot\\\\\\\":0,\\\\\\\"RecentActive\\\\\\\":true,\\\\\\\"State\\\\\\\":1,\\\\\\\"sentCommit\\\\\\\":0},\\\\\\\"type\\\\\\\":\\\\\\\"tracker.Progress\\\\\\\"}}]\\\",\\\"[2,{\\\\\\\"type\\\\\\\":\\\\\\\"*tracker.Progress\\\\\\\",\\\\\\\"value\\\\\\\":{\\\\\\\"fields\\\\\\\":{\\\\\\\"Inflights\\\\\\\":{\\\\\\\"type\\\\\\\":\\\\\\\"*tracker.Inflights\\\\\\\",\\\\\\\"value\\\\\\\":{\\\\\\\"fields\\\\\\\":{\\\\\\\"buffer\\\\\\\":{\\\\\\\"capacity\\\\\\\":1,\\\\\\\"nil\\\\\\\":false,\\\\\\\"type\\\\\\\":\\\\\\\"[]tracker.inflight\\\\\\\",\\\\\\\"values\\\\\\\":[{\\\\\\\"fields\\\\\\\":{\\\\\\\"bytes\\\\\\\":8,\\\\\\\"index\\\\\\\":5},\\\\\\\"type\\\\\\\":\\\\\\\"tracker.inflight\\\\\\\"}]},\\\\\\\"bytes\\\\\\\":0,\\\\\\\"count\\\\\\\":0,\\\\\\\"maxBytes\\\\\\\":18446744073709551615,\\\\\\\"size\\\\\\\":256,\\\\\\\"start\\\\\\\":0},\\\\\\\"type\\\\\\\":\\\\\\\"tracker.Inflights\\\\\\\"}},\\\\\\\"IsLearner\\\\\\\":false,\\\\\\\"Match\\\\\\\":5,\\\\"}
{"Time":"2026-10-06T15:04:44.586297814+08:00","Action":"output","Package":"go.etcd.io/raft/v3","Test":"TestAssuranceAutoLeaveTransferCheck/true","Output":"\\\"MsgAppFlowPaused\\\\\\\":false,\\\\\\\"Next\\\\\\\":6,\\\\\\\"PendingSnapshot\\\\\\\":0,\\\\\\\"RecentActive\\\\\\\":true,\\\\\\\"State\\\\\\\":1,\\\\\\\"sentCommit\\\\\\\":5},\\\\\\\"type\\\\\\\":\\\\\\\"tracker.Progress\\\\\\\"}}]\\\",\\\"[3,{\\\\\\\"type\\\\\\\":\\\\\\\"*tracker.Progress\\\\\\\",\\\\\\\"value\\\\\\\":{\\\\\\\"fields\\\\\\\":{\\\\\\\"Inflights\\\\\\\":{\\\\\\\"type\\\\\\\":\\\\\\\"*tracker.Inflights\\\\\\\",\\\\\\\"value\\\\\\\":{\\\\\\\"fields\\\\\\\":{\\\\\\\"buffer\\\\\\\":{\\\\\\\"capacity\\\\\\\":1,\\\\\\\"nil\\\\\\\":false,\\\\\\\"type\\\\\\\":\\\\\\\"[]tracker.inflight\\\\\\\",\\\\\\\"values\\\\\\\":[{\\\\\\\"fields\\\\\\\":{\\\\\\\"bytes\\\\\\\":8,\\\\\\\"index\\\\\\\":5},\\\\\\\"type\\\\\\\":\\\\\\\"tracker.inflight\\\\\\\"}]},\\\\\\\"bytes\\\\\\\":0,\\\\\\\"count\\\\\\\":0,\\\\\\\"maxBytes\\\\\\\":18446744073709551615,\\\\\\\"size\\\\\\\":256,\\\\\\\"start\\\\\\\":0},\\\\\\\"type\\\\\\\":\\\\\\\"tracker.Inflights\\\\\\\"}},\\\\\\\"IsLearner\\\\\\\":false,\\\\\\\"Match\\\\\\\":5,\\\\\\\"MsgAppFlowPaused\\\\\\\":false,\\\\\\\"Next\\\\\\\":6,\\\\\\\"PendingSnapshot\\\\\\\":0,\\\\\\\"RecentActive\\\\\\\":true,\\\\\\\"State\\\\\\\":1,\\\\\\\"sentCommit\\\\\\\":5},\\\\\\\"type\\\\\\\":\\\\\\\"tracker.Progress\\\\\\\"}}]\\\"],\\\"type\\\":\\\"tracker.ProgressMap\\\"},\\\"Votes\\\":{\\\"pairs\\\":[],\\\"type\\\":\\\"map[uint64]bool\\\"}},\\\"type\\\":\\\"tracker.Progress"}
{"Time":"2026-10-06T15:04:44.586314617+08:00","Action":"output","Package":"go.etcd.io/raft/v3","Test":"TestAssuranceAutoLeaveTransferCheck/true","Output":"Tracker\\\"},\\\"uncommittedSize\\\":0},\\\"type\\\":\\\"raft.raft\\\"}},\\\"stepsOnAdvance\\\":{\\\"capacity\\\":2,\\\"nil\\\":false,\\\"type\\\":\\\"[]raftpb.Message\\\",\\\"values\\\":[]}},\\\"type\\\":\\\"raft.RawNode\\\"}},\\\"2\\\":{\\\"type\\\":\\\"*raft.RawNode\\\",\\\"value\\\":{\\\"fields\\\":{\\\"asyncStorageWrites\\\":false,\\\"prevHardSt\\\":{\\\"fields\\\":{\\\"Commit\\\":5,\\\"Term\\\":2,\\\"Vote\\\":1},\\\"type\\\":\\\"raftpb.HardState\\\"},\\\"prevSoftSt\\\":{\\\"type\\\":\\\"*raft.SoftState\\\",\\\"value\\\":{\\\"fields\\\":{\\\"Lead\\\":1,\\\"RaftState\\\":0},\\\"type\\\":\\\"raft.SoftState\\\"}},\\\"raft\\\":{\\\"type\\\":\\\"*raft.raft\\\",\\\"value\\\":{\\\"fields\\\":{\\\"Term\\\":2,\\\"Vote\\\":1,\\\"checkQuorum\\\":true,\\\"disableConfChangeValidation\\\":false,\\\"disableProposalForwarding\\\":false,\\\"electionElapsed\\\":0,\\\"electionTimeout\\\":10,\\\"heartbeatElapsed\\\":0,\\\"heartbeatTimeout\\\":1,\\\"id\\\":2,\\\"isLearner\\\":false,\\\"lead\\\":1,\\\"leadTransferee\\\":0,\\\"maxMsgSize\\\":4096,\\\"maxUncommittedSize\\\":18446744073709551615,\\\"msgs\\\":{\\\"capacity\\\":0,\\\"nil\\\":true,\\\"type\\\":\\\"[]raftpb.Message\\\",\\\"values\\\":[]},\\\"msgsAfterAppend\\\":{\\\"capacity\\\":0,\\\"nil\\\":true,\\\"type\\\":\\\"[]"}
{"Time":"2026-10-06T15:04:44.586371191+08:00","Action":"output","Package":"go.etcd.io/raft/v3","Test":"TestAssuranceAutoLeaveTransferCheck/true","Output":"raftpb.Message\\\",\\\"values\\\":[]},\\\"pendingConfIndex\\\":0,\\\"pendingReadIndexMessages\\\":{\\\"capacity\\\":0,\\\"nil\\\":true,\\\"type\\\":\\\"[]raftpb.Message\\\",\\\"values\\\":[]},\\\"preVote\\\":true,\\\"raftLog\\\":{\\\"type\\\":\\\"*raft.raftLog\\\",\\\"value\\\":{\\\"fields\\\":{\\\"applied\\\":5,\\\"applying\\\":5,\\\"applyingEntsPaused\\\":false,\\\"applyingEntsSize\\\":0,\\\"committed\\\":5,\\\"maxApplyingEntsSize\\\":4096,\\\"storage\\\":{\\\"type\\\":\\\"raft.Storage\\\",\\\"value\\\":{\\\"type\\\":\\\"*raft.MemoryStorage\\\",\\\"value\\\":{\\\"fields\\\":{\\\"Mutex\\\":{\\\"fields\\\":{\\\"_\\\":{\\\"fields\\\":{},\\\"type\\\":\\\"sync.noCopy\\\"},\\\"mu\\\":{\\\"fields\\\":{\\\"sema\\\":0,\\\"state\\\":0},\\\"type\\\":\\\"sync.Mutex\\\"}},\\\"type\\\":\\\"sync.Mutex\\\"},\\\"ents\\\":{\\\"capacity\\\":8,\\\"nil\\\":false,\\\"type\\\":\\\"[]raftpb.Entry\\\",\\\"values\\\":[{\\\"fields\\\":{\\\"Data\\\":{\\\"capacity\\\":0,\\\"nil\\\":true,\\\"type\\\":\\\"[]uint8\\\",\\\"values\\\":[]},\\\"Index\\\":0,\\\"Term\\\":0,\\\"Type\\\":0},\\\"type\\\":\\\"raftpb.Entry\\\"},{\\\"fields\\\":{\\\"Data\\\":{\\\"capacity\\\":6,\\\"nil\\\":false,\\\"type\\\":\\\"[]uint8\\\",\\\"values\\\":[8,0,16,0,24,1]},\\\"Index\\\":1,\\\"Term\\\":1,\\\"Type\\\":1},\\\"type\\\":\\\"raftpb.Entry\\\""}
{"Time":"2026-10-06T15:04:44.586388187+08:00","Action":"output","Package":"go.etcd.io/raft/v3","Test":"TestAssuranceAutoLeaveTransferCheck/true","Output":"},{\\\"fields\\\":{\\\"Data\\\":{\\\"capacity\\\":6,\\\"nil\\\":false,\\\"type\\\":\\\"[]uint8\\\",\\\"values\\\":[8,0,16,0,24,2]},\\\"Index\\\":2,\\\"Term\\\":1,\\\"Type\\\":1},\\\"type\\\":\\\"raftpb.Entry\\\"},{\\\"fields\\\":{\\\"Data\\\":{\\\"capacity\\\":6,\\\"nil\\\":false,\\\"type\\\":\\\"[]uint8\\\",\\\"values\\\":[8,0,16,0,24,3]},\\\"Index\\\":3,\\\"Term\\\":1,\\\"Type\\\":1},\\\"type\\\":\\\"raftpb.Entry\\\"},{\\\"fields\\\":{\\\"Data\\\":{\\\"capacity\\\":0,\\\"nil\\\":true,\\\"type\\\":\\\"[]uint8\\\",\\\"values\\\":[]},\\\"Index\\\":4,\\\"Term\\\":2,\\\"Type\\\":0},\\\"type\\\":\\\"raftpb.Entry\\\"},{\\\"fields\\\":{\\\"Data\\\":{\\\"capacity\\\":8,\\\"nil\\\":false,\\\"type\\\":\\\"[]uint8\\\",\\\"values\\\":[8,1,18,4,8,1,16,3]},\\\"Index\\\":5,\\\"Term\\\":2,\\\"Type\\\":2},\\\"type\\\":\\\"raftpb.Entry\\\"}]},\\\"hardState\\\":{\\\"fields\\\":{\\\"Commit\\\":5,\\\"Term\\\":2,\\\"Vote\\\":1},\\\"type\\\":\\\"raftpb.HardState\\\"},\\\"snapshot\\\":{\\\"fields\\\":{\\\"Data\\\":{\\\"capacity\\\":0,\\\"nil\\\":true,\\\"type\\\":\\\"[]uint8\\\",\\\"values\\\":[]},\\\"Metadata\\\":{\\\"fields\\\":{\\\"ConfState\\\":{\\\"fields\\\":{\\\"AutoLeave\\\":false,\\\"Learners\\\":{\\\"capacity\\\":0,\\\"nil\\\":true,\\\"type\\\":\\\"[]uint64\\\",\\\"values\\\":[]},\\\"LearnersNext\\\":{\\\"capacity\\\":0"}
{"Time":"2026-10-06T15:04:44.586405456+08:00","Action":"output","Package":"go.etcd.io/raft/v3","Test":"TestAssuranceAutoLeaveTransferCheck/true","Output":",\\\"nil\\\":true,\\\"type\\\":\\\"[]uint64\\\",\\\"values\\\":[]},\\\"Voters\\\":{\\\"capacity\\\":0,\\\"nil\\\":true,\\\"type\\\":\\\"[]uint64\\\",\\\"values\\\":[]},\\\"VotersOutgoing\\\":{\\\"capacity\\\":0,\\\"nil\\\":true,\\\"type\\\":\\\"[]uint64\\\",\\\"values\\\":[]}},\\\"type\\\":\\\"raftpb.ConfState\\\"},\\\"Index\\\":0,\\\"Term\\\":0},\\\"type\\\":\\\"raftpb.SnapshotMetadata\\\"}},\\\"type\\\":\\\"raftpb.Snapshot\\\"}},\\\"type\\\":\\\"raft.MemoryStorage\\\"}}},\\\"unstable\\\":{\\\"fields\\\":{\\\"entries\\\":{\\\"capacity\\\":0,\\\"nil\\\":true,\\\"type\\\":\\\"[]raftpb.Entry\\\",\\\"values\\\":[]},\\\"offset\\\":6,\\\"offsetInProgress\\\":6,\\\"snapshot\\\":{\\\"nil\\\":true,\\\"type\\\":\\\"*raftpb.Snapshot\\\"},\\\"snapshotInProgress\\\":false},\\\"type\\\":\\\"raft.unstable\\\"}},\\\"type\\\":\\\"raft.raftLog\\\"}},\\\"randomizedElectionTimeout\\\":16,\\\"readOnly\\\":{\\\"type\\\":\\\"*raft.readOnly\\\",\\\"value\\\":{\\\"fields\\\":{\\\"option\\\":0,\\\"pendingReadIndex\\\":{\\\"pairs\\\":[],\\\"type\\\":\\\"map[string]*raft.readIndexStatus\\\"},\\\"readIndexQueue\\\":{\\\"capacity\\\":0,\\\"nil\\\":true,\\\"type\\\":\\\"[]string\\\",\\\"values\\\":[]}},\\\"type\\\":\\\"raft.readOnly\\\"}},\\\"readStates\\\":{\\\"capacity\\\":0,\\\"nil\\\":true,\\\"type\\"}
{"Time":"2026-10-06T15:04:44.586421892+08:00","Action":"output","Package":"go.etcd.io/raft/v3","Test":"TestAssuranceAutoLeaveTransferCheck/true","Output":"\":\\\"[]raft.ReadState\\\",\\\"values\\\":[]},\\\"state\\\":0,\\\"step\\\":{\\\"function\\\":8374720,\\\"type\\\":\\\"raft.stepFunc\\\"},\\\"stepDownOnRemoval\\\":false,\\\"tick\\\":{\\\"function\\\":9023008,\\\"type\\\":\\\"func()\\\"},\\\"trk\\\":{\\\"fields\\\":{\\\"Config\\\":{\\\"fields\\\":{\\\"AutoLeave\\\":true,\\\"Learners\\\":{\\\"nil\\\":true,\\\"type\\\":\\\"map[uint64]struct {}\\\"},\\\"LearnersNext\\\":{\\\"nil\\\":true,\\\"type\\\":\\\"map[uint64]struct {}\\\"},\\\"Voters\\\":{\\\"type\\\":\\\"quorum.JointConfig\\\",\\\"values\\\":[{\\\"pairs\\\":[\\\"[1,{\\\\\\\"fields\\\\\\\":{},\\\\\\\"type\\\\\\\":\\\\\\\"struct {}\\\\\\\"}]\\\",\\\"[2,{\\\\\\\"fields\\\\\\\":{},\\\\\\\"type\\\\\\\":\\\\\\\"struct {}\\\\\\\"}]\\\"],\\\"type\\\":\\\"quorum.MajorityConfig\\\"},{\\\"pairs\\\":[\\\"[1,{\\\\\\\"fields\\\\\\\":{},\\\\\\\"type\\\\\\\":\\\\\\\"struct {}\\\\\\\"}]\\\",\\\"[2,{\\\\\\\"fields\\\\\\\":{},\\\\\\\"type\\\\\\\":\\\\\\\"struct {}\\\\\\\"}]\\\",\\\"[3,{\\\\\\\"fields\\\\\\\":{},\\\\\\\"type\\\\\\\":\\\\\\\"struct {}\\\\\\\"}]\\\"],\\\"type\\\":\\\"quorum.MajorityConfig\\\"}]}},\\\"type\\\":\\\"tracker.Config\\\"},\\\"MaxInflight\\\":256,\\\"MaxInflightBytes\\\":18446744073709551615,\\\"Progress\\\":{\\\"pairs\\\":[\\\"[1,{\\\\\\\"type\\\\\\\":\\\\\\\"*tracker.Progress\\\\\\\",\\\\\\\"value\\\\\\\":{\\\\\\\"fields\\\\\\\":"}
{"Time":"2026-10-06T15:04:44.586443979+08:00","Action":"output","Package":"go.etcd.io/raft/v3","Test":"TestAssuranceAutoLeaveTransferCheck/true","Output":"{\\\\\\\"Inflights\\\\\\\":{\\\\\\\"type\\\\\\\":\\\\\\\"*tracker.Inflights\\\\\\\",\\\\\\\"value\\\\\\\":{\\\\\\\"fields\\\\\\\":{\\\\\\\"buffer\\\\\\\":{\\\\\\\"capacity\\\\\\\":0,\\\\\\\"nil\\\\\\\":true,\\\\\\\"type\\\\\\\":\\\\\\\"[]tracker.inflight\\\\\\\",\\\\\\\"values\\\\\\\":[]},\\\\\\\"bytes\\\\\\\":0,\\\\\\\"count\\\\\\\":0,\\\\\\\"maxBytes\\\\\\\":18446744073709551615,\\\\\\\"size\\\\\\\":256,\\\\\\\"start\\\\\\\":0},\\\\\\\"type\\\\\\\":\\\\\\\"tracker.Inflights\\\\\\\"}},\\\\\\\"IsLearner\\\\\\\":false,\\\\\\\"Match\\\\\\\":0,\\\\\\\"MsgAppFlowPaused\\\\\\\":false,\\\\\\\"Next\\\\\\\":4,\\\\\\\"PendingSnapshot\\\\\\\":0,\\\\\\\"RecentActive\\\\\\\":false,\\\\\\\"State\\\\\\\":0,\\\\\\\"sentCommit\\\\\\\":0},\\\\\\\"type\\\\\\\":\\\\\\\"tracker.Progress\\\\\\\"}}]\\\",\\\"[2,{\\\\\\\"type\\\\\\\":\\\\\\\"*tracker.Progress\\\\\\\",\\\\\\\"value\\\\\\\":{\\\\\\\"fields\\\\\\\":{\\\\\\\"Inflights\\\\\\\":{\\\\\\\"type\\\\\\\":\\\\\\\"*tracker.Inflights\\\\\\\",\\\\\\\"value\\\\\\\":{\\\\\\\"fields\\\\\\\":{\\\\\\\"buffer\\\\\\\":{\\\\\\\"capacity\\\\\\\":0,\\\\\\\"nil\\\\\\\":true,\\\\\\\"type\\\\\\\":\\\\\\\"[]tracker.inflight\\\\\\\",\\\\\\\"values\\\\\\\":[]},\\\\\\\"bytes\\\\\\\":0,\\\\\\\"count\\\\\\\":0,\\\\\\\"maxBytes\\\\\\\":18446744073709551615,\\\\\\\"size\\\\\\\":256,\\\\\\\"start\\\\\\\":0},\\\\\\\"type\\\\\\\":\\\\\\\"tracker.Inflights\\\\\\\"}},\\\\\\\"IsLearner\\\\\\\":false,\\\\\\\"Match\\\\"}
{"Time":"2026-10-06T15:04:44.586460582+08:00","Action":"output","Package":"go.etcd.io/raft/v3","Test":"TestAssuranceAutoLeaveTransferCheck/true","Output":"\\\":3,\\\\\\\"MsgAppFlowPaused\\\\\\\":false,\\\\\\\"Next\\\\\\\":4,\\\\\\\"PendingSnapshot\\\\\\\":0,\\\\\\\"RecentActive\\\\\\\":false,\\\\\\\"State\\\\\\\":0,\\\\\\\"sentCommit\\\\\\\":0},\\\\\\\"type\\\\\\\":\\\\\\\"tracker.Progress\\\\\\\"}}]\\\",\\\"[3,{\\\\\\\"type\\\\\\\":\\\\\\\"*tracker.Progress\\\\\\\",\\\\\\\"value\\\\\\\":{\\\\\\\"fields\\\\\\\":{\\\\\\\"Inflights\\\\\\\":{\\\\\\\"type\\\\\\\":\\\\\\\"*tracker.Inflights\\\\\\\",\\\\\\\"value\\\\\\\":{\\\\\\\"fields\\\\\\\":{\\\\\\\"buffer\\\\\\\":{\\\\\\\"capacity\\\\\\\":0,\\\\\\\"nil\\\\\\\":true,\\\\\\\"type\\\\\\\":\\\\\\\"[]tracker.inflight\\\\\\\",\\\\\\\"values\\\\\\\":[]},\\\\\\\"bytes\\\\\\\":0,\\\\\\\"count\\\\\\\":0,\\\\\\\"maxBytes\\\\\\\":18446744073709551615,\\\\\\\"size\\\\\\\":256,\\\\\\\"start\\\\\\\":0},\\\\\\\"type\\\\\\\":\\\\\\\"tracker.Inflights\\\\\\\"}},\\\\\\\"IsLearner\\\\\\\":false,\\\\\\\"Match\\\\\\\":0,\\\\\\\"MsgAppFlowPaused\\\\\\\":false,\\\\\\\"Next\\\\\\\":4,\\\\\\\"PendingSnapshot\\\\\\\":0,\\\\\\\"RecentActive\\\\\\\":false,\\\\\\\"State\\\\\\\":0,\\\\\\\"sentCommit\\\\\\\":0},\\\\\\\"type\\\\\\\":\\\\\\\"tracker.Progress\\\\\\\"}}]\\\"],\\\"type\\\":\\\"tracker.ProgressMap\\\"},\\\"Votes\\\":{\\\"pairs\\\":[],\\\"type\\\":\\\"map[uint64]bool\\\"}},\\\"type\\\":\\\"tracker.ProgressTracker\\\"},\\\"uncommittedSize\\\":0},\\\"type\\\":\\\"raft.raft\\\"}},\\\"stepsOnAdvance\\\":{\\"}
{"Time":"2026-10-06T15:04:44.586474736+08:00","Action":"output","Package":"go.etcd.io/raft/v3","Test":"TestAssuranceAutoLeaveTransferCheck/true","Output":"\"capacity\\\":2,\\\"nil\\\":false,\\\"type\\\":\\\"[]raftpb.Message\\\",\\\"values\\\":[]}},\\\"type\\\":\\\"raft.RawNode\\\"}},\\\"3\\\":{\\\"type\\\":\\\"*raft.RawNode\\\",\\\"value\\\":{\\\"fields\\\":{\\\"asyncStorageWrites\\\":false,\\\"prevHardSt\\\":{\\\"fields\\\":{\\\"Commit\\\":5,\\\"Term\\\":2,\\\"Vote\\\":1},\\\"type\\\":\\\"raftpb.HardState\\\"},\\\"prevSoftSt\\\":{\\\"type\\\":\\\"*raft.SoftState\\\",\\\"value\\\":{\\\"fields\\\":{\\\"Lead\\\":1,\\\"RaftState\\\":0},\\\"type\\\":\\\"raft.SoftState\\\"}},\\\"raft\\\":{\\\"type\\\":\\\"*raft.raft\\\",\\\"value\\\":{\\\"fields\\\":{\\\"Term\\\":2,\\\"Vote\\\":1,\\\"checkQuorum\\\":true,\\\"disableConfChangeValidation\\\":false,\\\"disableProposalForwarding\\\":false,\\\"electionElapsed\\\":0,\\\"electionTimeout\\\":10,\\\"heartbeatElapsed\\\":0,\\\"heartbeatTimeout\\\":1,\\\"id\\\":3,\\\"isLearner\\\":false,\\\"lead\\\":1,\\\"leadTransferee\\\":0,\\\"maxMsgSize\\\":4096,\\\"maxUncommittedSize\\\":18446744073709551615,\\\"msgs\\\":{\\\"capacity\\\":0,\\\"nil\\\":true,\\\"type\\\":\\\"[]raftpb.Message\\\",\\\"values\\\":[]},\\\"msgsAfterAppend\\\":{\\\"capacity\\\":0,\\\"nil\\\":true,\\\"type\\\":\\\"[]raftpb.Message\\\",\\\"values\\\":[]},\\\"pendingConfIndex\\\":0,\\\"pendingReadIndexMessage"}
{"Time":"2026-10-06T15:04:44.586489112+08:00","Action":"output","Package":"go.etcd.io/raft/v3","Test":"TestAssuranceAutoLeaveTransferCheck/true","Output":"s\\\":{\\\"capacity\\\":0,\\\"nil\\\":true,\\\"type\\\":\\\"[]raftpb.Message\\\",\\\"values\\\":[]},\\\"preVote\\\":true,\\\"raftLog\\\":{\\\"type\\\":\\\"*raft.raftLog\\\",\\\"value\\\":{\\\"fields\\\":{\\\"applied\\\":5,\\\"applying\\\":5,\\\"applyingEntsPaused\\\":false,\\\"applyingEntsSize\\\":0,\\\"committed\\\":5,\\\"maxApplyingEntsSize\\\":4096,\\\"storage\\\":{\\\"type\\\":\\\"raft.Storage\\\",\\\"value\\\":{\\\"type\\\":\\\"*raft.MemoryStorage\\\",\\\"value\\\":{\\\"fields\\\":{\\\"Mutex\\\":{\\\"fields\\\":{\\\"_\\\":{\\\"fields\\\":{},\\\"type\\\":\\\"sync.noCopy\\\"},\\\"mu\\\":{\\\"fields\\\":{\\\"sema\\\":0,\\\"state\\\":0},\\\"type\\\":\\\"sync.Mutex\\\"}},\\\"type\\\":\\\"sync.Mutex\\\"},\\\"ents\\\":{\\\"capacity\\\":8,\\\"nil\\\":false,\\\"type\\\":\\\"[]raftpb.Entry\\\",\\\"values\\\":[{\\\"fields\\\":{\\\"Data\\\":{\\\"capacity\\\":0,\\\"nil\\\":true,\\\"type\\\":\\\"[]uint8\\\",\\\"values\\\":[]},\\\"Index\\\":0,\\\"Term\\\":0,\\\"Type\\\":0},\\\"type\\\":\\\"raftpb.Entry\\\"},{\\\"fields\\\":{\\\"Data\\\":{\\\"capacity\\\":6,\\\"nil\\\":false,\\\"type\\\":\\\"[]uint8\\\",\\\"values\\\":[8,0,16,0,24,1]},\\\"Index\\\":1,\\\"Term\\\":1,\\\"Type\\\":1},\\\"type\\\":\\\"raftpb.Entry\\\"},{\\\"fields\\\":{\\\"Data\\\":{\\\"capacity\\\":6,\\\"nil\\\":false,\\\"type\\\":\\\"[]uint8\\\",\\\"val"}
{"Time":"2026-10-06T15:04:44.586506837+08:00","Action":"output","Package":"go.etcd.io/raft/v3","Test":"TestAssuranceAutoLeaveTransferCheck/true","Output":"ues\\\":[8,0,16,0,24,2]},\\\"Index\\\":2,\\\"Term\\\":1,\\\"Type\\\":1},\\\"type\\\":\\\"raftpb.Entry\\\"},{\\\"fields\\\":{\\\"Data\\\":{\\\"capacity\\\":6,\\\"nil\\\":false,\\\"type\\\":\\\"[]uint8\\\",\\\"values\\\":[8,0,16,0,24,3]},\\\"Index\\\":3,\\\"Term\\\":1,\\\"Type\\\":1},\\\"type\\\":\\\"raftpb.Entry\\\"},{\\\"fields\\\":{\\\"Data\\\":{\\\"capacity\\\":0,\\\"nil\\\":true,\\\"type\\\":\\\"[]uint8\\\",\\\"values\\\":[]},\\\"Index\\\":4,\\\"Term\\\":2,\\\"Type\\\":0},\\\"type\\\":\\\"raftpb.Entry\\\"},{\\\"fields\\\":{\\\"Data\\\":{\\\"capacity\\\":8,\\\"nil\\\":false,\\\"type\\\":\\\"[]uint8\\\",\\\"values\\\":[8,1,18,4,8,1,16,3]},\\\"Index\\\":5,\\\"Term\\\":2,\\\"Type\\\":2},\\\"type\\\":\\\"raftpb.Entry\\\"}]},\\\"hardState\\\":{\\\"fields\\\":{\\\"Commit\\\":5,\\\"Term\\\":2,\\\"Vote\\\":1},\\\"type\\\":\\\"raftpb.HardState\\\"},\\\"snapshot\\\":{\\\"fields\\\":{\\\"Data\\\":{\\\"capacity\\\":0,\\\"nil\\\":true,\\\"type\\\":\\\"[]uint8\\\",\\\"values\\\":[]},\\\"Metadata\\\":{\\\"fields\\\":{\\\"ConfState\\\":{\\\"fields\\\":{\\\"AutoLeave\\\":false,\\\"Learners\\\":{\\\"capacity\\\":0,\\\"nil\\\":true,\\\"type\\\":\\\"[]uint64\\\",\\\"values\\\":[]},\\\"LearnersNext\\\":{\\\"capacity\\\":0,\\\"nil\\\":true,\\\"type\\\":\\\"[]uint64\\\",\\\"values\\\":[]},\\\"Voters\\\":{\\\"capacity\\\":0,\\\""}
{"Time":"2026-10-06T15:04:44.586522163+08:00","Action":"output","Package":"go.etcd.io/raft/v3","Test":"TestAssuranceAutoLeaveTransferCheck/true","Output":"nil\\\":true,\\\"type\\\":\\\"[]uint64\\\",\\\"values\\\":[]},\\\"VotersOutgoing\\\":{\\\"capacity\\\":0,\\\"nil\\\":true,\\\"type\\\":\\\"[]uint64\\\",\\\"values\\\":[]}},\\\"type\\\":\\\"raftpb.ConfState\\\"},\\\"Index\\\":0,\\\"Term\\\":0},\\\"type\\\":\\\"raftpb.SnapshotMetadata\\\"}},\\\"type\\\":\\\"raftpb.Snapshot\\\"}},\\\"type\\\":\\\"raft.MemoryStorage\\\"}}},\\\"unstable\\\":{\\\"fields\\\":{\\\"entries\\\":{\\\"capacity\\\":0,\\\"nil\\\":true,\\\"type\\\":\\\"[]raftpb.Entry\\\",\\\"values\\\":[]},\\\"offset\\\":6,\\\"offsetInProgress\\\":6,\\\"snapshot\\\":{\\\"nil\\\":true,\\\"type\\\":\\\"*raftpb.Snapshot\\\"},\\\"snapshotInProgress\\\":false},\\\"type\\\":\\\"raft.unstable\\\"}},\\\"type\\\":\\\"raft.raftLog\\\"}},\\\"randomizedElectionTimeout\\\":12,\\\"readOnly\\\":{\\\"type\\\":\\\"*raft.readOnly\\\",\\\"value\\\":{\\\"fields\\\":{\\\"option\\\":0,\\\"pendingReadIndex\\\":{\\\"pairs\\\":[],\\\"type\\\":\\\"map[string]*raft.readIndexStatus\\\"},\\\"readIndexQueue\\\":{\\\"capacity\\\":0,\\\"nil\\\":true,\\\"type\\\":\\\"[]string\\\",\\\"values\\\":[]}},\\\"type\\\":\\\"raft.readOnly\\\"}},\\\"readStates\\\":{\\\"capacity\\\":0,\\\"nil\\\":true,\\\"type\\\":\\\"[]raft.ReadState\\\",\\\"values\\\":[]},\\\"state\\\":0,\\\"step\\\":{\\\"function\\\":8374720"}
{"Time":"2026-10-06T15:04:44.586534873+08:00","Action":"output","Package":"go.etcd.io/raft/v3","Test":"TestAssuranceAutoLeaveTransferCheck/true","Output":",\\\"type\\\":\\\"raft.stepFunc\\\"},\\\"stepDownOnRemoval\\\":false,\\\"tick\\\":{\\\"function\\\":9023008,\\\"type\\\":\\\"func()\\\"},\\\"trk\\\":{\\\"fields\\\":{\\\"Config\\\":{\\\"fields\\\":{\\\"AutoLeave\\\":true,\\\"Learners\\\":{\\\"nil\\\":true,\\\"type\\\":\\\"map[uint64]struct {}\\\"},\\\"LearnersNext\\\":{\\\"nil\\\":true,\\\"type\\\":\\\"map[uint64]struct {}\\\"},\\\"Voters\\\":{\\\"type\\\":\\\"quorum.JointConfig\\\",\\\"values\\\":[{\\\"pairs\\\":[\\\"[1,{\\\\\\\"fields\\\\\\\":{},\\\\\\\"type\\\\\\\":\\\\\\\"struct {}\\\\\\\"}]\\\",\\\"[2,{\\\\\\\"fields\\\\\\\":{},\\\\\\\"type\\\\\\\":\\\\\\\"struct {}\\\\\\\"}]\\\"],\\\"type\\\":\\\"quorum.MajorityConfig\\\"},{\\\"pairs\\\":[\\\"[1,{\\\\\\\"fields\\\\\\\":{},\\\\\\\"type\\\\\\\":\\\\\\\"struct {}\\\\\\\"}]\\\",\\\"[2,{\\\\\\\"fields\\\\\\\":{},\\\\\\\"type\\\\\\\":\\\\\\\"struct {}\\\\\\\"}]\\\",\\\"[3,{\\\\\\\"fields\\\\\\\":{},\\\\\\\"type\\\\\\\":\\\\\\\"struct {}\\\\\\\"}]\\\"],\\\"type\\\":\\\"quorum.MajorityConfig\\\"}]}},\\\"type\\\":\\\"tracker.Config\\\"},\\\"MaxInflight\\\":256,\\\"MaxInflightBytes\\\":18446744073709551615,\\\"Progress\\\":{\\\"pairs\\\":[\\\"[1,{\\\\\\\"type\\\\\\\":\\\\\\\"*tracker.Progress\\\\\\\",\\\\\\\"value\\\\\\\":{\\\\\\\"fields\\\\\\\":{\\\\\\\"Inflights\\\\\\\":{\\\\\\\"type\\\\\\\":\\\\\\\"*tracker.Inflights\\\\\\\",\\\\\\\"value\\\\\\\":{\\\\\\\"f"}
{"Time":"2026-10-06T15:04:44.5865488+08:00","Action":"output","Package":"go.etcd.io/raft/v3","Test":"TestAssuranceAutoLeaveTransferCheck/true","Output":"ields\\\\\\\":{\\\\\\\"buffer\\\\\\\":{\\\\\\\"capacity\\\\\\\":0,\\\\\\\"nil\\\\\\\":true,\\\\\\\"type\\\\\\\":\\\\\\\"[]tracker.inflight\\\\\\\",\\\\\\\"values\\\\\\\":[]},\\\\\\\"bytes\\\\\\\":0,\\\\\\\"count\\\\\\\":0,\\\\\\\"maxBytes\\\\\\\":18446744073709551615,\\\\\\\"size\\\\\\\":256,\\\\\\\"start\\\\\\\":0},\\\\\\\"type\\\\\\\":\\\\\\\"tracker.Inflights\\\\\\\"}},\\\\\\\"IsLearner\\\\\\\":false,\\\\\\\"Match\\\\\\\":0,\\\\\\\"MsgAppFlowPaused\\\\\\\":false,\\\\\\\"Next\\\\\\\":4,\\\\\\\"PendingSnapshot\\\\\\\":0,\\\\\\\"RecentActive\\\\\\\":false,\\\\\\\"State\\\\\\\":0,\\\\\\\"sentCommit\\\\\\\":0},\\\\\\\"type\\\\\\\":\\\\\\\"tracker.Progress\\\\\\\"}}]\\\",\\\"[2,{\\\\\\\"type\\\\\\\":\\\\\\\"*tracker.Progress\\\\\\\",\\\\\\\"value\\\\\\\":{\\\\\\\"fields\\\\\\\":{\\\\\\\"Inflights\\\\\\\":{\\\\\\\"type\\\\\\\":\\\\\\\"*tracker.Inflights\\\\\\\",\\\\\\\"value\\\\\\\":{\\\\\\\"fields\\\\\\\":{\\\\\\\"buffer\\\\\\\":{\\\\\\\"capacity\\\\\\\":0,\\\\\\\"nil\\\\\\\":true,\\\\\\\"type\\\\\\\":\\\\\\\"[]tracker.inflight\\\\\\\",\\\\\\\"values\\\\\\\":[]},\\\\\\\"bytes\\\\\\\":0,\\\\\\\"count\\\\\\\":0,\\\\\\\"maxBytes\\\\\\\":18446744073709551615,\\\\\\\"size\\\\\\\":256,\\\\\\\"start\\\\\\\":0},\\\\\\\"type\\\\\\\":\\\\\\\"tracker.Inflights\\\\\\\"}},\\\\\\\"IsLearner\\\\\\\":false,\\\\\\\"Match\\\\\\\":0,\\\\\\\"MsgAppFlowPaused\\\\\\\":false,\\\\\\\"Next\\\\\\\":4,\\\\\\\"PendingSnapshot\\\\\\\":0,\\\\\\"}
{"Time":"2026-10-06T15:04:44.586563311+08:00","Action":"output","Package":"go.etcd.io/raft/v3","Test":"TestAssuranceAutoLeaveTransferCheck/true","Output":"\"RecentActive\\\\\\\":false,\\\\\\\"State\\\\\\\":0,\\\\\\\"sentCommit\\\\\\\":0},\\\\\\\"type\\\\\\\":\\\\\\\"tracker.Progress\\\\\\\"}}]\\\",\\\"[3,{\\\\\\\"type\\\\\\\":\\\\\\\"*tracker.Progress\\\\\\\",\\\\\\\"value\\\\\\\":{\\\\\\\"fields\\\\\\\":{\\\\\\\"Inflights\\\\\\\":{\\\\\\\"type\\\\\\\":\\\\\\\"*tracker.Inflights\\\\\\\",\\\\\\\"value\\\\\\\":{\\\\\\\"fields\\\\\\\":{\\\\\\\"buffer\\\\\\\":{\\\\\\\"capacity\\\\\\\":0,\\\\\\\"nil\\\\\\\":true,\\\\\\\"type\\\\\\\":\\\\\\\"[]tracker.inflight\\\\\\\",\\\\\\\"values\\\\\\\":[]},\\\\\\\"bytes\\\\\\\":0,\\\\\\\"count\\\\\\\":0,\\\\\\\"maxBytes\\\\\\\":18446744073709551615,\\\\\\\"size\\\\\\\":256,\\\\\\\"start\\\\\\\":0},\\\\\\\"type\\\\\\\":\\\\\\\"tracker.Inflights\\\\\\\"}},\\\\\\\"IsLearner\\\\\\\":false,\\\\\\\"Match\\\\\\\":3,\\\\\\\"MsgAppFlowPaused\\\\\\\":false,\\\\\\\"Next\\\\\\\":4,\\\\\\\"PendingSnapshot\\\\\\\":0,\\\\\\\"RecentActive\\\\\\\":false,\\\\\\\"State\\\\\\\":0,\\\\\\\"sentCommit\\\\\\\":0},\\\\\\\"type\\\\\\\":\\\\\\\"tracker.Progress\\\\\\\"}}]\\\"],\\\"type\\\":\\\"tracker.ProgressMap\\\"},\\\"Votes\\\":{\\\"pairs\\\":[],\\\"type\\\":\\\"map[uint64]bool\\\"}},\\\"type\\\":\\\"tracker.ProgressTracker\\\"},\\\"uncommittedSize\\\":0},\\\"type\\\":\\\"raft.raft\\\"}},\\\"stepsOnAdvance\\\":{\\\"capacity\\\":2,\\\"nil\\\":false,\\\"type\\\":\\\"[]raftpb.Message\\\",\\\"values\\\":[]}},\\\"type"}
{"Time":"2026-10-06T15:04:44.586575568+08:00","Action":"output","Package":"go.etcd.io/raft/v3","Test":"TestAssuranceAutoLeaveTransferCheck/true","Output":"\\\":\\\"raft.RawNode\\\"}},\\\"network\\\":{\\\"capacity\\\":0,\\\"nil\\\":false,\\\"type\\\":\\\"[]raftpb.Message\\\",\\\"values\\\":[]}}\"}\n"}
{"Time":"2026-10-06T15:04:44.586600368+08:00","Action":"output","Package":"go.etcd.io/raft/v3","Test":"TestAssuranceAutoLeaveTransferCheck/true","Output":"CA_EVENT {\"applied\":5,\"change_index\":5,\"completed\":false,\"cycle_messages\":{\"MsgHeartbeat\":20,\"MsgHeartbeatResp\":20},\"drained\":true,\"dropped_timeout_now\":1,\"event\":\"continuation_result\",\"forbidden_cycle\":true,\"joint_throughout\":true,\"last\":5,\"only_heartbeats\":true,\"operation\":\"implicit-remove-3\",\"overlap\":true,\"state_equal\":true,\"term\":2,\"transferee\":0}\n"}
{"Time":"2026-10-06T15:04:44.586617439+08:00","Action":"output","Package":"go.etcd.io/raft/v3","Test":"TestAssuranceAutoLeaveTransferCheck/true","Output":"raft2026/10/06 15:04:44 INFO: initiating automatic transition out of joint configuration voters=(1 2)\u0026\u0026(1 2 3) autoleave\n"}
{"Time":"2026-10-06T15:04:44.586623875+08:00","Action":"output","Package":"go.etcd.io/raft/v3","Test":"TestAssuranceAutoLeaveTransferCheck/true","Output":"raft2026/10/06 15:04:44 INFO: 1 switched to configuration voters=(1 2)\n"}
{"Time":"2026-10-06T15:04:44.586629459+08:00","Action":"output","Package":"go.etcd.io/raft/v3","Test":"TestAssuranceAutoLeaveTransferCheck/true","Output":"raft2026/10/06 15:04:44 INFO: 2 switched to configuration voters=(1 2)\n"}
{"Time":"2026-10-06T15:04:44.586634557+08:00","Action":"output","Package":"go.etcd.io/raft/v3","Test":"TestAssuranceAutoLeaveTransferCheck/true","Output":"raft2026/10/06 15:04:44 INFO: 3 switched to configuration voters=(1 2)\n"}
{"Time":"2026-10-06T15:04:44.586640621+08:00","Action":"output","Package":"go.etcd.io/raft/v3","Test":"TestAssuranceAutoLeaveTransferCheck/true","Output":"CA_EVENT {\"applied\":7,\"auto_leave\":false,\"change_index\":5,\"committed\":7,\"dropped_timeout_now\":1,\"event\":\"after_new_proposal\",\"incoming\":[1,2],\"last\":7,\"operation\":\"implicit-remove-3\",\"original_applied\":true,\"original_committed\":true,\"outgoing\":null,\"overlap\":true,\"pending_conf\":7,\"queue_length\":0,\"ready\":false,\"role\":\"StateLeader\",\"term\":2,\"transferee\":0}\n"}
{"Time":"2026-10-06T15:04:44.586656492+08:00","Action":"output","Package":"go.etcd.io/raft/v3","Test":"TestAssuranceAutoLeaveTransferCheck/true","Output":"--- PASS: TestAssuranceAutoLeaveTransferCheck/true (0.01s)\n"}
{"Time":"2026-10-06T15:04:44.586667238+08:00","Action":"pass","Package":"go.etcd.io/raft/v3","Test":"TestAssuranceAutoLeaveTransferCheck/true","Elapsed":0.01}
{"Time":"2026-10-06T15:04:44.586682481+08:00","Action":"output","Package":"go.etcd.io/raft/v3","Test":"TestAssuranceAutoLeaveTransferCheck","Output":"--- PASS: TestAssuranceAutoLeaveTransferCheck (0.01s)\n"}
{"Time":"2026-10-06T15:04:44.586689607+08:00","Action":"pass","Package":"go.etcd.io/raft/v3","Test":"TestAssuranceAutoLeaveTransferCheck","Elapsed":0.01}
{"Time":"2026-10-06T15:04:44.586938787+08:00","Action":"output","Package":"go.etcd.io/raft/v3","Output":"PASS\n"}
{"Time":"2026-10-06T15:04:44.589638183+08:00","Action":"output","Package":"go.etcd.io/raft/v3","Output":"ok  \tgo.etcd.io/raft/v3\t0.027s\n"}
{"Time":"2026-10-06T15:04:44.589681706+08:00","Action":"pass","Package":"go.etcd.io/raft/v3","Elapsed":0.028}
