# final consolidated audit-test run
Thu Oct  8 12:24:14 UTC 2026

=== RUN   TestAudit_CrashRestartFollower
2026-10-08T20:24:14.821+0800 [DEBUG] cluster: fully connecting
2026-10-08T20:24:14.821+0800 [INFO]  server-ba29c60e-c627-4aa2-2c6e-36eaaa4e6a85: initial configuration: index=1 servers="[{Suffrage:Voter ID:server-ba29c60e-c627-4aa2-2c6e-36eaaa4e6a85 Address:ba29c60e-c627-4aa2-2c6e-36eaaa4e6a85} {Suffrage:Voter ID:server-7e162982-a56c-8f1c-133e-47449f49262f Address:7e162982-a56c-8f1c-133e-47449f49262f} {Suffrage:Voter ID:server-979ac4e6-055f-4b7b-d834-5a21702f2167 Address:979ac4e6-055f-4b7b-d834-5a21702f2167}]"
2026-10-08T20:24:14.822+0800 [INFO]  server-7e162982-a56c-8f1c-133e-47449f49262f: initial configuration: index=1 servers="[{Suffrage:Voter ID:server-ba29c60e-c627-4aa2-2c6e-36eaaa4e6a85 Address:ba29c60e-c627-4aa2-2c6e-36eaaa4e6a85} {Suffrage:Voter ID:server-7e162982-a56c-8f1c-133e-47449f49262f Address:7e162982-a56c-8f1c-133e-47449f49262f} {Suffrage:Voter ID:server-979ac4e6-055f-4b7b-d834-5a21702f2167 Address:979ac4e6-055f-4b7b-d834-5a21702f2167}]"
2026-10-08T20:24:14.822+0800 [INFO]  server-979ac4e6-055f-4b7b-d834-5a21702f2167: initial configuration: index=1 servers="[{Suffrage:Voter ID:server-ba29c60e-c627-4aa2-2c6e-36eaaa4e6a85 Address:ba29c60e-c627-4aa2-2c6e-36eaaa4e6a85} {Suffrage:Voter ID:server-7e162982-a56c-8f1c-133e-47449f49262f Address:7e162982-a56c-8f1c-133e-47449f49262f} {Suffrage:Voter ID:server-979ac4e6-055f-4b7b-d834-5a21702f2167 Address:979ac4e6-055f-4b7b-d834-5a21702f2167}]"
    zz_audit_crash_test.go:24: start: idx=0 addr=ba29c60e-c627-4aa2-2c6e-36eaaa4e6a85 id=server-ba29c60e-c627-4aa2-2c6e-36eaaa4e6a85
    zz_audit_crash_test.go:24: start: idx=1 addr=7e162982-a56c-8f1c-133e-47449f49262f id=server-7e162982-a56c-8f1c-133e-47449f49262f
    zz_audit_crash_test.go:24: start: idx=2 addr=979ac4e6-055f-4b7b-d834-5a21702f2167 id=server-979ac4e6-055f-4b7b-d834-5a21702f2167
2026-10-08T20:24:14.822+0800 [INFO]  cluster: starting stability test: raft-state=Leader
2026-10-08T20:24:14.822+0800 [INFO]  server-7e162982-a56c-8f1c-133e-47449f49262f: entering follower state: follower="Node at 7e162982-a56c-8f1c-133e-47449f49262f [Follower]" leader-address= leader-id=
2026-10-08T20:24:14.822+0800 [INFO]  server-ba29c60e-c627-4aa2-2c6e-36eaaa4e6a85: entering follower state: follower="Node at ba29c60e-c627-4aa2-2c6e-36eaaa4e6a85 [Follower]" leader-address= leader-id=
2026-10-08T20:24:14.822+0800 [INFO]  server-979ac4e6-055f-4b7b-d834-5a21702f2167: entering follower state: follower="Node at 979ac4e6-055f-4b7b-d834-5a21702f2167 [Follower]" leader-address= leader-id=
2026-10-08T20:24:14.887+0800 [WARN]  server-979ac4e6-055f-4b7b-d834-5a21702f2167: heartbeat timeout reached, starting election: last-leader-addr= last-leader-id=
2026-10-08T20:24:14.887+0800 [INFO]  server-979ac4e6-055f-4b7b-d834-5a21702f2167: entering candidate state: node="Node at 979ac4e6-055f-4b7b-d834-5a21702f2167 [Candidate]" term=2
2026-10-08T20:24:14.888+0800 [DEBUG] server-979ac4e6-055f-4b7b-d834-5a21702f2167: asking for pre-vote: term=2 from=server-ba29c60e-c627-4aa2-2c6e-36eaaa4e6a85 address=ba29c60e-c627-4aa2-2c6e-36eaaa4e6a85
2026-10-08T20:24:14.888+0800 [DEBUG] server-979ac4e6-055f-4b7b-d834-5a21702f2167: asking for pre-vote: term=2 from=server-7e162982-a56c-8f1c-133e-47449f49262f address=7e162982-a56c-8f1c-133e-47449f49262f
2026-10-08T20:24:14.888+0800 [DEBUG] server-979ac4e6-055f-4b7b-d834-5a21702f2167: pre-voting for self: term=2 id=server-979ac4e6-055f-4b7b-d834-5a21702f2167
2026-10-08T20:24:14.888+0800 [DEBUG] server-979ac4e6-055f-4b7b-d834-5a21702f2167: calculated votes needed: needed=2 term=2
2026-10-08T20:24:14.888+0800 [DEBUG] server-979ac4e6-055f-4b7b-d834-5a21702f2167: pre-vote received: from=server-979ac4e6-055f-4b7b-d834-5a21702f2167 term=2 tally=0
2026-10-08T20:24:14.888+0800 [DEBUG] server-979ac4e6-055f-4b7b-d834-5a21702f2167: pre-vote granted: from=server-979ac4e6-055f-4b7b-d834-5a21702f2167 term=2 tally=1
2026-10-08T20:24:14.888+0800 [DEBUG] server-7e162982-a56c-8f1c-133e-47449f49262f: received a requestPreVote with a newer term, grant the pre-vote
2026-10-08T20:24:14.888+0800 [DEBUG] server-979ac4e6-055f-4b7b-d834-5a21702f2167: pre-vote received: from=server-7e162982-a56c-8f1c-133e-47449f49262f term=2 tally=1
2026-10-08T20:24:14.888+0800 [DEBUG] server-979ac4e6-055f-4b7b-d834-5a21702f2167: pre-vote granted: from=server-7e162982-a56c-8f1c-133e-47449f49262f term=2 tally=2
2026-10-08T20:24:14.888+0800 [INFO]  server-979ac4e6-055f-4b7b-d834-5a21702f2167: pre-vote successful, starting election: term=2 tally=2 refused=0 votesNeeded=2
2026-10-08T20:24:14.888+0800 [DEBUG] server-979ac4e6-055f-4b7b-d834-5a21702f2167: asking for vote: term=2 from=server-ba29c60e-c627-4aa2-2c6e-36eaaa4e6a85 address=ba29c60e-c627-4aa2-2c6e-36eaaa4e6a85
2026-10-08T20:24:14.888+0800 [DEBUG] server-979ac4e6-055f-4b7b-d834-5a21702f2167: asking for vote: term=2 from=server-7e162982-a56c-8f1c-133e-47449f49262f address=7e162982-a56c-8f1c-133e-47449f49262f
2026-10-08T20:24:14.889+0800 [DEBUG] server-979ac4e6-055f-4b7b-d834-5a21702f2167: voting for self: term=2 id=server-979ac4e6-055f-4b7b-d834-5a21702f2167
2026-10-08T20:24:14.889+0800 [DEBUG] server-979ac4e6-055f-4b7b-d834-5a21702f2167: vote granted: from=server-979ac4e6-055f-4b7b-d834-5a21702f2167 term=2 tally=1
2026-10-08T20:24:14.889+0800 [DEBUG] server-7e162982-a56c-8f1c-133e-47449f49262f: lost leadership because received a requestVote with a newer term
2026-10-08T20:24:14.889+0800 [DEBUG] server-979ac4e6-055f-4b7b-d834-5a21702f2167: vote granted: from=server-7e162982-a56c-8f1c-133e-47449f49262f term=2 tally=2
2026-10-08T20:24:14.889+0800 [INFO]  server-979ac4e6-055f-4b7b-d834-5a21702f2167: election won: term=2 tally=2
2026-10-08T20:24:14.889+0800 [INFO]  server-979ac4e6-055f-4b7b-d834-5a21702f2167: entering leader state: leader="Node at 979ac4e6-055f-4b7b-d834-5a21702f2167 [Leader]"
2026-10-08T20:24:14.889+0800 [DEBUG] cluster: resetting stability timeout
2026-10-08T20:24:14.889+0800 [INFO]  server-979ac4e6-055f-4b7b-d834-5a21702f2167: added peer, starting replication: peer=server-ba29c60e-c627-4aa2-2c6e-36eaaa4e6a85
2026-10-08T20:24:14.889+0800 [DEBUG] cluster: resetting stability timeout
2026-10-08T20:24:14.889+0800 [DEBUG] cluster: resetting stability timeout
2026-10-08T20:24:14.889+0800 [INFO]  server-979ac4e6-055f-4b7b-d834-5a21702f2167: added peer, starting replication: peer=server-7e162982-a56c-8f1c-133e-47449f49262f
2026-10-08T20:24:14.889+0800 [WARN]  server-ba29c60e-c627-4aa2-2c6e-36eaaa4e6a85: heartbeat timeout reached, starting election: last-leader-addr= last-leader-id=
2026-10-08T20:24:14.889+0800 [INFO]  server-ba29c60e-c627-4aa2-2c6e-36eaaa4e6a85: entering candidate state: node="Node at ba29c60e-c627-4aa2-2c6e-36eaaa4e6a85 [Candidate]" term=2
2026-10-08T20:24:14.889+0800 [DEBUG] server-ba29c60e-c627-4aa2-2c6e-36eaaa4e6a85: pre-voting for self: term=2 id=server-ba29c60e-c627-4aa2-2c6e-36eaaa4e6a85
2026-10-08T20:24:14.889+0800 [DEBUG] server-ba29c60e-c627-4aa2-2c6e-36eaaa4e6a85: asking for pre-vote: term=2 from=server-7e162982-a56c-8f1c-133e-47449f49262f address=7e162982-a56c-8f1c-133e-47449f49262f
2026-10-08T20:24:14.889+0800 [DEBUG] server-ba29c60e-c627-4aa2-2c6e-36eaaa4e6a85: asking for pre-vote: term=2 from=server-979ac4e6-055f-4b7b-d834-5a21702f2167 address=979ac4e6-055f-4b7b-d834-5a21702f2167
2026-10-08T20:24:14.889+0800 [DEBUG] server-ba29c60e-c627-4aa2-2c6e-36eaaa4e6a85: calculated votes needed: needed=2 term=2
2026-10-08T20:24:14.889+0800 [DEBUG] server-ba29c60e-c627-4aa2-2c6e-36eaaa4e6a85: pre-vote received: from=server-ba29c60e-c627-4aa2-2c6e-36eaaa4e6a85 term=2 tally=0
2026-10-08T20:24:14.889+0800 [DEBUG] server-ba29c60e-c627-4aa2-2c6e-36eaaa4e6a85: pre-vote granted: from=server-ba29c60e-c627-4aa2-2c6e-36eaaa4e6a85 term=2 tally=1
2026-10-08T20:24:14.889+0800 [DEBUG] server-ba29c60e-c627-4aa2-2c6e-36eaaa4e6a85: received a requestPreVote with a newer term, grant the pre-vote
2026-10-08T20:24:14.889+0800 [DEBUG] server-ba29c60e-c627-4aa2-2c6e-36eaaa4e6a85: lost leadership because received a requestVote with a newer term
2026-10-08T20:24:14.889+0800 [INFO]  server-ba29c60e-c627-4aa2-2c6e-36eaaa4e6a85: entering follower state: follower="Node at ba29c60e-c627-4aa2-2c6e-36eaaa4e6a85 [Follower]" leader-address= leader-id=
2026-10-08T20:24:14.889+0800 [INFO]  server-979ac4e6-055f-4b7b-d834-5a21702f2167: pipelining replication: peer="{Voter server-7e162982-a56c-8f1c-133e-47449f49262f 7e162982-a56c-8f1c-133e-47449f49262f}"
2026-10-08T20:24:14.889+0800 [WARN]  server-7e162982-a56c-8f1c-133e-47449f49262f: rejecting pre-vote request since we have a leader: from=ba29c60e-c627-4aa2-2c6e-36eaaa4e6a85 leader=979ac4e6-055f-4b7b-d834-5a21702f2167 leader-id=server-979ac4e6-055f-4b7b-d834-5a21702f2167
2026-10-08T20:24:14.889+0800 [DEBUG] cluster: resetting stability timeout
2026-10-08T20:24:14.889+0800 [DEBUG] cluster: resetting stability timeout
2026-10-08T20:24:14.889+0800 [DEBUG] cluster: resetting stability timeout
2026-10-08T20:24:14.890+0800 [WARN]  server-979ac4e6-055f-4b7b-d834-5a21702f2167: rejecting pre-vote request since we have a leader: from=ba29c60e-c627-4aa2-2c6e-36eaaa4e6a85 leader=979ac4e6-055f-4b7b-d834-5a21702f2167 leader-id=server-979ac4e6-055f-4b7b-d834-5a21702f2167
2026-10-08T20:24:14.890+0800 [INFO]  server-979ac4e6-055f-4b7b-d834-5a21702f2167: pipelining replication: peer="{Voter server-ba29c60e-c627-4aa2-2c6e-36eaaa4e6a85 ba29c60e-c627-4aa2-2c6e-36eaaa4e6a85}"
2026-10-08T20:24:14.995+0800 [INFO]  cluster: stable state for Leader reached at 2026-10-08 20:24:14.889879385 +0800 CST m=+0.069848431 (1 nodes), highestTerm is 2, 67.607681ms from start of poll, 67.989459ms from cluster start. Timeout at 2026-10-08 20:24:14.994884886 +0800 CST m=+0.174853886, 105.005455ms after stability
2026-10-08T20:24:14.995+0800 [INFO]  cluster: starting stability test: raft-state=Leader
2026-10-08T20:24:15.101+0800 [INFO]  cluster: stable state for Leader reached at 2026-10-08 20:24:14.995605622 +0800 CST m=+0.175574573 (1 nodes), highestTerm is 2, 562ns from start of poll, 173.715601ms from cluster start. Timeout at 2026-10-08 20:24:15.100622226 +0800 CST m=+0.280591340, 105.016767ms after stability
2026-10-08T20:24:15.101+0800 [INFO]  cluster: starting stability test: raft-state=Leader
2026-10-08T20:24:15.206+0800 [INFO]  cluster: stable state for Leader reached at 2026-10-08 20:24:15.10149409 +0800 CST m=+0.281463215 (1 nodes), highestTerm is 2, 1.262µs from start of poll, 279.604243ms from cluster start. Timeout at 2026-10-08 20:24:15.206504314 +0800 CST m=+0.386473354, 105.010139ms after stability
2026-10-08T20:24:15.207+0800 [INFO]  cluster: starting stability test: raft-state=Leader
2026-10-08T20:24:15.313+0800 [INFO]  cluster: stable state for Leader reached at 2026-10-08 20:24:15.207339124 +0800 CST m=+0.387308176 (1 nodes), highestTerm is 2, 1.284µs from start of poll, 385.449204ms from cluster start. Timeout at 2026-10-08 20:24:15.31234551 +0800 CST m=+0.492314511, 105.006335ms after stability
2026-10-08T20:24:15.313+0800 [INFO]  cluster: starting stability test: raft-state=Leader
2026-10-08T20:24:15.419+0800 [INFO]  cluster: stable state for Leader reached at 2026-10-08 20:24:15.313744982 +0800 CST m=+0.493713930 (1 nodes), highestTerm is 2, 461ns from start of poll, 491.854958ms from cluster start. Timeout at 2026-10-08 20:24:15.418749035 +0800 CST m=+0.598717963, 105.004033ms after stability
2026-10-08T20:24:15.419+0800 [INFO]  cluster: starting stability test: raft-state=Leader
2026-10-08T20:24:15.525+0800 [INFO]  cluster: stable state for Leader reached at 2026-10-08 20:24:15.419244862 +0800 CST m=+0.599213779 (1 nodes), highestTerm is 2, 225ns from start of poll, 597.354807ms from cluster start. Timeout at 2026-10-08 20:24:15.524248727 +0800 CST m=+0.704217671, 105.003892ms after stability
2026-10-08T20:24:15.525+0800 [INFO]  cluster: starting stability test: raft-state=Leader
2026-10-08T20:24:15.630+0800 [INFO]  cluster: stable state for Leader reached at 2026-10-08 20:24:15.525350511 +0800 CST m=+0.705319450 (1 nodes), highestTerm is 2, 525ns from start of poll, 703.460478ms from cluster start. Timeout at 2026-10-08 20:24:15.630362694 +0800 CST m=+0.810331719, 105.012269ms after stability
2026-10-08T20:24:15.631+0800 [INFO]  cluster: starting stability test: raft-state=Leader
2026-10-08T20:24:15.737+0800 [INFO]  cluster: stable state for Leader reached at 2026-10-08 20:24:15.631322226 +0800 CST m=+0.811291328 (1 nodes), highestTerm is 2, 1.5µs from start of poll, 809.432356ms from cluster start. Timeout at 2026-10-08 20:24:15.736328441 +0800 CST m=+0.916297427, 105.006099ms after stability
2026-10-08T20:24:15.737+0800 [INFO]  cluster: starting stability test: raft-state=Leader
2026-10-08T20:24:15.842+0800 [INFO]  cluster: stable state for Leader reached at 2026-10-08 20:24:15.737664326 +0800 CST m=+0.917633282 (1 nodes), highestTerm is 2, 541ns from start of poll, 915.77431ms from cluster start. Timeout at 2026-10-08 20:24:15.84267696 +0800 CST m=+1.022646015, 105.012733ms after stability
2026-10-08T20:24:15.843+0800 [INFO]  cluster: starting stability test: raft-state=Leader
2026-10-08T20:24:15.949+0800 [INFO]  cluster: stable state for Leader reached at 2026-10-08 20:24:15.843727243 +0800 CST m=+1.023696226 (1 nodes), highestTerm is 2, 866ns from start of poll, 1.021837254s from cluster start. Timeout at 2026-10-08 20:24:15.948731821 +0800 CST m=+1.128700770, 105.004544ms after stability
2026-10-08T20:24:15.949+0800 [INFO]  cluster: starting stability test: raft-state=Leader
2026-10-08T20:24:16.056+0800 [INFO]  cluster: stable state for Leader reached at 2026-10-08 20:24:15.949827717 +0800 CST m=+1.129796642 (1 nodes), highestTerm is 2, 319ns from start of poll, 1.12793767s from cluster start. Timeout at 2026-10-08 20:24:16.054835269 +0800 CST m=+1.234804246, 105.007604ms after stability
2026-10-08T20:24:16.056+0800 [INFO]  cluster: starting stability test: raft-state=Leader
2026-10-08T20:24:16.161+0800 [INFO]  cluster: stable state for Leader reached at 2026-10-08 20:24:16.05638789 +0800 CST m=+1.236356854 (1 nodes), highestTerm is 2, 495ns from start of poll, 1.234497882s from cluster start. Timeout at 2026-10-08 20:24:16.161396057 +0800 CST m=+1.341365035, 105.008181ms after stability
2026-10-08T20:24:16.162+0800 [INFO]  cluster: starting stability test: raft-state=Leader
2026-10-08T20:24:16.267+0800 [INFO]  cluster: stable state for Leader reached at 2026-10-08 20:24:16.162427058 +0800 CST m=+1.342396058 (1 nodes), highestTerm is 2, 825ns from start of poll, 1.340537086s from cluster start. Timeout at 2026-10-08 20:24:16.267440583 +0800 CST m=+1.447409622, 105.013564ms after stability
2026-10-08T20:24:16.268+0800 [INFO]  cluster: starting stability test: raft-state=Leader
2026-10-08T20:24:16.373+0800 [INFO]  cluster: stable state for Leader reached at 2026-10-08 20:24:16.268506238 +0800 CST m=+1.448475233 (1 nodes), highestTerm is 2, 1.667µs from start of poll, 1.446616261s from cluster start. Timeout at 2026-10-08 20:24:16.373516775 +0800 CST m=+1.553485789, 105.010556ms after stability
2026-10-08T20:24:16.374+0800 [INFO]  cluster: starting stability test: raft-state=Leader
2026-10-08T20:24:16.480+0800 [INFO]  cluster: stable state for Leader reached at 2026-10-08 20:24:16.374211741 +0800 CST m=+1.554180739 (1 nodes), highestTerm is 2, 720ns from start of poll, 1.552321767s from cluster start. Timeout at 2026-10-08 20:24:16.47922083 +0800 CST m=+1.659189951, 105.009212ms after stability
2026-10-08T20:24:16.480+0800 [INFO]  cluster: starting stability test: raft-state=Leader
2026-10-08T20:24:16.586+0800 [INFO]  cluster: stable state for Leader reached at 2026-10-08 20:24:16.480986549 +0800 CST m=+1.660955600 (1 nodes), highestTerm is 2, 1.068µs from start of poll, 1.659096628s from cluster start. Timeout at 2026-10-08 20:24:16.5859937 +0800 CST m=+1.765962716, 105.007116ms after stability
2026-10-08T20:24:16.587+0800 [INFO]  cluster: starting stability test: raft-state=Leader
2026-10-08T20:24:16.693+0800 [INFO]  cluster: stable state for Leader reached at 2026-10-08 20:24:16.587232146 +0800 CST m=+1.767201129 (1 nodes), highestTerm is 2, 999ns from start of poll, 1.765342157s from cluster start. Timeout at 2026-10-08 20:24:16.692244851 +0800 CST m=+1.872213897, 105.012768ms after stability
2026-10-08T20:24:16.693+0800 [INFO]  cluster: starting stability test: raft-state=Leader
2026-10-08T20:24:16.799+0800 [INFO]  cluster: stable state for Leader reached at 2026-10-08 20:24:16.693626586 +0800 CST m=+1.873595610 (1 nodes), highestTerm is 2, 1.404µs from start of poll, 1.871736638s from cluster start. Timeout at 2026-10-08 20:24:16.798639444 +0800 CST m=+1.978608569, 105.012959ms after stability
2026-10-08T20:24:16.799+0800 [INFO]  cluster: starting stability test: raft-state=Leader
2026-10-08T20:24:16.905+0800 [INFO]  cluster: stable state for Leader reached at 2026-10-08 20:24:16.799358292 +0800 CST m=+1.979327331 (1 nodes), highestTerm is 2, 1.176µs from start of poll, 1.977468359s from cluster start. Timeout at 2026-10-08 20:24:16.904372323 +0800 CST m=+2.084341436, 105.014105ms after stability
2026-10-08T20:24:16.905+0800 [INFO]  cluster: starting stability test: raft-state=Leader
2026-10-08T20:24:17.011+0800 [INFO]  cluster: stable state for Leader reached at 2026-10-08 20:24:16.905462537 +0800 CST m=+2.085431587 (1 nodes), highestTerm is 2, 1.224µs from start of poll, 2.083572615s from cluster start. Timeout at 2026-10-08 20:24:17.010467988 +0800 CST m=+2.190436909, 105.005322ms after stability
2026-10-08T20:24:17.061+0800 [INFO]  cluster: starting stability test: raft-state=Follower
2026-10-08T20:24:17.167+0800 [INFO]  cluster: stable state for Follower reached at 2026-10-08 20:24:17.062007199 +0800 CST m=+2.241976241 (2 nodes), highestTerm is 2, 2.276µs from start of poll, 2.240117269s from cluster start. Timeout at 2026-10-08 20:24:17.167023375 +0800 CST m=+2.346992503, 105.016262ms after stability
2026-10-08T20:24:17.168+0800 [INFO]  cluster: starting stability test: raft-state=Leader
2026-10-08T20:24:17.168+0800 [DEBUG] cluster: resetting stability timeout
2026-10-08T20:24:17.215+0800 [WARN]  server-979ac4e6-055f-4b7b-d834-5a21702f2167: failed to contact: server-id=server-ba29c60e-c627-4aa2-2c6e-36eaaa4e6a85 time=50.974087ms
2026-10-08T20:24:17.265+0800 [WARN]  server-979ac4e6-055f-4b7b-d834-5a21702f2167: failed to contact: server-id=server-ba29c60e-c627-4aa2-2c6e-36eaaa4e6a85 time=101.000313ms
2026-10-08T20:24:17.273+0800 [INFO]  cluster: stable state for Leader reached at 2026-10-08 20:24:17.168322993 +0800 CST m=+2.348292113 (1 nodes), highestTerm is 2, 67.31µs from start of poll, 2.346433141s from cluster start. Timeout at 2026-10-08 20:24:17.273328151 +0800 CST m=+2.453297076, 105.004963ms after stability
2026-10-08T20:24:17.273+0800 [INFO]  cluster: starting stability test: raft-state=Leader
2026-10-08T20:24:17.316+0800 [DEBUG] server-979ac4e6-055f-4b7b-d834-5a21702f2167: failed to contact: server-id=server-ba29c60e-c627-4aa2-2c6e-36eaaa4e6a85 time=152.269935ms
2026-10-08T20:24:17.365+0800 [DEBUG] server-979ac4e6-055f-4b7b-d834-5a21702f2167: failed to contact: server-id=server-ba29c60e-c627-4aa2-2c6e-36eaaa4e6a85 time=201.286066ms
2026-10-08T20:24:17.380+0800 [INFO]  cluster: stable state for Leader reached at 2026-10-08 20:24:17.2739815 +0800 CST m=+2.453950424 (1 nodes), highestTerm is 2, 252ns from start of poll, 2.452091452s from cluster start. Timeout at 2026-10-08 20:24:17.37900021 +0800 CST m=+2.558969339, 105.018915ms after stability
2026-10-08T20:24:17.381+0800 [INFO]  cluster: starting stability test: raft-state=Leader
2026-10-08T20:24:17.415+0800 [DEBUG] server-979ac4e6-055f-4b7b-d834-5a21702f2167: failed to contact: server-id=server-ba29c60e-c627-4aa2-2c6e-36eaaa4e6a85 time=250.806119ms
2026-10-08T20:24:17.462+0800 [DEBUG] server-979ac4e6-055f-4b7b-d834-5a21702f2167: failed to contact: server-id=server-ba29c60e-c627-4aa2-2c6e-36eaaa4e6a85 time=298.191973ms
2026-10-08T20:24:17.487+0800 [INFO]  cluster: stable state for Leader reached at 2026-10-08 20:24:17.381171424 +0800 CST m=+2.561140526 (1 nodes), highestTerm is 2, 1.429µs from start of poll, 2.559281554s from cluster start. Timeout at 2026-10-08 20:24:17.486178569 +0800 CST m=+2.666147545, 105.007019ms after stability
2026-10-08T20:24:17.487+0800 [INFO]  cluster: starting stability test: raft-state=Leader
2026-10-08T20:24:17.506+0800 [DEBUG] server-979ac4e6-055f-4b7b-d834-5a21702f2167: failed to contact: server-id=server-ba29c60e-c627-4aa2-2c6e-36eaaa4e6a85 time=342.259838ms
2026-10-08T20:24:17.555+0800 [DEBUG] server-979ac4e6-055f-4b7b-d834-5a21702f2167: failed to contact: server-id=server-ba29c60e-c627-4aa2-2c6e-36eaaa4e6a85 time=390.653151ms
2026-10-08T20:24:17.592+0800 [INFO]  cluster: stable state for Leader reached at 2026-10-08 20:24:17.487553673 +0800 CST m=+2.667522637 (1 nodes), highestTerm is 2, 474ns from start of poll, 2.665663665s from cluster start. Timeout at 2026-10-08 20:24:17.592571362 +0800 CST m=+2.772540438, 105.017801ms after stability
2026-10-08T20:24:17.593+0800 [INFO]  cluster: starting stability test: raft-state=Leader
2026-10-08T20:24:17.603+0800 [DEBUG] server-979ac4e6-055f-4b7b-d834-5a21702f2167: failed to contact: server-id=server-ba29c60e-c627-4aa2-2c6e-36eaaa4e6a85 time=439.322096ms
2026-10-08T20:24:17.650+0800 [DEBUG] server-979ac4e6-055f-4b7b-d834-5a21702f2167: failed to contact: server-id=server-ba29c60e-c627-4aa2-2c6e-36eaaa4e6a85 time=486.423115ms
2026-10-08T20:24:17.672+0800 [ERROR] server-979ac4e6-055f-4b7b-d834-5a21702f2167: failed to heartbeat to: peer=ba29c60e-c627-4aa2-2c6e-36eaaa4e6a85 backoff time=10ms error="command timed out"
2026-10-08T20:24:17.699+0800 [INFO]  cluster: stable state for Leader reached at 2026-10-08 20:24:17.593282643 +0800 CST m=+2.773251655 (1 nodes), highestTerm is 2, 667ns from start of poll, 2.771392683s from cluster start. Timeout at 2026-10-08 20:24:17.698296108 +0800 CST m=+2.878265232, 105.013577ms after stability
2026-10-08T20:24:17.699+0800 [INFO]  cluster: starting stability test: raft-state=Leader
2026-10-08T20:24:17.722+0800 [WARN]  server-979ac4e6-055f-4b7b-d834-5a21702f2167: failed to contact: server-id=server-ba29c60e-c627-4aa2-2c6e-36eaaa4e6a85 time=50.977757ms
2026-10-08T20:24:17.768+0800 [WARN]  server-979ac4e6-055f-4b7b-d834-5a21702f2167: failed to contact: server-id=server-ba29c60e-c627-4aa2-2c6e-36eaaa4e6a85 time=97.397487ms
2026-10-08T20:24:17.788+0800 [ERROR] server-979ac4e6-055f-4b7b-d834-5a21702f2167: failed to pipeline appendEntries: peer="{Voter server-ba29c60e-c627-4aa2-2c6e-36eaaa4e6a85 ba29c60e-c627-4aa2-2c6e-36eaaa4e6a85}" error="command enqueue timeout"
2026-10-08T20:24:17.788+0800 [INFO]  server-979ac4e6-055f-4b7b-d834-5a21702f2167: aborting pipeline replication: peer="{Voter server-ba29c60e-c627-4aa2-2c6e-36eaaa4e6a85 ba29c60e-c627-4aa2-2c6e-36eaaa4e6a85}"
2026-10-08T20:24:17.806+0800 [INFO]  cluster: stable state for Leader reached at 2026-10-08 20:24:17.699825137 +0800 CST m=+2.879794180 (1 nodes), highestTerm is 2, 1.116µs from start of poll, 2.877935208s from cluster start. Timeout at 2026-10-08 20:24:17.804834253 +0800 CST m=+2.984803296, 105.009116ms after stability
2026-10-08T20:24:17.808+0800 [INFO]  cluster: starting stability test: raft-state=Leader
2026-10-08T20:24:17.819+0800 [WARN]  server-979ac4e6-055f-4b7b-d834-5a21702f2167: failed to contact: server-id=server-ba29c60e-c627-4aa2-2c6e-36eaaa4e6a85 time=147.826132ms
2026-10-08T20:24:17.868+0800 [DEBUG] server-979ac4e6-055f-4b7b-d834-5a21702f2167: failed to contact: server-id=server-ba29c60e-c627-4aa2-2c6e-36eaaa4e6a85 time=197.280612ms
2026-10-08T20:24:17.915+0800 [INFO]  cluster: stable state for Leader reached at 2026-10-08 20:24:17.809679336 +0800 CST m=+2.989648413 (1 nodes), highestTerm is 2, 1.875µs from start of poll, 2.987789441s from cluster start. Timeout at 2026-10-08 20:24:17.914689096 +0800 CST m=+3.094658221, 105.009808ms after stability
2026-10-08T20:24:17.916+0800 [INFO]  cluster: starting stability test: raft-state=Leader
2026-10-08T20:24:17.920+0800 [DEBUG] server-979ac4e6-055f-4b7b-d834-5a21702f2167: failed to contact: server-id=server-ba29c60e-c627-4aa2-2c6e-36eaaa4e6a85 time=249.134874ms
2026-10-08T20:24:17.967+0800 [DEBUG] server-979ac4e6-055f-4b7b-d834-5a21702f2167: failed to contact: server-id=server-ba29c60e-c627-4aa2-2c6e-36eaaa4e6a85 time=295.782933ms
2026-10-08T20:24:18.015+0800 [DEBUG] server-979ac4e6-055f-4b7b-d834-5a21702f2167: failed to contact: server-id=server-ba29c60e-c627-4aa2-2c6e-36eaaa4e6a85 time=343.724819ms
2026-10-08T20:24:18.023+0800 [INFO]  cluster: stable state for Leader reached at 2026-10-08 20:24:17.91749242 +0800 CST m=+3.097461537 (1 nodes), highestTerm is 2, 2.174µs from start of poll, 3.095602565s from cluster start. Timeout at 2026-10-08 20:24:18.022501192 +0800 CST m=+3.202470242, 105.008705ms after stability
2026-10-08T20:24:18.023+0800 [INFO]  cluster: starting stability test: raft-state=Leader
2026-10-08T20:24:18.066+0800 [DEBUG] server-979ac4e6-055f-4b7b-d834-5a21702f2167: failed to contact: server-id=server-ba29c60e-c627-4aa2-2c6e-36eaaa4e6a85 time=395.168662ms
2026-10-08T20:24:18.113+0800 [DEBUG] server-979ac4e6-055f-4b7b-d834-5a21702f2167: failed to contact: server-id=server-ba29c60e-c627-4aa2-2c6e-36eaaa4e6a85 time=442.492273ms
2026-10-08T20:24:18.129+0800 [INFO]  cluster: stable state for Leader reached at 2026-10-08 20:24:18.023699023 +0800 CST m=+3.203668033 (1 nodes), highestTerm is 2, 885ns from start of poll, 3.201809061s from cluster start. Timeout at 2026-10-08 20:24:18.128714596 +0800 CST m=+3.308683724, 105.015691ms after stability
2026-10-08T20:24:18.130+0800 [INFO]  cluster: starting stability test: raft-state=Leader
2026-10-08T20:24:18.161+0800 [DEBUG] server-979ac4e6-055f-4b7b-d834-5a21702f2167: failed to contact: server-id=server-ba29c60e-c627-4aa2-2c6e-36eaaa4e6a85 time=489.751881ms
2026-10-08T20:24:18.194+0800 [ERROR] server-979ac4e6-055f-4b7b-d834-5a21702f2167: failed to heartbeat to: peer=ba29c60e-c627-4aa2-2c6e-36eaaa4e6a85 backoff time=10ms error="send timed out"
2026-10-08T20:24:18.208+0800 [DEBUG] server-979ac4e6-055f-4b7b-d834-5a21702f2167: failed to contact: server-id=server-ba29c60e-c627-4aa2-2c6e-36eaaa4e6a85 time=536.745641ms
2026-10-08T20:24:18.236+0800 [INFO]  cluster: stable state for Leader reached at 2026-10-08 20:24:18.13029947 +0800 CST m=+3.310268509 (1 nodes), highestTerm is 2, 979ns from start of poll, 3.308409537s from cluster start. Timeout at 2026-10-08 20:24:18.235309394 +0800 CST m=+3.415278524, 105.010015ms after stability
2026-10-08T20:24:18.237+0800 [INFO]  server-ba29c60e-c627-4aa2-2c6e-36eaaa4e6a85: initial configuration: index=1 servers="[{Suffrage:Voter ID:server-ba29c60e-c627-4aa2-2c6e-36eaaa4e6a85 Address:ba29c60e-c627-4aa2-2c6e-36eaaa4e6a85} {Suffrage:Voter ID:server-7e162982-a56c-8f1c-133e-47449f49262f Address:7e162982-a56c-8f1c-133e-47449f49262f} {Suffrage:Voter ID:server-979ac4e6-055f-4b7b-d834-5a21702f2167 Address:979ac4e6-055f-4b7b-d834-5a21702f2167}]"
2026-10-08T20:24:18.237+0800 [INFO]  server-ba29c60e-c627-4aa2-2c6e-36eaaa4e6a85: entering follower state: follower="Node at ba29c60e-c627-4aa2-2c6e-36eaaa4e6a85 [Follower]" leader-address= leader-id=
2026-10-08T20:24:18.238+0800 [INFO]  server-979ac4e6-055f-4b7b-d834-5a21702f2167: pipelining replication: peer="{Voter server-ba29c60e-c627-4aa2-2c6e-36eaaa4e6a85 ba29c60e-c627-4aa2-2c6e-36eaaa4e6a85}"
2026-10-08T20:24:18.287+0800 [INFO]  cluster: starting stability test: raft-state=Leader
2026-10-08T20:24:18.394+0800 [INFO]  cluster: stable state for Leader reached at 2026-10-08 20:24:18.287904899 +0800 CST m=+3.467873938 (1 nodes), highestTerm is 2, 885ns from start of poll, 3.466014966s from cluster start. Timeout at 2026-10-08 20:24:18.392917781 +0800 CST m=+3.572886894, 105.012956ms after stability
2026-10-08T20:24:18.394+0800 [INFO]  cluster: starting stability test: raft-state=Leader
2026-10-08T20:24:18.499+0800 [INFO]  cluster: stable state for Leader reached at 2026-10-08 20:24:18.39419242 +0800 CST m=+3.574161459 (1 nodes), highestTerm is 2, 844ns from start of poll, 3.572302487s from cluster start. Timeout at 2026-10-08 20:24:18.499198005 +0800 CST m=+3.679166982, 105.005523ms after stability
2026-10-08T20:24:18.499+0800 [INFO]  cluster: starting stability test: raft-state=Leader
2026-10-08T20:24:18.605+0800 [INFO]  cluster: stable state for Leader reached at 2026-10-08 20:24:18.500005473 +0800 CST m=+3.679974423 (1 nodes), highestTerm is 2, 366ns from start of poll, 3.678115451s from cluster start. Timeout at 2026-10-08 20:24:18.605024106 +0800 CST m=+3.784993120, 105.018697ms after stability
2026-10-08T20:24:18.605+0800 [INFO]  cluster: starting stability test: raft-state=Leader
2026-10-08T20:24:18.711+0800 [INFO]  cluster: stable state for Leader reached at 2026-10-08 20:24:18.605676973 +0800 CST m=+3.785646010 (1 nodes), highestTerm is 2, 1.334µs from start of poll, 3.783787038s from cluster start. Timeout at 2026-10-08 20:24:18.710694303 +0800 CST m=+3.890663431, 105.017421ms after stability
2026-10-08T20:24:18.711+0800 [INFO]  cluster: starting stability test: raft-state=Leader
2026-10-08T20:24:18.817+0800 [INFO]  cluster: stable state for Leader reached at 2026-10-08 20:24:18.711776183 +0800 CST m=+3.891745151 (1 nodes), highestTerm is 2, 779ns from start of poll, 3.889886179s from cluster start. Timeout at 2026-10-08 20:24:18.81714157 +0800 CST m=+3.997110553, 105.365402ms after stability
2026-10-08T20:24:18.817+0800 [INFO]  cluster: starting stability test: raft-state=Leader
2026-10-08T20:24:18.924+0800 [INFO]  cluster: stable state for Leader reached at 2026-10-08 20:24:18.817691351 +0800 CST m=+3.997660339 (1 nodes), highestTerm is 2, 755ns from start of poll, 3.995801367s from cluster start. Timeout at 2026-10-08 20:24:18.922716164 +0800 CST m=+4.102685281, 105.024942ms after stability
2026-10-08T20:24:18.924+0800 [INFO]  cluster: starting stability test: raft-state=Leader
2026-10-08T20:24:19.030+0800 [INFO]  cluster: stable state for Leader reached at 2026-10-08 20:24:18.924565634 +0800 CST m=+4.104534674 (1 nodes), highestTerm is 2, 1.682µs from start of poll, 4.102675702s from cluster start. Timeout at 2026-10-08 20:24:19.029575823 +0800 CST m=+4.209544857, 105.010183ms after stability
2026-10-08T20:24:19.031+0800 [INFO]  cluster: starting stability test: raft-state=Leader
2026-10-08T20:24:19.136+0800 [INFO]  cluster: stable state for Leader reached at 2026-10-08 20:24:19.031092177 +0800 CST m=+4.211061183 (1 nodes), highestTerm is 2, 679ns from start of poll, 4.209202211s from cluster start. Timeout at 2026-10-08 20:24:19.136097234 +0800 CST m=+4.316066207, 105.005024ms after stability
2026-10-08T20:24:19.136+0800 [INFO]  cluster: starting stability test: raft-state=Leader
2026-10-08T20:24:19.241+0800 [INFO]  cluster: stable state for Leader reached at 2026-10-08 20:24:19.13664495 +0800 CST m=+4.316613918 (1 nodes), highestTerm is 2, 439ns from start of poll, 4.314754946s from cluster start. Timeout at 2026-10-08 20:24:19.241657043 +0800 CST m=+4.421626160, 105.012242ms after stability
2026-10-08T20:24:19.242+0800 [INFO]  cluster: starting stability test: raft-state=Leader
2026-10-08T20:24:19.348+0800 [INFO]  cluster: stable state for Leader reached at 2026-10-08 20:24:19.242411442 +0800 CST m=+4.422380493 (1 nodes), highestTerm is 2, 1.135µs from start of poll, 4.420521521s from cluster start. Timeout at 2026-10-08 20:24:19.347427947 +0800 CST m=+4.527397068, 105.016575ms after stability
2026-10-08T20:24:19.348+0800 [INFO]  cluster: starting stability test: raft-state=Leader
2026-10-08T20:24:19.455+0800 [INFO]  cluster: stable state for Leader reached at 2026-10-08 20:24:19.349190606 +0800 CST m=+4.529159592 (1 nodes), highestTerm is 2, 892ns from start of poll, 4.52730062s from cluster start. Timeout at 2026-10-08 20:24:19.454205959 +0800 CST m=+4.634175054, 105.015462ms after stability
2026-10-08T20:24:19.457+0800 [INFO]  cluster: starting stability test: raft-state=Leader
2026-10-08T20:24:19.563+0800 [INFO]  cluster: stable state for Leader reached at 2026-10-08 20:24:19.457661559 +0800 CST m=+4.637630610 (1 nodes), highestTerm is 2, 1.369µs from start of poll, 4.635771638s from cluster start. Timeout at 2026-10-08 20:24:19.562685989 +0800 CST m=+4.742655043, 105.024433ms after stability
2026-10-08T20:24:19.564+0800 [INFO]  cluster: starting stability test: raft-state=Leader
2026-10-08T20:24:19.670+0800 [INFO]  cluster: stable state for Leader reached at 2026-10-08 20:24:19.564452085 +0800 CST m=+4.744421135 (1 nodes), highestTerm is 2, 1.086µs from start of poll, 4.742562163s from cluster start. Timeout at 2026-10-08 20:24:19.669465006 +0800 CST m=+4.849434119, 105.012984ms after stability
2026-10-08T20:24:19.671+0800 [INFO]  cluster: starting stability test: raft-state=Leader
2026-10-08T20:24:19.776+0800 [INFO]  cluster: stable state for Leader reached at 2026-10-08 20:24:19.671731952 +0800 CST m=+4.851701073 (1 nodes), highestTerm is 2, 1.105µs from start of poll, 4.849842101s from cluster start. Timeout at 2026-10-08 20:24:19.776743013 +0800 CST m=+4.956712064, 105.010991ms after stability
2026-10-08T20:24:19.777+0800 [INFO]  cluster: starting stability test: raft-state=Leader
2026-10-08T20:24:19.882+0800 [INFO]  cluster: stable state for Leader reached at 2026-10-08 20:24:19.777497344 +0800 CST m=+4.957466391 (1 nodes), highestTerm is 2, 1.549µs from start of poll, 4.955607419s from cluster start. Timeout at 2026-10-08 20:24:19.882519295 +0800 CST m=+5.062488419, 105.022028ms after stability
2026-10-08T20:24:19.883+0800 [INFO]  cluster: starting stability test: raft-state=Leader
2026-10-08T20:24:19.990+0800 [INFO]  cluster: stable state for Leader reached at 2026-10-08 20:24:19.883286823 +0800 CST m=+5.063255873 (1 nodes), highestTerm is 2, 1.242µs from start of poll, 5.061396901s from cluster start. Timeout at 2026-10-08 20:24:19.988299428 +0800 CST m=+5.168268504, 105.012631ms after stability
2026-10-08T20:24:19.993+0800 [INFO]  cluster: starting stability test: raft-state=Leader
2026-10-08T20:24:20.100+0800 [INFO]  cluster: stable state for Leader reached at 2026-10-08 20:24:19.994277607 +0800 CST m=+5.174246709 (1 nodes), highestTerm is 2, 1.34µs from start of poll, 5.172387737s from cluster start. Timeout at 2026-10-08 20:24:20.099292059 +0800 CST m=+5.279261140, 105.014431ms after stability
2026-10-08T20:24:20.100+0800 [INFO]  cluster: starting stability test: raft-state=Leader
2026-10-08T20:24:20.206+0800 [INFO]  cluster: stable state for Leader reached at 2026-10-08 20:24:20.100916279 +0800 CST m=+5.280885290 (1 nodes), highestTerm is 2, 919ns from start of poll, 5.279026318s from cluster start. Timeout at 2026-10-08 20:24:20.205931087 +0800 CST m=+5.385900209, 105.014919ms after stability
2026-10-08T20:24:20.207+0800 [INFO]  cluster: starting stability test: raft-state=Leader
2026-10-08T20:24:20.312+0800 [INFO]  cluster: stable state for Leader reached at 2026-10-08 20:24:20.207338661 +0800 CST m=+5.387307712 (1 nodes), highestTerm is 2, 1.325µs from start of poll, 5.38544874s from cluster start. Timeout at 2026-10-08 20:24:20.31235549 +0800 CST m=+5.492324474, 105.016762ms after stability
2026-10-08T20:24:20.312+0800 [INFO]  cluster: starting stability test: raft-state=Leader
2026-10-08T20:24:20.419+0800 [INFO]  cluster: stable state for Leader reached at 2026-10-08 20:24:20.312920826 +0800 CST m=+5.492889832 (1 nodes), highestTerm is 2, 793ns from start of poll, 5.49103086s from cluster start. Timeout at 2026-10-08 20:24:20.417937334 +0800 CST m=+5.597906447, 105.016615ms after stability
2026-10-08T20:24:20.419+0800 [INFO]  cluster: starting stability test: raft-state=Leader
2026-10-08T20:24:20.525+0800 [INFO]  cluster: stable state for Leader reached at 2026-10-08 20:24:20.419634526 +0800 CST m=+5.599603489 (1 nodes), highestTerm is 2, 667ns from start of poll, 5.597744517s from cluster start. Timeout at 2026-10-08 20:24:20.524644161 +0800 CST m=+5.704613169, 105.00968ms after stability
2026-10-08T20:24:20.577+0800 [INFO]  cluster: starting stability test: raft-state=Follower
2026-10-08T20:24:20.683+0800 [INFO]  cluster: stable state for Follower reached at 2026-10-08 20:24:20.577502986 +0800 CST m=+5.757471947 (2 nodes), highestTerm is 2, 991ns from start of poll, 5.755612975s from cluster start. Timeout at 2026-10-08 20:24:20.682514587 +0800 CST m=+5.862483708, 105.011761ms after stability
2026-10-08T20:24:20.683+0800 [INFO]  cluster: starting stability test: raft-state=Leader
2026-10-08T20:24:20.733+0800 [WARN]  server-979ac4e6-055f-4b7b-d834-5a21702f2167: failed to contact: server-id=server-ba29c60e-c627-4aa2-2c6e-36eaaa4e6a85 time=50.270954ms
2026-10-08T20:24:20.781+0800 [WARN]  server-979ac4e6-055f-4b7b-d834-5a21702f2167: failed to contact: server-id=server-ba29c60e-c627-4aa2-2c6e-36eaaa4e6a85 time=98.353926ms
2026-10-08T20:24:20.789+0800 [INFO]  cluster: stable state for Leader reached at 2026-10-08 20:24:20.683531133 +0800 CST m=+5.863500183 (1 nodes), highestTerm is 2, 1.101µs from start of poll, 5.861641211s from cluster start. Timeout at 2026-10-08 20:24:20.788554825 +0800 CST m=+5.968523901, 105.023718ms after stability
2026-10-08T20:24:20.789+0800 [INFO]  cluster: starting stability test: raft-state=Leader
2026-10-08T20:24:20.831+0800 [WARN]  server-979ac4e6-055f-4b7b-d834-5a21702f2167: failed to contact: server-id=server-ba29c60e-c627-4aa2-2c6e-36eaaa4e6a85 time=148.67077ms
2026-10-08T20:24:20.876+0800 [DEBUG] server-979ac4e6-055f-4b7b-d834-5a21702f2167: failed to contact: server-id=server-ba29c60e-c627-4aa2-2c6e-36eaaa4e6a85 time=193.415421ms
2026-10-08T20:24:20.895+0800 [INFO]  cluster: stable state for Leader reached at 2026-10-08 20:24:20.789556754 +0800 CST m=+5.969525882 (1 nodes), highestTerm is 2, 1.153µs from start of poll, 5.96766691s from cluster start. Timeout at 2026-10-08 20:24:20.894563558 +0800 CST m=+6.074532481, 105.006599ms after stability
2026-10-08T20:24:20.895+0800 [INFO]  cluster: starting stability test: raft-state=Leader
2026-10-08T20:24:20.920+0800 [DEBUG] server-979ac4e6-055f-4b7b-d834-5a21702f2167: failed to contact: server-id=server-ba29c60e-c627-4aa2-2c6e-36eaaa4e6a85 time=237.305552ms
2026-10-08T20:24:20.968+0800 [DEBUG] server-979ac4e6-055f-4b7b-d834-5a21702f2167: failed to contact: server-id=server-ba29c60e-c627-4aa2-2c6e-36eaaa4e6a85 time=285.710687ms
2026-10-08T20:24:21.001+0800 [INFO]  cluster: stable state for Leader reached at 2026-10-08 20:24:20.895731717 +0800 CST m=+6.075700759 (1 nodes), highestTerm is 2, 859ns from start of poll, 6.073841787s from cluster start. Timeout at 2026-10-08 20:24:21.000744468 +0800 CST m=+6.180713466, 105.012707ms after stability
2026-10-08T20:24:21.001+0800 [INFO]  cluster: starting stability test: raft-state=Leader
2026-10-08T20:24:21.018+0800 [DEBUG] server-979ac4e6-055f-4b7b-d834-5a21702f2167: failed to contact: server-id=server-ba29c60e-c627-4aa2-2c6e-36eaaa4e6a85 time=336.091023ms
2026-10-08T20:24:21.069+0800 [DEBUG] server-979ac4e6-055f-4b7b-d834-5a21702f2167: failed to contact: server-id=server-ba29c60e-c627-4aa2-2c6e-36eaaa4e6a85 time=386.912224ms
2026-10-08T20:24:21.107+0800 [INFO]  cluster: stable state for Leader reached at 2026-10-08 20:24:21.001980142 +0800 CST m=+6.181949166 (1 nodes), highestTerm is 2, 882ns from start of poll, 6.180090194s from cluster start. Timeout at 2026-10-08 20:24:21.107000682 +0800 CST m=+6.286969683, 105.020517ms after stability
2026-10-08T20:24:21.108+0800 [INFO]  cluster: starting stability test: raft-state=Leader
2026-10-08T20:24:21.117+0800 [DEBUG] server-979ac4e6-055f-4b7b-d834-5a21702f2167: failed to contact: server-id=server-ba29c60e-c627-4aa2-2c6e-36eaaa4e6a85 time=434.532914ms
2026-10-08T20:24:21.166+0800 [DEBUG] server-979ac4e6-055f-4b7b-d834-5a21702f2167: failed to contact: server-id=server-ba29c60e-c627-4aa2-2c6e-36eaaa4e6a85 time=484.034045ms
2026-10-08T20:24:21.189+0800 [ERROR] server-979ac4e6-055f-4b7b-d834-5a21702f2167: failed to heartbeat to: peer=ba29c60e-c627-4aa2-2c6e-36eaaa4e6a85 backoff time=10ms error="command timed out"
2026-10-08T20:24:21.214+0800 [INFO]  cluster: stable state for Leader reached at 2026-10-08 20:24:21.10807131 +0800 CST m=+6.288040304 (1 nodes), highestTerm is 2, 683ns from start of poll, 6.286181332s from cluster start. Timeout at 2026-10-08 20:24:21.213088265 +0800 CST m=+6.393057383, 105.017079ms after stability
2026-10-08T20:24:21.214+0800 [INFO]  cluster: starting stability test: raft-state=Leader
2026-10-08T20:24:21.235+0800 [WARN]  server-979ac4e6-055f-4b7b-d834-5a21702f2167: failed to contact: server-id=server-ba29c60e-c627-4aa2-2c6e-36eaaa4e6a85 time=50.797142ms
2026-10-08T20:24:21.281+0800 [WARN]  server-979ac4e6-055f-4b7b-d834-5a21702f2167: failed to contact: server-id=server-ba29c60e-c627-4aa2-2c6e-36eaaa4e6a85 time=96.941155ms
2026-10-08T20:24:21.308+0800 [ERROR] server-979ac4e6-055f-4b7b-d834-5a21702f2167: failed to pipeline appendEntries: peer="{Voter server-ba29c60e-c627-4aa2-2c6e-36eaaa4e6a85 ba29c60e-c627-4aa2-2c6e-36eaaa4e6a85}" error="command enqueue timeout"
2026-10-08T20:24:21.309+0800 [INFO]  server-979ac4e6-055f-4b7b-d834-5a21702f2167: aborting pipeline replication: peer="{Voter server-ba29c60e-c627-4aa2-2c6e-36eaaa4e6a85 ba29c60e-c627-4aa2-2c6e-36eaaa4e6a85}"
2026-10-08T20:24:21.320+0800 [INFO]  cluster: stable state for Leader reached at 2026-10-08 20:24:21.214710713 +0800 CST m=+6.394679760 (1 nodes), highestTerm is 2, 1.076µs from start of poll, 6.392820788s from cluster start. Timeout at 2026-10-08 20:24:21.319728284 +0800 CST m=+6.499697409, 105.017649ms after stability
2026-10-08T20:24:21.320+0800 [INFO]  cluster: starting stability test: raft-state=Leader
2026-10-08T20:24:21.325+0800 [WARN]  server-979ac4e6-055f-4b7b-d834-5a21702f2167: failed to contact: server-id=server-ba29c60e-c627-4aa2-2c6e-36eaaa4e6a85 time=140.56621ms
2026-10-08T20:24:21.373+0800 [DEBUG] server-979ac4e6-055f-4b7b-d834-5a21702f2167: failed to contact: server-id=server-ba29c60e-c627-4aa2-2c6e-36eaaa4e6a85 time=189.201731ms
2026-10-08T20:24:21.422+0800 [DEBUG] server-979ac4e6-055f-4b7b-d834-5a21702f2167: failed to contact: server-id=server-ba29c60e-c627-4aa2-2c6e-36eaaa4e6a85 time=237.514181ms
2026-10-08T20:24:21.426+0800 [INFO]  cluster: stable state for Leader reached at 2026-10-08 20:24:21.32096449 +0800 CST m=+6.500933533 (1 nodes), highestTerm is 2, 1.12µs from start of poll, 6.499074561s from cluster start. Timeout at 2026-10-08 20:24:21.425978595 +0800 CST m=+6.605947734, 105.014201ms after stability
2026-10-08T20:24:21.426+0800 [INFO]  cluster: starting stability test: raft-state=Leader
2026-10-08T20:24:21.467+0800 [DEBUG] server-979ac4e6-055f-4b7b-d834-5a21702f2167: failed to contact: server-id=server-ba29c60e-c627-4aa2-2c6e-36eaaa4e6a85 time=283.240666ms
2026-10-08T20:24:21.514+0800 [DEBUG] server-979ac4e6-055f-4b7b-d834-5a21702f2167: failed to contact: server-id=server-ba29c60e-c627-4aa2-2c6e-36eaaa4e6a85 time=330.045759ms
2026-10-08T20:24:21.532+0800 [INFO]  cluster: stable state for Leader reached at 2026-10-08 20:24:21.426556949 +0800 CST m=+6.606525968 (1 nodes), highestTerm is 2, 841ns from start of poll, 6.604666996s from cluster start. Timeout at 2026-10-08 20:24:21.53156924 +0800 CST m=+6.711538369, 105.012401ms after stability
2026-10-08T20:24:21.532+0800 [INFO]  cluster: starting stability test: raft-state=Leader
2026-10-08T20:24:21.566+0800 [DEBUG] server-979ac4e6-055f-4b7b-d834-5a21702f2167: failed to contact: server-id=server-ba29c60e-c627-4aa2-2c6e-36eaaa4e6a85 time=381.727814ms
2026-10-08T20:24:21.617+0800 [DEBUG] server-979ac4e6-055f-4b7b-d834-5a21702f2167: failed to contact: server-id=server-ba29c60e-c627-4aa2-2c6e-36eaaa4e6a85 time=432.972425ms
2026-10-08T20:24:21.638+0800 [INFO]  cluster: stable state for Leader reached at 2026-10-08 20:24:21.532955588 +0800 CST m=+6.712924638 (1 nodes), highestTerm is 2, 1.038µs from start of poll, 6.711065666s from cluster start. Timeout at 2026-10-08 20:24:21.637967749 +0800 CST m=+6.817936822, 105.012184ms after stability
2026-10-08T20:24:21.639+0800 [INFO]  cluster: starting stability test: raft-state=Leader
2026-10-08T20:24:21.666+0800 [DEBUG] server-979ac4e6-055f-4b7b-d834-5a21702f2167: failed to contact: server-id=server-ba29c60e-c627-4aa2-2c6e-36eaaa4e6a85 time=481.763631ms
2026-10-08T20:24:21.709+0800 [ERROR] server-979ac4e6-055f-4b7b-d834-5a21702f2167: failed to heartbeat to: peer=ba29c60e-c627-4aa2-2c6e-36eaaa4e6a85 backoff time=10ms error="send timed out"
2026-10-08T20:24:21.716+0800 [DEBUG] server-979ac4e6-055f-4b7b-d834-5a21702f2167: failed to contact: server-id=server-ba29c60e-c627-4aa2-2c6e-36eaaa4e6a85 time=532.100958ms
2026-10-08T20:24:21.745+0800 [INFO]  cluster: stable state for Leader reached at 2026-10-08 20:24:21.639187756 +0800 CST m=+6.819156889 (1 nodes), highestTerm is 2, 1.198µs from start of poll, 6.817297917s from cluster start. Timeout at 2026-10-08 20:24:21.744208948 +0800 CST m=+6.924178054, 105.021165ms after stability
2026-10-08T20:24:21.746+0800 [INFO]  server-ba29c60e-c627-4aa2-2c6e-36eaaa4e6a85: initial configuration: index=1 servers="[{Suffrage:Voter ID:server-ba29c60e-c627-4aa2-2c6e-36eaaa4e6a85 Address:ba29c60e-c627-4aa2-2c6e-36eaaa4e6a85} {Suffrage:Voter ID:server-7e162982-a56c-8f1c-133e-47449f49262f Address:7e162982-a56c-8f1c-133e-47449f49262f} {Suffrage:Voter ID:server-979ac4e6-055f-4b7b-d834-5a21702f2167 Address:979ac4e6-055f-4b7b-d834-5a21702f2167}]"
2026-10-08T20:24:21.746+0800 [INFO]  server-ba29c60e-c627-4aa2-2c6e-36eaaa4e6a85: entering follower state: follower="Node at ba29c60e-c627-4aa2-2c6e-36eaaa4e6a85 [Follower]" leader-address= leader-id=
2026-10-08T20:24:21.747+0800 [INFO]  server-979ac4e6-055f-4b7b-d834-5a21702f2167: pipelining replication: peer="{Voter server-ba29c60e-c627-4aa2-2c6e-36eaaa4e6a85 ba29c60e-c627-4aa2-2c6e-36eaaa4e6a85}"
2026-10-08T20:24:21.797+0800 [INFO]  cluster: starting stability test: raft-state=Leader
2026-10-08T20:24:21.902+0800 [INFO]  cluster: stable state for Leader reached at 2026-10-08 20:24:21.797333627 +0800 CST m=+6.977302681 (1 nodes), highestTerm is 2, 1.12µs from start of poll, 6.975443709s from cluster start. Timeout at 2026-10-08 20:24:21.902353823 +0800 CST m=+7.082322863, 105.020182ms after stability
2026-10-08T20:24:21.902+0800 [INFO]  cluster: starting stability test: raft-state=Leader
2026-10-08T20:24:22.007+0800 [INFO]  cluster: stable state for Leader reached at 2026-10-08 20:24:21.902627053 +0800 CST m=+7.082596103 (1 nodes), highestTerm is 2, 1.25µs from start of poll, 7.080737131s from cluster start. Timeout at 2026-10-08 20:24:22.007638854 +0800 CST m=+7.187607983, 105.01188ms after stability
2026-10-08T20:24:22.008+0800 [INFO]  cluster: starting stability test: raft-state=Leader
2026-10-08T20:24:22.114+0800 [INFO]  cluster: stable state for Leader reached at 2026-10-08 20:24:22.008336285 +0800 CST m=+7.188305339 (1 nodes), highestTerm is 2, 1.388µs from start of poll, 7.186446367s from cluster start. Timeout at 2026-10-08 20:24:22.113348227 +0800 CST m=+7.293317351, 105.012012ms after stability
2026-10-08T20:24:22.114+0800 [INFO]  cluster: starting stability test: raft-state=Leader
2026-10-08T20:24:22.221+0800 [INFO]  cluster: stable state for Leader reached at 2026-10-08 20:24:22.11492876 +0800 CST m=+7.294897798 (1 nodes), highestTerm is 2, 1.112µs from start of poll, 7.293038826s from cluster start. Timeout at 2026-10-08 20:24:22.219942785 +0800 CST m=+7.399911847, 105.014049ms after stability
2026-10-08T20:24:22.221+0800 [INFO]  cluster: starting stability test: raft-state=Leader
2026-10-08T20:24:22.327+0800 [INFO]  cluster: stable state for Leader reached at 2026-10-08 20:24:22.22177333 +0800 CST m=+7.401742380 (1 nodes), highestTerm is 2, 911ns from start of poll, 7.399883408s from cluster start. Timeout at 2026-10-08 20:24:22.326787186 +0800 CST m=+7.506756302, 105.013922ms after stability
2026-10-08T20:24:22.328+0800 [INFO]  cluster: starting stability test: raft-state=Leader
2026-10-08T20:24:22.433+0800 [INFO]  cluster: stable state for Leader reached at 2026-10-08 20:24:22.328153725 +0800 CST m=+7.508122772 (1 nodes), highestTerm is 2, 1.062µs from start of poll, 7.5062638s from cluster start. Timeout at 2026-10-08 20:24:22.433170086 +0800 CST m=+7.613139055, 105.016283ms after stability
2026-10-08T20:24:22.433+0800 [INFO]  cluster: starting stability test: raft-state=Leader
2026-10-08T20:24:22.539+0800 [INFO]  cluster: stable state for Leader reached at 2026-10-08 20:24:22.433861007 +0800 CST m=+7.613829998 (1 nodes), highestTerm is 2, 635ns from start of poll, 7.611971026s from cluster start. Timeout at 2026-10-08 20:24:22.538868508 +0800 CST m=+7.718837497, 105.007499ms after stability
2026-10-08T20:24:22.540+0800 [INFO]  cluster: starting stability test: raft-state=Leader
2026-10-08T20:24:22.645+0800 [INFO]  cluster: stable state for Leader reached at 2026-10-08 20:24:22.540060243 +0800 CST m=+7.720029220 (1 nodes), highestTerm is 2, 733ns from start of poll, 7.718170248s from cluster start. Timeout at 2026-10-08 20:24:22.645065618 +0800 CST m=+7.825034582, 105.005362ms after stability
2026-10-08T20:24:22.645+0800 [INFO]  cluster: starting stability test: raft-state=Leader
2026-10-08T20:24:22.751+0800 [INFO]  cluster: stable state for Leader reached at 2026-10-08 20:24:22.645600683 +0800 CST m=+7.825569629 (1 nodes), highestTerm is 2, 347ns from start of poll, 7.823710657s from cluster start. Timeout at 2026-10-08 20:24:22.750717702 +0800 CST m=+7.930686830, 105.117201ms after stability
2026-10-08T20:24:22.752+0800 [INFO]  cluster: starting stability test: raft-state=Leader
2026-10-08T20:24:22.857+0800 [INFO]  cluster: stable state for Leader reached at 2026-10-08 20:24:22.752212672 +0800 CST m=+7.932181614 (1 nodes), highestTerm is 2, 484ns from start of poll, 7.930322642s from cluster start. Timeout at 2026-10-08 20:24:22.857218311 +0800 CST m=+8.037187268, 105.005654ms after stability
2026-10-08T20:24:22.857+0800 [INFO]  cluster: starting stability test: raft-state=Leader
2026-10-08T20:24:22.962+0800 [INFO]  cluster: stable state for Leader reached at 2026-10-08 20:24:22.857783573 +0800 CST m=+8.037752508 (1 nodes), highestTerm is 2, 287ns from start of poll, 8.035893536s from cluster start. Timeout at 2026-10-08 20:24:22.962793006 +0800 CST m=+8.142762009, 105.009501ms after stability
2026-10-08T20:24:22.963+0800 [INFO]  cluster: starting stability test: raft-state=Leader
2026-10-08T20:24:23.068+0800 [INFO]  cluster: stable state for Leader reached at 2026-10-08 20:24:22.963193659 +0800 CST m=+8.143162654 (1 nodes), highestTerm is 2, 590ns from start of poll, 8.141303682s from cluster start. Timeout at 2026-10-08 20:24:23.068211345 +0800 CST m=+8.248180470, 105.017816ms after stability
2026-10-08T20:24:23.069+0800 [INFO]  cluster: starting stability test: raft-state=Leader
2026-10-08T20:24:23.175+0800 [INFO]  cluster: stable state for Leader reached at 2026-10-08 20:24:23.069649028 +0800 CST m=+8.249618075 (1 nodes), highestTerm is 2, 1.545µs from start of poll, 8.247759103s from cluster start. Timeout at 2026-10-08 20:24:23.174675227 +0800 CST m=+8.354644229, 105.026154ms after stability
2026-10-08T20:24:23.176+0800 [INFO]  cluster: starting stability test: raft-state=Leader
2026-10-08T20:24:23.282+0800 [INFO]  cluster: stable state for Leader reached at 2026-10-08 20:24:23.176599993 +0800 CST m=+8.356569074 (1 nodes), highestTerm is 2, 1.15µs from start of poll, 8.354710102s from cluster start. Timeout at 2026-10-08 20:24:23.281617855 +0800 CST m=+8.461586958, 105.017884ms after stability
2026-10-08T20:24:23.282+0800 [INFO]  cluster: starting stability test: raft-state=Leader
2026-10-08T20:24:23.387+0800 [INFO]  cluster: stable state for Leader reached at 2026-10-08 20:24:23.282772616 +0800 CST m=+8.462741658 (1 nodes), highestTerm is 2, 1.13µs from start of poll, 8.460882686s from cluster start. Timeout at 2026-10-08 20:24:23.38778658 +0800 CST m=+8.567755684, 105.014026ms after stability
2026-10-08T20:24:23.388+0800 [INFO]  cluster: starting stability test: raft-state=Leader
2026-10-08T20:24:23.493+0800 [INFO]  cluster: stable state for Leader reached at 2026-10-08 20:24:23.388469059 +0800 CST m=+8.568438111 (1 nodes), highestTerm is 2, 1.083µs from start of poll, 8.566579139s from cluster start. Timeout at 2026-10-08 20:24:23.49348131 +0800 CST m=+8.673450425, 105.012314ms after stability
2026-10-08T20:24:23.494+0800 [INFO]  cluster: starting stability test: raft-state=Leader
2026-10-08T20:24:23.599+0800 [INFO]  cluster: stable state for Leader reached at 2026-10-08 20:24:23.494524737 +0800 CST m=+8.674493787 (1 nodes), highestTerm is 2, 1.261µs from start of poll, 8.672634815s from cluster start. Timeout at 2026-10-08 20:24:23.599546132 +0800 CST m=+8.779515124, 105.021337ms after stability
2026-10-08T20:24:23.600+0800 [INFO]  cluster: starting stability test: raft-state=Leader
2026-10-08T20:24:23.705+0800 [INFO]  cluster: stable state for Leader reached at 2026-10-08 20:24:23.600222432 +0800 CST m=+8.780191430 (1 nodes), highestTerm is 2, 955ns from start of poll, 8.778332458s from cluster start. Timeout at 2026-10-08 20:24:23.705238412 +0800 CST m=+8.885207511, 105.016081ms after stability
2026-10-08T20:24:23.706+0800 [INFO]  cluster: starting stability test: raft-state=Leader
2026-10-08T20:24:23.811+0800 [INFO]  cluster: stable state for Leader reached at 2026-10-08 20:24:23.706300963 +0800 CST m=+8.886269976 (1 nodes), highestTerm is 2, 889ns from start of poll, 8.884411004s from cluster start. Timeout at 2026-10-08 20:24:23.811313225 +0800 CST m=+8.991282346, 105.01237ms after stability
2026-10-08T20:24:23.812+0800 [INFO]  cluster: starting stability test: raft-state=Leader
2026-10-08T20:24:23.917+0800 [INFO]  cluster: stable state for Leader reached at 2026-10-08 20:24:23.812348629 +0800 CST m=+8.992317679 (1 nodes), highestTerm is 2, 1.235µs from start of poll, 8.990458707s from cluster start. Timeout at 2026-10-08 20:24:23.917373316 +0800 CST m=+9.097342310, 105.024631ms after stability
2026-10-08T20:24:23.917+0800 [INFO]  cluster: starting stability test: raft-state=Leader
2026-10-08T20:24:24.023+0800 [INFO]  cluster: stable state for Leader reached at 2026-10-08 20:24:23.917965244 +0800 CST m=+9.097934333 (1 nodes), highestTerm is 2, 912ns from start of poll, 9.096075361s from cluster start. Timeout at 2026-10-08 20:24:24.022984083 +0800 CST m=+9.202953199, 105.018866ms after stability
2026-10-08T20:24:24.074+0800 [INFO]  cluster: starting stability test: raft-state=Follower
2026-10-08T20:24:24.180+0800 [INFO]  cluster: stable state for Follower reached at 2026-10-08 20:24:24.074171163 +0800 CST m=+9.254140265 (2 nodes), highestTerm is 2, 2.682µs from start of poll, 9.252281293s from cluster start. Timeout at 2026-10-08 20:24:24.179185132 +0800 CST m=+9.359154087, 105.013822ms after stability
2026-10-08T20:24:24.180+0800 [INFO]  cluster: starting stability test: raft-state=Leader
2026-10-08T20:24:24.230+0800 [WARN]  server-979ac4e6-055f-4b7b-d834-5a21702f2167: failed to contact: server-id=server-ba29c60e-c627-4aa2-2c6e-36eaaa4e6a85 time=50.455343ms
2026-10-08T20:24:24.279+0800 [WARN]  server-979ac4e6-055f-4b7b-d834-5a21702f2167: failed to contact: server-id=server-ba29c60e-c627-4aa2-2c6e-36eaaa4e6a85 time=99.492215ms
2026-10-08T20:24:24.285+0800 [INFO]  cluster: stable state for Leader reached at 2026-10-08 20:24:24.180296458 +0800 CST m=+9.360265414 (1 nodes), highestTerm is 2, 438ns from start of poll, 9.358406442s from cluster start. Timeout at 2026-10-08 20:24:24.285310108 +0800 CST m=+9.465279192, 105.013778ms after stability
2026-10-08T20:24:24.286+0800 [INFO]  cluster: starting stability test: raft-state=Leader
2026-10-08T20:24:24.323+0800 [WARN]  server-979ac4e6-055f-4b7b-d834-5a21702f2167: failed to contact: server-id=server-ba29c60e-c627-4aa2-2c6e-36eaaa4e6a85 time=143.219522ms
2026-10-08T20:24:24.373+0800 [DEBUG] server-979ac4e6-055f-4b7b-d834-5a21702f2167: failed to contact: server-id=server-ba29c60e-c627-4aa2-2c6e-36eaaa4e6a85 time=193.162358ms
2026-10-08T20:24:24.392+0800 [INFO]  cluster: stable state for Leader reached at 2026-10-08 20:24:24.286448585 +0800 CST m=+9.466417628 (1 nodes), highestTerm is 2, 1.105µs from start of poll, 9.464558656s from cluster start. Timeout at 2026-10-08 20:24:24.391455099 +0800 CST m=+9.571424217, 105.006589ms after stability
2026-10-08T20:24:24.392+0800 [INFO]  cluster: starting stability test: raft-state=Leader
2026-10-08T20:24:24.418+0800 [DEBUG] server-979ac4e6-055f-4b7b-d834-5a21702f2167: failed to contact: server-id=server-ba29c60e-c627-4aa2-2c6e-36eaaa4e6a85 time=238.287936ms
2026-10-08T20:24:24.466+0800 [DEBUG] server-979ac4e6-055f-4b7b-d834-5a21702f2167: failed to contact: server-id=server-ba29c60e-c627-4aa2-2c6e-36eaaa4e6a85 time=286.290934ms
2026-10-08T20:24:24.499+0800 [INFO]  cluster: stable state for Leader reached at 2026-10-08 20:24:24.393019577 +0800 CST m=+9.572988623 (1 nodes), highestTerm is 2, 1.068µs from start of poll, 9.571129651s from cluster start. Timeout at 2026-10-08 20:24:24.498030124 +0800 CST m=+9.677999182, 105.010559ms after stability
2026-10-08T20:24:24.499+0800 [INFO]  cluster: starting stability test: raft-state=Leader
2026-10-08T20:24:24.515+0800 [DEBUG] server-979ac4e6-055f-4b7b-d834-5a21702f2167: failed to contact: server-id=server-ba29c60e-c627-4aa2-2c6e-36eaaa4e6a85 time=335.468536ms
2026-10-08T20:24:24.562+0800 [DEBUG] server-979ac4e6-055f-4b7b-d834-5a21702f2167: failed to contact: server-id=server-ba29c60e-c627-4aa2-2c6e-36eaaa4e6a85 time=382.603675ms
2026-10-08T20:24:24.605+0800 [INFO]  cluster: stable state for Leader reached at 2026-10-08 20:24:24.499542891 +0800 CST m=+9.679511906 (1 nodes), highestTerm is 2, 804ns from start of poll, 9.677652934s from cluster start. Timeout at 2026-10-08 20:24:24.604559546 +0800 CST m=+9.784528674, 105.016768ms after stability
2026-10-08T20:24:24.606+0800 [INFO]  cluster: starting stability test: raft-state=Leader
2026-10-08T20:24:24.609+0800 [DEBUG] server-979ac4e6-055f-4b7b-d834-5a21702f2167: failed to contact: server-id=server-ba29c60e-c627-4aa2-2c6e-36eaaa4e6a85 time=429.761924ms
2026-10-08T20:24:24.656+0800 [DEBUG] server-979ac4e6-055f-4b7b-d834-5a21702f2167: failed to contact: server-id=server-ba29c60e-c627-4aa2-2c6e-36eaaa4e6a85 time=476.280652ms
2026-10-08T20:24:24.690+0800 [ERROR] server-979ac4e6-055f-4b7b-d834-5a21702f2167: failed to heartbeat to: peer=ba29c60e-c627-4aa2-2c6e-36eaaa4e6a85 backoff time=10ms error="command timed out"
2026-10-08T20:24:24.712+0800 [INFO]  cluster: stable state for Leader reached at 2026-10-08 20:24:24.606738784 +0800 CST m=+9.786707834 (1 nodes), highestTerm is 2, 1.443µs from start of poll, 9.784848862s from cluster start. Timeout at 2026-10-08 20:24:24.711751641 +0800 CST m=+9.891720770, 105.012936ms after stability
2026-10-08T20:24:24.712+0800 [INFO]  cluster: starting stability test: raft-state=Leader
2026-10-08T20:24:24.734+0800 [WARN]  server-979ac4e6-055f-4b7b-d834-5a21702f2167: failed to contact: server-id=server-ba29c60e-c627-4aa2-2c6e-36eaaa4e6a85 time=50.483887ms
2026-10-08T20:24:24.785+0800 [WARN]  server-979ac4e6-055f-4b7b-d834-5a21702f2167: failed to contact: server-id=server-ba29c60e-c627-4aa2-2c6e-36eaaa4e6a85 time=101.518568ms
2026-10-08T20:24:24.796+0800 [ERROR] server-979ac4e6-055f-4b7b-d834-5a21702f2167: failed to pipeline appendEntries: peer="{Voter server-ba29c60e-c627-4aa2-2c6e-36eaaa4e6a85 ba29c60e-c627-4aa2-2c6e-36eaaa4e6a85}" error="command enqueue timeout"
2026-10-08T20:24:24.797+0800 [INFO]  server-979ac4e6-055f-4b7b-d834-5a21702f2167: aborting pipeline replication: peer="{Voter server-ba29c60e-c627-4aa2-2c6e-36eaaa4e6a85 ba29c60e-c627-4aa2-2c6e-36eaaa4e6a85}"
2026-10-08T20:24:24.819+0800 [INFO]  cluster: stable state for Leader reached at 2026-10-08 20:24:24.712912665 +0800 CST m=+9.892881715 (1 nodes), highestTerm is 2, 986ns from start of poll, 9.891022743s from cluster start. Timeout at 2026-10-08 20:24:24.817924852 +0800 CST m=+9.997893978, 105.012263ms after stability
2026-10-08T20:24:24.819+0800 [INFO]  cluster: starting stability test: raft-state=Leader
2026-10-08T20:24:24.830+0800 [WARN]  server-979ac4e6-055f-4b7b-d834-5a21702f2167: failed to contact: server-id=server-ba29c60e-c627-4aa2-2c6e-36eaaa4e6a85 time=146.923869ms
2026-10-08T20:24:24.878+0800 [DEBUG] server-979ac4e6-055f-4b7b-d834-5a21702f2167: failed to contact: server-id=server-ba29c60e-c627-4aa2-2c6e-36eaaa4e6a85 time=194.905717ms
2026-10-08T20:24:24.924+0800 [INFO]  cluster: stable state for Leader reached at 2026-10-08 20:24:24.819516081 +0800 CST m=+9.999485131 (1 nodes), highestTerm is 2, 1.354µs from start of poll, 9.997626159s from cluster start. Timeout at 2026-10-08 20:24:24.924528645 +0800 CST m=+10.104497653, 105.012522ms after stability
2026-10-08T20:24:24.924+0800 [DEBUG] server-979ac4e6-055f-4b7b-d834-5a21702f2167: failed to contact: server-id=server-ba29c60e-c627-4aa2-2c6e-36eaaa4e6a85 time=241.063282ms
2026-10-08T20:24:24.925+0800 [INFO]  cluster: starting stability test: raft-state=Leader
2026-10-08T20:24:24.971+0800 [DEBUG] server-979ac4e6-055f-4b7b-d834-5a21702f2167: failed to contact: server-id=server-ba29c60e-c627-4aa2-2c6e-36eaaa4e6a85 time=287.328855ms
2026-10-08T20:24:25.016+0800 [DEBUG] server-979ac4e6-055f-4b7b-d834-5a21702f2167: failed to contact: server-id=server-ba29c60e-c627-4aa2-2c6e-36eaaa4e6a85 time=333.000493ms
2026-10-08T20:24:25.030+0800 [INFO]  cluster: stable state for Leader reached at 2026-10-08 20:24:24.925051044 +0800 CST m=+10.105020013 (1 nodes), highestTerm is 2, 548ns from start of poll, 10.103161041s from cluster start. Timeout at 2026-10-08 20:24:25.030062494 +0800 CST m=+10.210031540, 105.011527ms after stability
2026-10-08T20:24:25.030+0800 [INFO]  cluster: starting stability test: raft-state=Leader
2026-10-08T20:24:25.066+0800 [DEBUG] server-979ac4e6-055f-4b7b-d834-5a21702f2167: failed to contact: server-id=server-ba29c60e-c627-4aa2-2c6e-36eaaa4e6a85 time=382.935791ms
2026-10-08T20:24:25.113+0800 [DEBUG] server-979ac4e6-055f-4b7b-d834-5a21702f2167: failed to contact: server-id=server-ba29c60e-c627-4aa2-2c6e-36eaaa4e6a85 time=429.987268ms
2026-10-08T20:24:25.137+0800 [INFO]  cluster: stable state for Leader reached at 2026-10-08 20:24:25.030939021 +0800 CST m=+10.210908015 (1 nodes), highestTerm is 2, 876ns from start of poll, 10.209049043s from cluster start. Timeout at 2026-10-08 20:24:25.135948509 +0800 CST m=+10.315917516, 105.009501ms after stability
2026-10-08T20:24:25.137+0800 [INFO]  cluster: starting stability test: raft-state=Leader
2026-10-08T20:24:25.158+0800 [DEBUG] server-979ac4e6-055f-4b7b-d834-5a21702f2167: failed to contact: server-id=server-ba29c60e-c627-4aa2-2c6e-36eaaa4e6a85 time=474.919714ms
2026-10-08T20:24:25.206+0800 [DEBUG] server-979ac4e6-055f-4b7b-d834-5a21702f2167: failed to contact: server-id=server-ba29c60e-c627-4aa2-2c6e-36eaaa4e6a85 time=523.059401ms
2026-10-08T20:24:25.209+0800 [ERROR] server-979ac4e6-055f-4b7b-d834-5a21702f2167: failed to heartbeat to: peer=ba29c60e-c627-4aa2-2c6e-36eaaa4e6a85 backoff time=10ms error="send timed out"
2026-10-08T20:24:25.243+0800 [INFO]  cluster: stable state for Leader reached at 2026-10-08 20:24:25.137854353 +0800 CST m=+10.317823403 (1 nodes), highestTerm is 2, 2.174µs from start of poll, 10.315964431s from cluster start. Timeout at 2026-10-08 20:24:25.242880574 +0800 CST m=+10.422849676, 105.026273ms after stability
2026-10-08T20:24:25.244+0800 [INFO]  server-ba29c60e-c627-4aa2-2c6e-36eaaa4e6a85: initial configuration: index=1 servers="[{Suffrage:Voter ID:server-ba29c60e-c627-4aa2-2c6e-36eaaa4e6a85 Address:ba29c60e-c627-4aa2-2c6e-36eaaa4e6a85} {Suffrage:Voter ID:server-7e162982-a56c-8f1c-133e-47449f49262f Address:7e162982-a56c-8f1c-133e-47449f49262f} {Suffrage:Voter ID:server-979ac4e6-055f-4b7b-d834-5a21702f2167 Address:979ac4e6-055f-4b7b-d834-5a21702f2167}]"
2026-10-08T20:24:25.245+0800 [INFO]  server-ba29c60e-c627-4aa2-2c6e-36eaaa4e6a85: entering follower state: follower="Node at ba29c60e-c627-4aa2-2c6e-36eaaa4e6a85 [Follower]" leader-address= leader-id=
2026-10-08T20:24:25.248+0800 [INFO]  server-979ac4e6-055f-4b7b-d834-5a21702f2167: pipelining replication: peer="{Voter server-ba29c60e-c627-4aa2-2c6e-36eaaa4e6a85 ba29c60e-c627-4aa2-2c6e-36eaaa4e6a85}"
2026-10-08T20:24:25.295+0800 [INFO]  cluster: starting stability test: raft-state=Leader
2026-10-08T20:24:25.402+0800 [INFO]  cluster: stable state for Leader reached at 2026-10-08 20:24:25.29602615 +0800 CST m=+10.475995211 (1 nodes), highestTerm is 2, 1.164µs from start of poll, 10.474136239s from cluster start. Timeout at 2026-10-08 20:24:25.401034284 +0800 CST m=+10.581003282, 105.008071ms after stability
2026-10-08T20:24:25.402+0800 [INFO]  server-979ac4e6-055f-4b7b-d834-5a21702f2167: aborting pipeline replication: peer="{Voter server-7e162982-a56c-8f1c-133e-47449f49262f 7e162982-a56c-8f1c-133e-47449f49262f}"
2026-10-08T20:24:25.402+0800 [INFO]  server-979ac4e6-055f-4b7b-d834-5a21702f2167: aborting pipeline replication: peer="{Voter server-ba29c60e-c627-4aa2-2c6e-36eaaa4e6a85 ba29c60e-c627-4aa2-2c6e-36eaaa4e6a85}"
--- PASS: TestAudit_CrashRestartFollower (10.58s)
=== RUN   TestAudit_DeposedLeaderUncommitted
2026-10-08T20:24:25.405+0800 [DEBUG] cluster: fully connecting
2026-10-08T20:24:25.405+0800 [INFO]  server-550e406d-c597-6d7e-6613-68506dd88056: initial configuration: index=1 servers="[{Suffrage:Voter ID:server-550e406d-c597-6d7e-6613-68506dd88056 Address:550e406d-c597-6d7e-6613-68506dd88056} {Suffrage:Voter ID:server-946ffdda-7e68-84b0-fdc8-af539c63b299 Address:946ffdda-7e68-84b0-fdc8-af539c63b299} {Suffrage:Voter ID:server-48a588c7-c82f-2e55-de6d-95bcd5ddf86d Address:48a588c7-c82f-2e55-de6d-95bcd5ddf86d}]"
2026-10-08T20:24:25.405+0800 [INFO]  server-946ffdda-7e68-84b0-fdc8-af539c63b299: initial configuration: index=1 servers="[{Suffrage:Voter ID:server-550e406d-c597-6d7e-6613-68506dd88056 Address:550e406d-c597-6d7e-6613-68506dd88056} {Suffrage:Voter ID:server-946ffdda-7e68-84b0-fdc8-af539c63b299 Address:946ffdda-7e68-84b0-fdc8-af539c63b299} {Suffrage:Voter ID:server-48a588c7-c82f-2e55-de6d-95bcd5ddf86d Address:48a588c7-c82f-2e55-de6d-95bcd5ddf86d}]"
2026-10-08T20:24:25.405+0800 [INFO]  server-48a588c7-c82f-2e55-de6d-95bcd5ddf86d: initial configuration: index=1 servers="[{Suffrage:Voter ID:server-550e406d-c597-6d7e-6613-68506dd88056 Address:550e406d-c597-6d7e-6613-68506dd88056} {Suffrage:Voter ID:server-946ffdda-7e68-84b0-fdc8-af539c63b299 Address:946ffdda-7e68-84b0-fdc8-af539c63b299} {Suffrage:Voter ID:server-48a588c7-c82f-2e55-de6d-95bcd5ddf86d Address:48a588c7-c82f-2e55-de6d-95bcd5ddf86d}]"
2026-10-08T20:24:25.405+0800 [INFO]  cluster: starting stability test: raft-state=Leader
2026-10-08T20:24:25.406+0800 [INFO]  server-48a588c7-c82f-2e55-de6d-95bcd5ddf86d: entering follower state: follower="Node at 48a588c7-c82f-2e55-de6d-95bcd5ddf86d [Follower]" leader-address= leader-id=
2026-10-08T20:24:25.406+0800 [INFO]  server-946ffdda-7e68-84b0-fdc8-af539c63b299: entering follower state: follower="Node at 946ffdda-7e68-84b0-fdc8-af539c63b299 [Follower]" leader-address= leader-id=
2026-10-08T20:24:25.405+0800 [INFO]  server-550e406d-c597-6d7e-6613-68506dd88056: entering follower state: follower="Node at 550e406d-c597-6d7e-6613-68506dd88056 [Follower]" leader-address= leader-id=
2026-10-08T20:24:25.609+0800 [WARN]  server-48a588c7-c82f-2e55-de6d-95bcd5ddf86d: heartbeat timeout reached, starting election: last-leader-addr= last-leader-id=
2026-10-08T20:24:25.609+0800 [INFO]  server-48a588c7-c82f-2e55-de6d-95bcd5ddf86d: entering candidate state: node="Node at 48a588c7-c82f-2e55-de6d-95bcd5ddf86d [Candidate]" term=2
2026-10-08T20:24:25.609+0800 [DEBUG] server-48a588c7-c82f-2e55-de6d-95bcd5ddf86d: asking for pre-vote: term=2 from=server-550e406d-c597-6d7e-6613-68506dd88056 address=550e406d-c597-6d7e-6613-68506dd88056
2026-10-08T20:24:25.609+0800 [DEBUG] server-48a588c7-c82f-2e55-de6d-95bcd5ddf86d: asking for pre-vote: term=2 from=server-946ffdda-7e68-84b0-fdc8-af539c63b299 address=946ffdda-7e68-84b0-fdc8-af539c63b299
2026-10-08T20:24:25.609+0800 [DEBUG] server-48a588c7-c82f-2e55-de6d-95bcd5ddf86d: pre-voting for self: term=2 id=server-48a588c7-c82f-2e55-de6d-95bcd5ddf86d
2026-10-08T20:24:25.609+0800 [DEBUG] server-48a588c7-c82f-2e55-de6d-95bcd5ddf86d: calculated votes needed: needed=2 term=2
2026-10-08T20:24:25.609+0800 [DEBUG] server-48a588c7-c82f-2e55-de6d-95bcd5ddf86d: pre-vote received: from=server-48a588c7-c82f-2e55-de6d-95bcd5ddf86d term=2 tally=0
2026-10-08T20:24:25.609+0800 [DEBUG] server-48a588c7-c82f-2e55-de6d-95bcd5ddf86d: pre-vote granted: from=server-48a588c7-c82f-2e55-de6d-95bcd5ddf86d term=2 tally=1
2026-10-08T20:24:25.609+0800 [DEBUG] server-946ffdda-7e68-84b0-fdc8-af539c63b299: received a requestPreVote with a newer term, grant the pre-vote
2026-10-08T20:24:25.609+0800 [DEBUG] server-48a588c7-c82f-2e55-de6d-95bcd5ddf86d: pre-vote received: from=server-946ffdda-7e68-84b0-fdc8-af539c63b299 term=2 tally=1
2026-10-08T20:24:25.609+0800 [DEBUG] server-48a588c7-c82f-2e55-de6d-95bcd5ddf86d: pre-vote granted: from=server-946ffdda-7e68-84b0-fdc8-af539c63b299 term=2 tally=2
2026-10-08T20:24:25.609+0800 [INFO]  server-48a588c7-c82f-2e55-de6d-95bcd5ddf86d: pre-vote successful, starting election: term=2 tally=2 refused=0 votesNeeded=2
2026-10-08T20:24:25.609+0800 [DEBUG] server-48a588c7-c82f-2e55-de6d-95bcd5ddf86d: asking for vote: term=2 from=server-550e406d-c597-6d7e-6613-68506dd88056 address=550e406d-c597-6d7e-6613-68506dd88056
2026-10-08T20:24:25.609+0800 [DEBUG] server-48a588c7-c82f-2e55-de6d-95bcd5ddf86d: asking for vote: term=2 from=server-946ffdda-7e68-84b0-fdc8-af539c63b299 address=946ffdda-7e68-84b0-fdc8-af539c63b299
2026-10-08T20:24:25.609+0800 [DEBUG] server-48a588c7-c82f-2e55-de6d-95bcd5ddf86d: voting for self: term=2 id=server-48a588c7-c82f-2e55-de6d-95bcd5ddf86d
2026-10-08T20:24:25.609+0800 [DEBUG] server-48a588c7-c82f-2e55-de6d-95bcd5ddf86d: vote granted: from=server-48a588c7-c82f-2e55-de6d-95bcd5ddf86d term=2 tally=1
2026-10-08T20:24:25.609+0800 [DEBUG] server-946ffdda-7e68-84b0-fdc8-af539c63b299: lost leadership because received a requestVote with a newer term
2026-10-08T20:24:25.609+0800 [DEBUG] server-48a588c7-c82f-2e55-de6d-95bcd5ddf86d: vote granted: from=server-946ffdda-7e68-84b0-fdc8-af539c63b299 term=2 tally=2
2026-10-08T20:24:25.609+0800 [INFO]  server-48a588c7-c82f-2e55-de6d-95bcd5ddf86d: election won: term=2 tally=2
2026-10-08T20:24:25.609+0800 [INFO]  server-48a588c7-c82f-2e55-de6d-95bcd5ddf86d: entering leader state: leader="Node at 48a588c7-c82f-2e55-de6d-95bcd5ddf86d [Leader]"
2026-10-08T20:24:25.609+0800 [INFO]  server-48a588c7-c82f-2e55-de6d-95bcd5ddf86d: added peer, starting replication: peer=server-550e406d-c597-6d7e-6613-68506dd88056
2026-10-08T20:24:25.609+0800 [INFO]  server-48a588c7-c82f-2e55-de6d-95bcd5ddf86d: added peer, starting replication: peer=server-946ffdda-7e68-84b0-fdc8-af539c63b299
2026-10-08T20:24:25.609+0800 [DEBUG] server-550e406d-c597-6d7e-6613-68506dd88056: received a requestPreVote with a newer term, grant the pre-vote
2026-10-08T20:24:25.609+0800 [DEBUG] cluster: resetting stability timeout
2026-10-08T20:24:25.609+0800 [DEBUG] cluster: resetting stability timeout
2026-10-08T20:24:25.610+0800 [DEBUG] cluster: resetting stability timeout
2026-10-08T20:24:25.610+0800 [DEBUG] server-550e406d-c597-6d7e-6613-68506dd88056: lost leadership because received a requestVote with a newer term
2026-10-08T20:24:25.610+0800 [INFO]  server-48a588c7-c82f-2e55-de6d-95bcd5ddf86d: pipelining replication: peer="{Voter server-946ffdda-7e68-84b0-fdc8-af539c63b299 946ffdda-7e68-84b0-fdc8-af539c63b299}"
2026-10-08T20:24:25.610+0800 [DEBUG] cluster: resetting stability timeout
2026-10-08T20:24:25.610+0800 [INFO]  server-48a588c7-c82f-2e55-de6d-95bcd5ddf86d: pipelining replication: peer="{Voter server-550e406d-c597-6d7e-6613-68506dd88056 550e406d-c597-6d7e-6613-68506dd88056}"
2026-10-08T20:24:26.015+0800 [INFO]  cluster: stable state for Leader reached at 2026-10-08 20:24:25.610123907 +0800 CST m=+10.790092918 (1 nodes), highestTerm is 2, 203.963541ms from start of poll, 204.797375ms from cluster start. Timeout at 2026-10-08 20:24:26.015135941 +0800 CST m=+11.195104991, 405.012073ms after stability
2026-10-08T20:24:26.015+0800 [DEBUG] cluster: partitioning: addresses=["48a588c7-c82f-2e55-de6d-95bcd5ddf86d"]
2026-10-08T20:24:26.016+0800 [INFO]  cluster: starting stability test: raft-state=Leader
2026-10-08T20:24:26.016+0800 [ERROR] server-48a588c7-c82f-2e55-de6d-95bcd5ddf86d: failed to pipeline appendEntries: peer="{Voter server-946ffdda-7e68-84b0-fdc8-af539c63b299 946ffdda-7e68-84b0-fdc8-af539c63b299}" error="append pipeline closed"
2026-10-08T20:24:26.016+0800 [INFO]  server-48a588c7-c82f-2e55-de6d-95bcd5ddf86d: aborting pipeline replication: peer="{Voter server-946ffdda-7e68-84b0-fdc8-af539c63b299 946ffdda-7e68-84b0-fdc8-af539c63b299}"
2026-10-08T20:24:26.016+0800 [ERROR] server-48a588c7-c82f-2e55-de6d-95bcd5ddf86d: failed to pipeline appendEntries: peer="{Voter server-550e406d-c597-6d7e-6613-68506dd88056 550e406d-c597-6d7e-6613-68506dd88056}" error="append pipeline closed"
2026-10-08T20:24:26.016+0800 [INFO]  server-48a588c7-c82f-2e55-de6d-95bcd5ddf86d: aborting pipeline replication: peer="{Voter server-550e406d-c597-6d7e-6613-68506dd88056 550e406d-c597-6d7e-6613-68506dd88056}"
2026-10-08T20:24:26.023+0800 [ERROR] server-48a588c7-c82f-2e55-de6d-95bcd5ddf86d: failed to appendEntries to: peer="{Voter server-946ffdda-7e68-84b0-fdc8-af539c63b299 946ffdda-7e68-84b0-fdc8-af539c63b299}" error="failed to connect to peer: 946ffdda-7e68-84b0-fdc8-af539c63b299"
2026-10-08T20:24:26.023+0800 [ERROR] server-48a588c7-c82f-2e55-de6d-95bcd5ddf86d: failed to heartbeat to: peer=550e406d-c597-6d7e-6613-68506dd88056 backoff time=10ms error="failed to connect to peer: 550e406d-c597-6d7e-6613-68506dd88056"
2026-10-08T20:24:26.026+0800 [ERROR] server-48a588c7-c82f-2e55-de6d-95bcd5ddf86d: failed to appendEntries to: peer="{Voter server-550e406d-c597-6d7e-6613-68506dd88056 550e406d-c597-6d7e-6613-68506dd88056}" error="failed to connect to peer: 550e406d-c597-6d7e-6613-68506dd88056"
2026-10-08T20:24:26.029+0800 [ERROR] server-48a588c7-c82f-2e55-de6d-95bcd5ddf86d: failed to heartbeat to: peer=946ffdda-7e68-84b0-fdc8-af539c63b299 backoff time=10ms error="failed to connect to peer: 946ffdda-7e68-84b0-fdc8-af539c63b299"
2026-10-08T20:24:26.043+0800 [ERROR] server-48a588c7-c82f-2e55-de6d-95bcd5ddf86d: failed to appendEntries to: peer="{Voter server-946ffdda-7e68-84b0-fdc8-af539c63b299 946ffdda-7e68-84b0-fdc8-af539c63b299}" error="failed to connect to peer: 946ffdda-7e68-84b0-fdc8-af539c63b299"
2026-10-08T20:24:26.044+0800 [ERROR] server-48a588c7-c82f-2e55-de6d-95bcd5ddf86d: failed to appendEntries to: peer="{Voter server-550e406d-c597-6d7e-6613-68506dd88056 550e406d-c597-6d7e-6613-68506dd88056}" error="failed to connect to peer: 550e406d-c597-6d7e-6613-68506dd88056"
2026-10-08T20:24:26.062+0800 [ERROR] server-48a588c7-c82f-2e55-de6d-95bcd5ddf86d: failed to appendEntries to: peer="{Voter server-946ffdda-7e68-84b0-fdc8-af539c63b299 946ffdda-7e68-84b0-fdc8-af539c63b299}" error="failed to connect to peer: 946ffdda-7e68-84b0-fdc8-af539c63b299"
2026-10-08T20:24:26.063+0800 [ERROR] server-48a588c7-c82f-2e55-de6d-95bcd5ddf86d: failed to appendEntries to: peer="{Voter server-550e406d-c597-6d7e-6613-68506dd88056 550e406d-c597-6d7e-6613-68506dd88056}" error="failed to connect to peer: 550e406d-c597-6d7e-6613-68506dd88056"
2026-10-08T20:24:26.064+0800 [ERROR] server-48a588c7-c82f-2e55-de6d-95bcd5ddf86d: failed to heartbeat to: peer=550e406d-c597-6d7e-6613-68506dd88056 backoff time=10ms error="failed to connect to peer: 550e406d-c597-6d7e-6613-68506dd88056"
2026-10-08T20:24:26.077+0800 [ERROR] server-48a588c7-c82f-2e55-de6d-95bcd5ddf86d: failed to heartbeat to: peer=946ffdda-7e68-84b0-fdc8-af539c63b299 backoff time=10ms error="failed to connect to peer: 946ffdda-7e68-84b0-fdc8-af539c63b299"
2026-10-08T20:24:26.091+0800 [ERROR] server-48a588c7-c82f-2e55-de6d-95bcd5ddf86d: failed to appendEntries to: peer="{Voter server-946ffdda-7e68-84b0-fdc8-af539c63b299 946ffdda-7e68-84b0-fdc8-af539c63b299}" error="failed to connect to peer: 946ffdda-7e68-84b0-fdc8-af539c63b299"
2026-10-08T20:24:26.094+0800 [ERROR] server-48a588c7-c82f-2e55-de6d-95bcd5ddf86d: failed to appendEntries to: peer="{Voter server-550e406d-c597-6d7e-6613-68506dd88056 550e406d-c597-6d7e-6613-68506dd88056}" error="failed to connect to peer: 550e406d-c597-6d7e-6613-68506dd88056"
2026-10-08T20:24:26.098+0800 [ERROR] server-48a588c7-c82f-2e55-de6d-95bcd5ddf86d: failed to heartbeat to: peer=550e406d-c597-6d7e-6613-68506dd88056 backoff time=10ms error="failed to connect to peer: 550e406d-c597-6d7e-6613-68506dd88056"
2026-10-08T20:24:26.118+0800 [ERROR] server-48a588c7-c82f-2e55-de6d-95bcd5ddf86d: failed to heartbeat to: peer=946ffdda-7e68-84b0-fdc8-af539c63b299 backoff time=10ms error="failed to connect to peer: 946ffdda-7e68-84b0-fdc8-af539c63b299"
2026-10-08T20:24:26.139+0800 [ERROR] server-48a588c7-c82f-2e55-de6d-95bcd5ddf86d: failed to appendEntries to: peer="{Voter server-946ffdda-7e68-84b0-fdc8-af539c63b299 946ffdda-7e68-84b0-fdc8-af539c63b299}" error="failed to connect to peer: 946ffdda-7e68-84b0-fdc8-af539c63b299"
2026-10-08T20:24:26.142+0800 [ERROR] server-48a588c7-c82f-2e55-de6d-95bcd5ddf86d: failed to appendEntries to: peer="{Voter server-550e406d-c597-6d7e-6613-68506dd88056 550e406d-c597-6d7e-6613-68506dd88056}" error="failed to connect to peer: 550e406d-c597-6d7e-6613-68506dd88056"
2026-10-08T20:24:26.148+0800 [ERROR] server-48a588c7-c82f-2e55-de6d-95bcd5ddf86d: failed to heartbeat to: peer=550e406d-c597-6d7e-6613-68506dd88056 backoff time=20ms error="failed to connect to peer: 550e406d-c597-6d7e-6613-68506dd88056"
2026-10-08T20:24:26.160+0800 [ERROR] server-48a588c7-c82f-2e55-de6d-95bcd5ddf86d: failed to heartbeat to: peer=946ffdda-7e68-84b0-fdc8-af539c63b299 backoff time=20ms error="failed to connect to peer: 946ffdda-7e68-84b0-fdc8-af539c63b299"
2026-10-08T20:24:26.208+0800 [ERROR] server-48a588c7-c82f-2e55-de6d-95bcd5ddf86d: failed to heartbeat to: peer=550e406d-c597-6d7e-6613-68506dd88056 backoff time=40ms error="failed to connect to peer: 550e406d-c597-6d7e-6613-68506dd88056"
2026-10-08T20:24:26.212+0800 [ERROR] server-48a588c7-c82f-2e55-de6d-95bcd5ddf86d: failed to heartbeat to: peer=946ffdda-7e68-84b0-fdc8-af539c63b299 backoff time=40ms error="failed to connect to peer: 946ffdda-7e68-84b0-fdc8-af539c63b299"
2026-10-08T20:24:26.217+0800 [WARN]  server-48a588c7-c82f-2e55-de6d-95bcd5ddf86d: failed to contact: server-id=server-550e406d-c597-6d7e-6613-68506dd88056 time=201.964745ms
2026-10-08T20:24:26.217+0800 [WARN]  server-48a588c7-c82f-2e55-de6d-95bcd5ddf86d: failed to contact: server-id=server-946ffdda-7e68-84b0-fdc8-af539c63b299 time=201.936578ms
2026-10-08T20:24:26.217+0800 [WARN]  server-48a588c7-c82f-2e55-de6d-95bcd5ddf86d: failed to contact quorum of nodes, stepping down
2026-10-08T20:24:26.217+0800 [INFO]  server-48a588c7-c82f-2e55-de6d-95bcd5ddf86d: entering follower state: follower="Node at 48a588c7-c82f-2e55-de6d-95bcd5ddf86d [Follower]" leader-address= leader-id=
2026-10-08T20:24:26.217+0800 [DEBUG] cluster: resetting stability timeout
2026-10-08T20:24:26.229+0800 [ERROR] server-48a588c7-c82f-2e55-de6d-95bcd5ddf86d: failed to appendEntries to: peer="{Voter server-946ffdda-7e68-84b0-fdc8-af539c63b299 946ffdda-7e68-84b0-fdc8-af539c63b299}" error="failed to connect to peer: 946ffdda-7e68-84b0-fdc8-af539c63b299"
2026-10-08T20:24:26.233+0800 [ERROR] server-48a588c7-c82f-2e55-de6d-95bcd5ddf86d: failed to appendEntries to: peer="{Voter server-550e406d-c597-6d7e-6613-68506dd88056 550e406d-c597-6d7e-6613-68506dd88056}" error="failed to connect to peer: 550e406d-c597-6d7e-6613-68506dd88056"
2026-10-08T20:24:26.396+0800 [WARN]  server-550e406d-c597-6d7e-6613-68506dd88056: heartbeat timeout reached, starting election: last-leader-addr=48a588c7-c82f-2e55-de6d-95bcd5ddf86d last-leader-id=server-48a588c7-c82f-2e55-de6d-95bcd5ddf86d
2026-10-08T20:24:26.396+0800 [INFO]  server-550e406d-c597-6d7e-6613-68506dd88056: entering candidate state: node="Node at 550e406d-c597-6d7e-6613-68506dd88056 [Candidate]" term=3
2026-10-08T20:24:26.396+0800 [DEBUG] server-550e406d-c597-6d7e-6613-68506dd88056: pre-voting for self: term=3 id=server-550e406d-c597-6d7e-6613-68506dd88056
2026-10-08T20:24:26.396+0800 [DEBUG] server-550e406d-c597-6d7e-6613-68506dd88056: asking for pre-vote: term=3 from=server-946ffdda-7e68-84b0-fdc8-af539c63b299 address=946ffdda-7e68-84b0-fdc8-af539c63b299
2026-10-08T20:24:26.396+0800 [DEBUG] server-550e406d-c597-6d7e-6613-68506dd88056: asking for pre-vote: term=3 from=server-48a588c7-c82f-2e55-de6d-95bcd5ddf86d address=48a588c7-c82f-2e55-de6d-95bcd5ddf86d
2026-10-08T20:24:26.396+0800 [DEBUG] server-550e406d-c597-6d7e-6613-68506dd88056: calculated votes needed: needed=2 term=3
2026-10-08T20:24:26.396+0800 [DEBUG] server-550e406d-c597-6d7e-6613-68506dd88056: pre-vote received: from=server-550e406d-c597-6d7e-6613-68506dd88056 term=3 tally=0
2026-10-08T20:24:26.396+0800 [DEBUG] server-550e406d-c597-6d7e-6613-68506dd88056: pre-vote granted: from=server-550e406d-c597-6d7e-6613-68506dd88056 term=3 tally=1
2026-10-08T20:24:26.396+0800 [ERROR] server-550e406d-c597-6d7e-6613-68506dd88056: failed to make requestVote RPC: target="{Voter server-48a588c7-c82f-2e55-de6d-95bcd5ddf86d 48a588c7-c82f-2e55-de6d-95bcd5ddf86d}" error="failed to connect to peer: 48a588c7-c82f-2e55-de6d-95bcd5ddf86d" term=3
2026-10-08T20:24:26.396+0800 [DEBUG] server-550e406d-c597-6d7e-6613-68506dd88056: pre-vote received: from=server-48a588c7-c82f-2e55-de6d-95bcd5ddf86d term=3 tally=1
2026-10-08T20:24:26.396+0800 [DEBUG] server-550e406d-c597-6d7e-6613-68506dd88056: pre-vote denied: from=server-48a588c7-c82f-2e55-de6d-95bcd5ddf86d term=3 tally=1
2026-10-08T20:24:26.396+0800 [DEBUG] cluster: resetting stability timeout
2026-10-08T20:24:26.396+0800 [WARN]  server-946ffdda-7e68-84b0-fdc8-af539c63b299: rejecting pre-vote request since we have a leader: from=550e406d-c597-6d7e-6613-68506dd88056 leader=48a588c7-c82f-2e55-de6d-95bcd5ddf86d leader-id=server-48a588c7-c82f-2e55-de6d-95bcd5ddf86d
2026-10-08T20:24:26.396+0800 [DEBUG] server-550e406d-c597-6d7e-6613-68506dd88056: pre-vote received: from=server-946ffdda-7e68-84b0-fdc8-af539c63b299 term=2 tally=1
2026-10-08T20:24:26.396+0800 [DEBUG] server-550e406d-c597-6d7e-6613-68506dd88056: pre-vote denied: from=server-946ffdda-7e68-84b0-fdc8-af539c63b299 term=2 tally=1
2026-10-08T20:24:26.396+0800 [INFO]  server-550e406d-c597-6d7e-6613-68506dd88056: pre-vote campaign failed, waiting for election timeout: term=2 tally=1 refused=2 votesNeeded=2
2026-10-08T20:24:26.410+0800 [WARN]  server-946ffdda-7e68-84b0-fdc8-af539c63b299: heartbeat timeout reached, starting election: last-leader-addr=48a588c7-c82f-2e55-de6d-95bcd5ddf86d last-leader-id=server-48a588c7-c82f-2e55-de6d-95bcd5ddf86d
2026-10-08T20:24:26.410+0800 [INFO]  server-946ffdda-7e68-84b0-fdc8-af539c63b299: entering candidate state: node="Node at 946ffdda-7e68-84b0-fdc8-af539c63b299 [Candidate]" term=3
2026-10-08T20:24:26.410+0800 [DEBUG] server-946ffdda-7e68-84b0-fdc8-af539c63b299: asking for pre-vote: term=3 from=server-550e406d-c597-6d7e-6613-68506dd88056 address=550e406d-c597-6d7e-6613-68506dd88056
2026-10-08T20:24:26.410+0800 [DEBUG] server-946ffdda-7e68-84b0-fdc8-af539c63b299: pre-voting for self: term=3 id=server-946ffdda-7e68-84b0-fdc8-af539c63b299
2026-10-08T20:24:26.410+0800 [DEBUG] server-946ffdda-7e68-84b0-fdc8-af539c63b299: asking for pre-vote: term=3 from=server-48a588c7-c82f-2e55-de6d-95bcd5ddf86d address=48a588c7-c82f-2e55-de6d-95bcd5ddf86d
2026-10-08T20:24:26.410+0800 [DEBUG] server-946ffdda-7e68-84b0-fdc8-af539c63b299: calculated votes needed: needed=2 term=3
2026-10-08T20:24:26.410+0800 [DEBUG] server-946ffdda-7e68-84b0-fdc8-af539c63b299: pre-vote received: from=server-946ffdda-7e68-84b0-fdc8-af539c63b299 term=3 tally=0
2026-10-08T20:24:26.410+0800 [DEBUG] server-946ffdda-7e68-84b0-fdc8-af539c63b299: pre-vote granted: from=server-946ffdda-7e68-84b0-fdc8-af539c63b299 term=3 tally=1
2026-10-08T20:24:26.410+0800 [ERROR] server-946ffdda-7e68-84b0-fdc8-af539c63b299: failed to make requestVote RPC: target="{Voter server-48a588c7-c82f-2e55-de6d-95bcd5ddf86d 48a588c7-c82f-2e55-de6d-95bcd5ddf86d}" error="failed to connect to peer: 48a588c7-c82f-2e55-de6d-95bcd5ddf86d" term=3
2026-10-08T20:24:26.410+0800 [DEBUG] server-946ffdda-7e68-84b0-fdc8-af539c63b299: pre-vote received: from=server-48a588c7-c82f-2e55-de6d-95bcd5ddf86d term=3 tally=1
2026-10-08T20:24:26.410+0800 [DEBUG] server-946ffdda-7e68-84b0-fdc8-af539c63b299: pre-vote denied: from=server-48a588c7-c82f-2e55-de6d-95bcd5ddf86d term=3 tally=1
2026-10-08T20:24:26.410+0800 [DEBUG] server-550e406d-c597-6d7e-6613-68506dd88056: received a requestPreVote with a newer term, grant the pre-vote
2026-10-08T20:24:26.410+0800 [DEBUG] cluster: resetting stability timeout
2026-10-08T20:24:26.410+0800 [DEBUG] server-946ffdda-7e68-84b0-fdc8-af539c63b299: pre-vote received: from=server-550e406d-c597-6d7e-6613-68506dd88056 term=3 tally=1
2026-10-08T20:24:26.410+0800 [DEBUG] server-946ffdda-7e68-84b0-fdc8-af539c63b299: pre-vote granted: from=server-550e406d-c597-6d7e-6613-68506dd88056 term=3 tally=2
2026-10-08T20:24:26.410+0800 [INFO]  server-946ffdda-7e68-84b0-fdc8-af539c63b299: pre-vote successful, starting election: term=3 tally=2 refused=1 votesNeeded=2
2026-10-08T20:24:26.410+0800 [DEBUG] server-946ffdda-7e68-84b0-fdc8-af539c63b299: asking for vote: term=3 from=server-550e406d-c597-6d7e-6613-68506dd88056 address=550e406d-c597-6d7e-6613-68506dd88056
2026-10-08T20:24:26.410+0800 [DEBUG] server-946ffdda-7e68-84b0-fdc8-af539c63b299: voting for self: term=3 id=server-946ffdda-7e68-84b0-fdc8-af539c63b299
2026-10-08T20:24:26.410+0800 [DEBUG] server-946ffdda-7e68-84b0-fdc8-af539c63b299: asking for vote: term=3 from=server-48a588c7-c82f-2e55-de6d-95bcd5ddf86d address=48a588c7-c82f-2e55-de6d-95bcd5ddf86d
2026-10-08T20:24:26.410+0800 [DEBUG] server-946ffdda-7e68-84b0-fdc8-af539c63b299: vote granted: from=server-946ffdda-7e68-84b0-fdc8-af539c63b299 term=3 tally=1
2026-10-08T20:24:26.410+0800 [DEBUG] server-550e406d-c597-6d7e-6613-68506dd88056: lost leadership because received a requestVote with a newer term
2026-10-08T20:24:26.411+0800 [ERROR] server-946ffdda-7e68-84b0-fdc8-af539c63b299: failed to make requestVote RPC: target="{Voter server-48a588c7-c82f-2e55-de6d-95bcd5ddf86d 48a588c7-c82f-2e55-de6d-95bcd5ddf86d}" error="failed to connect to peer: 48a588c7-c82f-2e55-de6d-95bcd5ddf86d" term=3
2026-10-08T20:24:26.411+0800 [INFO]  server-550e406d-c597-6d7e-6613-68506dd88056: entering follower state: follower="Node at 550e406d-c597-6d7e-6613-68506dd88056 [Follower]" leader-address= leader-id=
2026-10-08T20:24:26.411+0800 [DEBUG] cluster: resetting stability timeout
2026-10-08T20:24:26.411+0800 [DEBUG] cluster: resetting stability timeout
2026-10-08T20:24:26.411+0800 [DEBUG] server-946ffdda-7e68-84b0-fdc8-af539c63b299: vote granted: from=server-550e406d-c597-6d7e-6613-68506dd88056 term=3 tally=2
2026-10-08T20:24:26.411+0800 [INFO]  server-946ffdda-7e68-84b0-fdc8-af539c63b299: election won: term=3 tally=2
2026-10-08T20:24:26.411+0800 [INFO]  server-946ffdda-7e68-84b0-fdc8-af539c63b299: entering leader state: leader="Node at 946ffdda-7e68-84b0-fdc8-af539c63b299 [Leader]"
2026-10-08T20:24:26.411+0800 [INFO]  server-946ffdda-7e68-84b0-fdc8-af539c63b299: added peer, starting replication: peer=server-550e406d-c597-6d7e-6613-68506dd88056
2026-10-08T20:24:26.411+0800 [INFO]  server-946ffdda-7e68-84b0-fdc8-af539c63b299: added peer, starting replication: peer=server-48a588c7-c82f-2e55-de6d-95bcd5ddf86d
2026-10-08T20:24:26.411+0800 [ERROR] server-946ffdda-7e68-84b0-fdc8-af539c63b299: failed to appendEntries to: peer="{Voter server-48a588c7-c82f-2e55-de6d-95bcd5ddf86d 48a588c7-c82f-2e55-de6d-95bcd5ddf86d}" error="failed to connect to peer: 48a588c7-c82f-2e55-de6d-95bcd5ddf86d"
2026-10-08T20:24:26.411+0800 [DEBUG] cluster: resetting stability timeout
2026-10-08T20:24:26.411+0800 [INFO]  server-946ffdda-7e68-84b0-fdc8-af539c63b299: pipelining replication: peer="{Voter server-550e406d-c597-6d7e-6613-68506dd88056 550e406d-c597-6d7e-6613-68506dd88056}"
2026-10-08T20:24:26.428+0800 [ERROR] server-946ffdda-7e68-84b0-fdc8-af539c63b299: failed to appendEntries to: peer="{Voter server-48a588c7-c82f-2e55-de6d-95bcd5ddf86d 48a588c7-c82f-2e55-de6d-95bcd5ddf86d}" error="failed to connect to peer: 48a588c7-c82f-2e55-de6d-95bcd5ddf86d"
2026-10-08T20:24:26.443+0800 [ERROR] server-946ffdda-7e68-84b0-fdc8-af539c63b299: failed to heartbeat to: peer=48a588c7-c82f-2e55-de6d-95bcd5ddf86d backoff time=10ms error="failed to connect to peer: 48a588c7-c82f-2e55-de6d-95bcd5ddf86d"
2026-10-08T20:24:26.449+0800 [ERROR] server-946ffdda-7e68-84b0-fdc8-af539c63b299: failed to appendEntries to: peer="{Voter server-48a588c7-c82f-2e55-de6d-95bcd5ddf86d 48a588c7-c82f-2e55-de6d-95bcd5ddf86d}" error="failed to connect to peer: 48a588c7-c82f-2e55-de6d-95bcd5ddf86d"
2026-10-08T20:24:26.476+0800 [WARN]  server-48a588c7-c82f-2e55-de6d-95bcd5ddf86d: heartbeat timeout reached, starting election: last-leader-addr= last-leader-id=
2026-10-08T20:24:26.477+0800 [INFO]  server-48a588c7-c82f-2e55-de6d-95bcd5ddf86d: entering candidate state: node="Node at 48a588c7-c82f-2e55-de6d-95bcd5ddf86d [Candidate]" term=3
2026-10-08T20:24:26.477+0800 [DEBUG] server-48a588c7-c82f-2e55-de6d-95bcd5ddf86d: asking for pre-vote: term=3 from=server-550e406d-c597-6d7e-6613-68506dd88056 address=550e406d-c597-6d7e-6613-68506dd88056
2026-10-08T20:24:26.477+0800 [DEBUG] server-48a588c7-c82f-2e55-de6d-95bcd5ddf86d: asking for pre-vote: term=3 from=server-946ffdda-7e68-84b0-fdc8-af539c63b299 address=946ffdda-7e68-84b0-fdc8-af539c63b299
2026-10-08T20:24:26.477+0800 [DEBUG] server-48a588c7-c82f-2e55-de6d-95bcd5ddf86d: pre-voting for self: term=3 id=server-48a588c7-c82f-2e55-de6d-95bcd5ddf86d
2026-10-08T20:24:26.477+0800 [DEBUG] server-48a588c7-c82f-2e55-de6d-95bcd5ddf86d: calculated votes needed: needed=2 term=3
2026-10-08T20:24:26.477+0800 [DEBUG] server-48a588c7-c82f-2e55-de6d-95bcd5ddf86d: pre-vote received: from=server-48a588c7-c82f-2e55-de6d-95bcd5ddf86d term=3 tally=0
2026-10-08T20:24:26.477+0800 [ERROR] server-48a588c7-c82f-2e55-de6d-95bcd5ddf86d: failed to make requestVote RPC: target="{Voter server-946ffdda-7e68-84b0-fdc8-af539c63b299 946ffdda-7e68-84b0-fdc8-af539c63b299}" error="failed to connect to peer: 946ffdda-7e68-84b0-fdc8-af539c63b299" term=3
2026-10-08T20:24:26.477+0800 [DEBUG] server-48a588c7-c82f-2e55-de6d-95bcd5ddf86d: pre-vote granted: from=server-48a588c7-c82f-2e55-de6d-95bcd5ddf86d term=3 tally=1
2026-10-08T20:24:26.477+0800 [ERROR] server-946ffdda-7e68-84b0-fdc8-af539c63b299: failed to appendEntries to: peer="{Voter server-48a588c7-c82f-2e55-de6d-95bcd5ddf86d 48a588c7-c82f-2e55-de6d-95bcd5ddf86d}" error="failed to connect to peer: 48a588c7-c82f-2e55-de6d-95bcd5ddf86d"
2026-10-08T20:24:26.477+0800 [DEBUG] server-48a588c7-c82f-2e55-de6d-95bcd5ddf86d: pre-vote received: from=server-946ffdda-7e68-84b0-fdc8-af539c63b299 term=3 tally=1
2026-10-08T20:24:26.477+0800 [DEBUG] server-48a588c7-c82f-2e55-de6d-95bcd5ddf86d: pre-vote denied: from=server-946ffdda-7e68-84b0-fdc8-af539c63b299 term=3 tally=1
2026-10-08T20:24:26.477+0800 [DEBUG] cluster: resetting stability timeout
2026-10-08T20:24:26.477+0800 [ERROR] server-48a588c7-c82f-2e55-de6d-95bcd5ddf86d: failed to make requestVote RPC: target="{Voter server-550e406d-c597-6d7e-6613-68506dd88056 550e406d-c597-6d7e-6613-68506dd88056}" error="failed to connect to peer: 550e406d-c597-6d7e-6613-68506dd88056" term=3
2026-10-08T20:24:26.478+0800 [DEBUG] server-48a588c7-c82f-2e55-de6d-95bcd5ddf86d: pre-vote received: from=server-550e406d-c597-6d7e-6613-68506dd88056 term=3 tally=1
2026-10-08T20:24:26.478+0800 [DEBUG] server-48a588c7-c82f-2e55-de6d-95bcd5ddf86d: pre-vote denied: from=server-550e406d-c597-6d7e-6613-68506dd88056 term=3 tally=1
2026-10-08T20:24:26.478+0800 [INFO]  server-48a588c7-c82f-2e55-de6d-95bcd5ddf86d: pre-vote campaign failed, waiting for election timeout: term=3 tally=1 refused=2 votesNeeded=2
2026-10-08T20:24:26.483+0800 [ERROR] server-946ffdda-7e68-84b0-fdc8-af539c63b299: failed to heartbeat to: peer=48a588c7-c82f-2e55-de6d-95bcd5ddf86d backoff time=10ms error="failed to connect to peer: 48a588c7-c82f-2e55-de6d-95bcd5ddf86d"
2026-10-08T20:24:26.525+0800 [ERROR] server-946ffdda-7e68-84b0-fdc8-af539c63b299: failed to appendEntries to: peer="{Voter server-48a588c7-c82f-2e55-de6d-95bcd5ddf86d 48a588c7-c82f-2e55-de6d-95bcd5ddf86d}" error="failed to connect to peer: 48a588c7-c82f-2e55-de6d-95bcd5ddf86d"
2026-10-08T20:24:26.530+0800 [ERROR] server-946ffdda-7e68-84b0-fdc8-af539c63b299: failed to heartbeat to: peer=48a588c7-c82f-2e55-de6d-95bcd5ddf86d backoff time=10ms error="failed to connect to peer: 48a588c7-c82f-2e55-de6d-95bcd5ddf86d"
2026-10-08T20:24:26.579+0800 [ERROR] server-946ffdda-7e68-84b0-fdc8-af539c63b299: failed to heartbeat to: peer=48a588c7-c82f-2e55-de6d-95bcd5ddf86d backoff time=20ms error="failed to connect to peer: 48a588c7-c82f-2e55-de6d-95bcd5ddf86d"
2026-10-08T20:24:26.610+0800 [ERROR] server-946ffdda-7e68-84b0-fdc8-af539c63b299: failed to appendEntries to: peer="{Voter server-48a588c7-c82f-2e55-de6d-95bcd5ddf86d 48a588c7-c82f-2e55-de6d-95bcd5ddf86d}" error="failed to connect to peer: 48a588c7-c82f-2e55-de6d-95bcd5ddf86d"
2026-10-08T20:24:26.611+0800 [WARN]  server-946ffdda-7e68-84b0-fdc8-af539c63b299: failed to contact: server-id=server-48a588c7-c82f-2e55-de6d-95bcd5ddf86d time=200.047067ms
2026-10-08T20:24:26.630+0800 [ERROR] server-946ffdda-7e68-84b0-fdc8-af539c63b299: failed to heartbeat to: peer=48a588c7-c82f-2e55-de6d-95bcd5ddf86d backoff time=40ms error="failed to connect to peer: 48a588c7-c82f-2e55-de6d-95bcd5ddf86d"
2026-10-08T20:24:26.704+0800 [ERROR] server-946ffdda-7e68-84b0-fdc8-af539c63b299: failed to heartbeat to: peer=48a588c7-c82f-2e55-de6d-95bcd5ddf86d backoff time=80ms error="failed to connect to peer: 48a588c7-c82f-2e55-de6d-95bcd5ddf86d"
2026-10-08T20:24:26.783+0800 [ERROR] server-946ffdda-7e68-84b0-fdc8-af539c63b299: failed to appendEntries to: peer="{Voter server-48a588c7-c82f-2e55-de6d-95bcd5ddf86d 48a588c7-c82f-2e55-de6d-95bcd5ddf86d}" error="failed to connect to peer: 48a588c7-c82f-2e55-de6d-95bcd5ddf86d"
2026-10-08T20:24:26.802+0800 [WARN]  server-946ffdda-7e68-84b0-fdc8-af539c63b299: failed to contact: server-id=server-48a588c7-c82f-2e55-de6d-95bcd5ddf86d time=391.069446ms
2026-10-08T20:24:26.817+0800 [ERROR] server-946ffdda-7e68-84b0-fdc8-af539c63b299: failed to heartbeat to: peer=48a588c7-c82f-2e55-de6d-95bcd5ddf86d backoff time=100ms error="failed to connect to peer: 48a588c7-c82f-2e55-de6d-95bcd5ddf86d"
2026-10-08T20:24:26.876+0800 [WARN]  server-48a588c7-c82f-2e55-de6d-95bcd5ddf86d: Election timeout reached, restarting election
2026-10-08T20:24:26.876+0800 [INFO]  server-48a588c7-c82f-2e55-de6d-95bcd5ddf86d: entering candidate state: node="Node at 48a588c7-c82f-2e55-de6d-95bcd5ddf86d [Candidate]" term=3
2026-10-08T20:24:26.877+0800 [DEBUG] server-48a588c7-c82f-2e55-de6d-95bcd5ddf86d: asking for pre-vote: term=3 from=server-550e406d-c597-6d7e-6613-68506dd88056 address=550e406d-c597-6d7e-6613-68506dd88056
2026-10-08T20:24:26.877+0800 [DEBUG] server-48a588c7-c82f-2e55-de6d-95bcd5ddf86d: asking for pre-vote: term=3 from=server-946ffdda-7e68-84b0-fdc8-af539c63b299 address=946ffdda-7e68-84b0-fdc8-af539c63b299
2026-10-08T20:24:26.877+0800 [DEBUG] server-48a588c7-c82f-2e55-de6d-95bcd5ddf86d: pre-voting for self: term=3 id=server-48a588c7-c82f-2e55-de6d-95bcd5ddf86d
2026-10-08T20:24:26.877+0800 [DEBUG] server-48a588c7-c82f-2e55-de6d-95bcd5ddf86d: calculated votes needed: needed=2 term=3
2026-10-08T20:24:26.877+0800 [DEBUG] server-48a588c7-c82f-2e55-de6d-95bcd5ddf86d: pre-vote received: from=server-48a588c7-c82f-2e55-de6d-95bcd5ddf86d term=3 tally=0
2026-10-08T20:24:26.877+0800 [DEBUG] server-48a588c7-c82f-2e55-de6d-95bcd5ddf86d: pre-vote granted: from=server-48a588c7-c82f-2e55-de6d-95bcd5ddf86d term=3 tally=1
2026-10-08T20:24:26.877+0800 [ERROR] server-48a588c7-c82f-2e55-de6d-95bcd5ddf86d: failed to make requestVote RPC: target="{Voter server-946ffdda-7e68-84b0-fdc8-af539c63b299 946ffdda-7e68-84b0-fdc8-af539c63b299}" error="failed to connect to peer: 946ffdda-7e68-84b0-fdc8-af539c63b299" term=3
2026-10-08T20:24:26.877+0800 [DEBUG] server-48a588c7-c82f-2e55-de6d-95bcd5ddf86d: pre-vote received: from=server-946ffdda-7e68-84b0-fdc8-af539c63b299 term=3 tally=1
2026-10-08T20:24:26.877+0800 [DEBUG] server-48a588c7-c82f-2e55-de6d-95bcd5ddf86d: pre-vote denied: from=server-946ffdda-7e68-84b0-fdc8-af539c63b299 term=3 tally=1
2026-10-08T20:24:26.877+0800 [ERROR] server-48a588c7-c82f-2e55-de6d-95bcd5ddf86d: failed to make requestVote RPC: target="{Voter server-550e406d-c597-6d7e-6613-68506dd88056 550e406d-c597-6d7e-6613-68506dd88056}" error="failed to connect to peer: 550e406d-c597-6d7e-6613-68506dd88056" term=3
2026-10-08T20:24:26.877+0800 [DEBUG] server-48a588c7-c82f-2e55-de6d-95bcd5ddf86d: pre-vote received: from=server-550e406d-c597-6d7e-6613-68506dd88056 term=3 tally=1
2026-10-08T20:24:26.877+0800 [DEBUG] server-48a588c7-c82f-2e55-de6d-95bcd5ddf86d: pre-vote denied: from=server-550e406d-c597-6d7e-6613-68506dd88056 term=3 tally=1
2026-10-08T20:24:26.877+0800 [INFO]  server-48a588c7-c82f-2e55-de6d-95bcd5ddf86d: pre-vote campaign failed, waiting for election timeout: term=3 tally=1 refused=2 votesNeeded=2
2026-10-08T20:24:26.883+0800 [INFO]  cluster: stable state for Leader reached at 2026-10-08 20:24:26.477861129 +0800 CST m=+11.657830232 (1 nodes), highestTerm is 3, 461.828702ms from start of poll, 1.072534689s from cluster start. Timeout at 2026-10-08 20:24:26.882878741 +0800 CST m=+12.062847869, 405.017637ms after stability
2026-10-08T20:24:26.884+0800 [DEBUG] cluster: fully connecting
2026-10-08T20:24:26.940+0800 [INFO]  server-48a588c7-c82f-2e55-de6d-95bcd5ddf86d: entering follower state: follower="Node at 48a588c7-c82f-2e55-de6d-95bcd5ddf86d [Follower]" leader-address=946ffdda-7e68-84b0-fdc8-af539c63b299 leader-id=server-946ffdda-7e68-84b0-fdc8-af539c63b299
2026-10-08T20:24:27.111+0800 [WARN]  server-48a588c7-c82f-2e55-de6d-95bcd5ddf86d: clearing log suffix: from=4 to=4
2026-10-08T20:24:27.111+0800 [INFO]  server-946ffdda-7e68-84b0-fdc8-af539c63b299: pipelining replication: peer="{Voter server-48a588c7-c82f-2e55-de6d-95bcd5ddf86d 48a588c7-c82f-2e55-de6d-95bcd5ddf86d}"
2026-10-08T20:24:27.138+0800 [INFO]  server-946ffdda-7e68-84b0-fdc8-af539c63b299: aborting pipeline replication: peer="{Voter server-48a588c7-c82f-2e55-de6d-95bcd5ddf86d 48a588c7-c82f-2e55-de6d-95bcd5ddf86d}"
2026-10-08T20:24:27.138+0800 [INFO]  server-946ffdda-7e68-84b0-fdc8-af539c63b299: aborting pipeline replication: peer="{Voter server-550e406d-c597-6d7e-6613-68506dd88056 550e406d-c597-6d7e-6613-68506dd88056}"
--- PASS: TestAudit_DeposedLeaderUncommitted (1.74s)
=== RUN   TestAudit_RandomizedSafety
2026-10-08T20:24:27.143+0800 [DEBUG] cluster: fully connecting
2026-10-08T20:24:27.143+0800 [INFO]  server-635ca499-91b9-6c93-17bd-4fe16483b012: initial configuration: index=1 servers="[{Suffrage:Voter ID:server-635ca499-91b9-6c93-17bd-4fe16483b012 Address:635ca499-91b9-6c93-17bd-4fe16483b012} {Suffrage:Voter ID:server-cada0649-3457-58ee-fc1d-5d8841004452 Address:cada0649-3457-58ee-fc1d-5d8841004452} {Suffrage:Voter ID:server-befb3a6a-ea4f-2615-aaeb-c1cbf141d881 Address:befb3a6a-ea4f-2615-aaeb-c1cbf141d881}]"
2026-10-08T20:24:27.143+0800 [INFO]  server-cada0649-3457-58ee-fc1d-5d8841004452: initial configuration: index=1 servers="[{Suffrage:Voter ID:server-635ca499-91b9-6c93-17bd-4fe16483b012 Address:635ca499-91b9-6c93-17bd-4fe16483b012} {Suffrage:Voter ID:server-cada0649-3457-58ee-fc1d-5d8841004452 Address:cada0649-3457-58ee-fc1d-5d8841004452} {Suffrage:Voter ID:server-befb3a6a-ea4f-2615-aaeb-c1cbf141d881 Address:befb3a6a-ea4f-2615-aaeb-c1cbf141d881}]"
2026-10-08T20:24:27.144+0800 [INFO]  server-befb3a6a-ea4f-2615-aaeb-c1cbf141d881: initial configuration: index=1 servers="[{Suffrage:Voter ID:server-635ca499-91b9-6c93-17bd-4fe16483b012 Address:635ca499-91b9-6c93-17bd-4fe16483b012} {Suffrage:Voter ID:server-cada0649-3457-58ee-fc1d-5d8841004452 Address:cada0649-3457-58ee-fc1d-5d8841004452} {Suffrage:Voter ID:server-befb3a6a-ea4f-2615-aaeb-c1cbf141d881 Address:befb3a6a-ea4f-2615-aaeb-c1cbf141d881}]"
2026-10-08T20:24:27.144+0800 [DEBUG] cluster: fully connecting
2026-10-08T20:24:27.144+0800 [INFO]  server-cada0649-3457-58ee-fc1d-5d8841004452: entering follower state: follower="Node at cada0649-3457-58ee-fc1d-5d8841004452 [Follower]" leader-address= leader-id=
2026-10-08T20:24:27.144+0800 [INFO]  server-635ca499-91b9-6c93-17bd-4fe16483b012: entering follower state: follower="Node at 635ca499-91b9-6c93-17bd-4fe16483b012 [Follower]" leader-address= leader-id=
2026-10-08T20:24:27.144+0800 [INFO]  server-befb3a6a-ea4f-2615-aaeb-c1cbf141d881: entering follower state: follower="Node at befb3a6a-ea4f-2615-aaeb-c1cbf141d881 [Follower]" leader-address= leader-id=
2026-10-08T20:24:27.146+0800 [DEBUG] cluster: disconnecting: address=befb3a6a-ea4f-2615-aaeb-c1cbf141d881
2026-10-08T20:24:27.154+0800 [DEBUG] cluster: disconnecting: address=cada0649-3457-58ee-fc1d-5d8841004452
2026-10-08T20:24:27.159+0800 [DEBUG] cluster: disconnecting: address=befb3a6a-ea4f-2615-aaeb-c1cbf141d881
2026-10-08T20:24:27.168+0800 [DEBUG] cluster: fully connecting
2026-10-08T20:24:27.176+0800 [INFO]  cluster: starting stability test: raft-state=Leader
2026-10-08T20:24:27.195+0800 [WARN]  server-befb3a6a-ea4f-2615-aaeb-c1cbf141d881: heartbeat timeout reached, starting election: last-leader-addr= last-leader-id=
2026-10-08T20:24:27.195+0800 [INFO]  server-befb3a6a-ea4f-2615-aaeb-c1cbf141d881: entering candidate state: node="Node at befb3a6a-ea4f-2615-aaeb-c1cbf141d881 [Candidate]" term=2
2026-10-08T20:24:27.195+0800 [DEBUG] server-befb3a6a-ea4f-2615-aaeb-c1cbf141d881: asking for pre-vote: term=2 from=server-635ca499-91b9-6c93-17bd-4fe16483b012 address=635ca499-91b9-6c93-17bd-4fe16483b012
2026-10-08T20:24:27.195+0800 [DEBUG] server-befb3a6a-ea4f-2615-aaeb-c1cbf141d881: asking for pre-vote: term=2 from=server-cada0649-3457-58ee-fc1d-5d8841004452 address=cada0649-3457-58ee-fc1d-5d8841004452
2026-10-08T20:24:27.195+0800 [DEBUG] server-befb3a6a-ea4f-2615-aaeb-c1cbf141d881: pre-voting for self: term=2 id=server-befb3a6a-ea4f-2615-aaeb-c1cbf141d881
2026-10-08T20:24:27.195+0800 [DEBUG] server-befb3a6a-ea4f-2615-aaeb-c1cbf141d881: calculated votes needed: needed=2 term=2
2026-10-08T20:24:27.195+0800 [DEBUG] server-befb3a6a-ea4f-2615-aaeb-c1cbf141d881: pre-vote received: from=server-befb3a6a-ea4f-2615-aaeb-c1cbf141d881 term=2 tally=0
2026-10-08T20:24:27.195+0800 [DEBUG] server-befb3a6a-ea4f-2615-aaeb-c1cbf141d881: pre-vote granted: from=server-befb3a6a-ea4f-2615-aaeb-c1cbf141d881 term=2 tally=1
2026-10-08T20:24:27.196+0800 [DEBUG] server-cada0649-3457-58ee-fc1d-5d8841004452: received a requestPreVote with a newer term, grant the pre-vote
2026-10-08T20:24:27.196+0800 [DEBUG] server-befb3a6a-ea4f-2615-aaeb-c1cbf141d881: pre-vote received: from=server-cada0649-3457-58ee-fc1d-5d8841004452 term=2 tally=1
2026-10-08T20:24:27.196+0800 [DEBUG] server-befb3a6a-ea4f-2615-aaeb-c1cbf141d881: pre-vote granted: from=server-cada0649-3457-58ee-fc1d-5d8841004452 term=2 tally=2
2026-10-08T20:24:27.196+0800 [INFO]  server-befb3a6a-ea4f-2615-aaeb-c1cbf141d881: pre-vote successful, starting election: term=2 tally=2 refused=0 votesNeeded=2
2026-10-08T20:24:27.197+0800 [DEBUG] server-befb3a6a-ea4f-2615-aaeb-c1cbf141d881: asking for vote: term=2 from=server-635ca499-91b9-6c93-17bd-4fe16483b012 address=635ca499-91b9-6c93-17bd-4fe16483b012
2026-10-08T20:24:27.197+0800 [DEBUG] server-befb3a6a-ea4f-2615-aaeb-c1cbf141d881: asking for vote: term=2 from=server-cada0649-3457-58ee-fc1d-5d8841004452 address=cada0649-3457-58ee-fc1d-5d8841004452
2026-10-08T20:24:27.197+0800 [DEBUG] server-befb3a6a-ea4f-2615-aaeb-c1cbf141d881: voting for self: term=2 id=server-befb3a6a-ea4f-2615-aaeb-c1cbf141d881
2026-10-08T20:24:27.197+0800 [DEBUG] server-befb3a6a-ea4f-2615-aaeb-c1cbf141d881: vote granted: from=server-befb3a6a-ea4f-2615-aaeb-c1cbf141d881 term=2 tally=1
2026-10-08T20:24:27.197+0800 [DEBUG] server-635ca499-91b9-6c93-17bd-4fe16483b012: received a requestPreVote with a newer term, grant the pre-vote
2026-10-08T20:24:27.197+0800 [DEBUG] cluster: resetting stability timeout
2026-10-08T20:24:27.197+0800 [DEBUG] server-cada0649-3457-58ee-fc1d-5d8841004452: lost leadership because received a requestVote with a newer term
2026-10-08T20:24:27.197+0800 [DEBUG] server-635ca499-91b9-6c93-17bd-4fe16483b012: lost leadership because received a requestVote with a newer term
2026-10-08T20:24:27.197+0800 [DEBUG] cluster: resetting stability timeout
2026-10-08T20:24:27.197+0800 [DEBUG] cluster: resetting stability timeout
2026-10-08T20:24:27.197+0800 [DEBUG] server-befb3a6a-ea4f-2615-aaeb-c1cbf141d881: vote granted: from=server-cada0649-3457-58ee-fc1d-5d8841004452 term=2 tally=2
2026-10-08T20:24:27.198+0800 [INFO]  server-befb3a6a-ea4f-2615-aaeb-c1cbf141d881: election won: term=2 tally=2
2026-10-08T20:24:27.198+0800 [INFO]  server-befb3a6a-ea4f-2615-aaeb-c1cbf141d881: entering leader state: leader="Node at befb3a6a-ea4f-2615-aaeb-c1cbf141d881 [Leader]"
2026-10-08T20:24:27.198+0800 [INFO]  server-befb3a6a-ea4f-2615-aaeb-c1cbf141d881: added peer, starting replication: peer=server-635ca499-91b9-6c93-17bd-4fe16483b012
2026-10-08T20:24:27.198+0800 [DEBUG] cluster: resetting stability timeout
2026-10-08T20:24:27.198+0800 [INFO]  server-befb3a6a-ea4f-2615-aaeb-c1cbf141d881: added peer, starting replication: peer=server-cada0649-3457-58ee-fc1d-5d8841004452
2026-10-08T20:24:27.198+0800 [INFO]  server-befb3a6a-ea4f-2615-aaeb-c1cbf141d881: pipelining replication: peer="{Voter server-cada0649-3457-58ee-fc1d-5d8841004452 cada0649-3457-58ee-fc1d-5d8841004452}"
2026-10-08T20:24:27.199+0800 [INFO]  server-befb3a6a-ea4f-2615-aaeb-c1cbf141d881: pipelining replication: peer="{Voter server-635ca499-91b9-6c93-17bd-4fe16483b012 635ca499-91b9-6c93-17bd-4fe16483b012}"
2026-10-08T20:24:27.303+0800 [INFO]  cluster: stable state for Leader reached at 2026-10-08 20:24:27.198633533 +0800 CST m=+12.378602665 (1 nodes), highestTerm is 2, 22.091008ms from start of poll, 55.124495ms from cluster start. Timeout at 2026-10-08 20:24:27.303637763 +0800 CST m=+12.483606756, 105.004091ms after stability
2026-10-08T20:24:27.304+0800 [DEBUG] server-befb3a6a-ea4f-2615-aaeb-c1cbf141d881: starting leadership transfer: id=<nil> address=<nil>
2026-10-08T20:24:27.304+0800 [INFO]  server-635ca499-91b9-6c93-17bd-4fe16483b012: entering candidate state: node="Node at 635ca499-91b9-6c93-17bd-4fe16483b012 [Candidate]" term=3
2026-10-08T20:24:27.304+0800 [DEBUG] server-635ca499-91b9-6c93-17bd-4fe16483b012: voting for self: term=3 id=server-635ca499-91b9-6c93-17bd-4fe16483b012
2026-10-08T20:24:27.304+0800 [DEBUG] server-635ca499-91b9-6c93-17bd-4fe16483b012: asking for vote: term=3 from=server-cada0649-3457-58ee-fc1d-5d8841004452 address=cada0649-3457-58ee-fc1d-5d8841004452
2026-10-08T20:24:27.304+0800 [DEBUG] server-635ca499-91b9-6c93-17bd-4fe16483b012: asking for vote: term=3 from=server-befb3a6a-ea4f-2615-aaeb-c1cbf141d881 address=befb3a6a-ea4f-2615-aaeb-c1cbf141d881
2026-10-08T20:24:27.304+0800 [DEBUG] server-635ca499-91b9-6c93-17bd-4fe16483b012: calculated votes needed: needed=2 term=3
2026-10-08T20:24:27.304+0800 [DEBUG] server-635ca499-91b9-6c93-17bd-4fe16483b012: vote granted: from=server-635ca499-91b9-6c93-17bd-4fe16483b012 term=3 tally=1
2026-10-08T20:24:27.304+0800 [DEBUG] server-befb3a6a-ea4f-2615-aaeb-c1cbf141d881: lost leadership because received a requestVote with a newer term
2026-10-08T20:24:27.304+0800 [INFO]  server-befb3a6a-ea4f-2615-aaeb-c1cbf141d881: entering follower state: follower="Node at befb3a6a-ea4f-2615-aaeb-c1cbf141d881 [Follower]" leader-address= leader-id=
2026-10-08T20:24:27.304+0800 [INFO]  server-befb3a6a-ea4f-2615-aaeb-c1cbf141d881: aborting pipeline replication: peer="{Voter server-cada0649-3457-58ee-fc1d-5d8841004452 cada0649-3457-58ee-fc1d-5d8841004452}"
2026-10-08T20:24:27.304+0800 [DEBUG] server-635ca499-91b9-6c93-17bd-4fe16483b012: vote granted: from=server-befb3a6a-ea4f-2615-aaeb-c1cbf141d881 term=3 tally=2
2026-10-08T20:24:27.304+0800 [INFO]  server-635ca499-91b9-6c93-17bd-4fe16483b012: election won: term=3 tally=2
2026-10-08T20:24:27.304+0800 [INFO]  server-635ca499-91b9-6c93-17bd-4fe16483b012: entering leader state: leader="Node at 635ca499-91b9-6c93-17bd-4fe16483b012 [Leader]"
2026-10-08T20:24:27.304+0800 [INFO]  server-635ca499-91b9-6c93-17bd-4fe16483b012: added peer, starting replication: peer=server-cada0649-3457-58ee-fc1d-5d8841004452
2026-10-08T20:24:27.304+0800 [INFO]  server-635ca499-91b9-6c93-17bd-4fe16483b012: added peer, starting replication: peer=server-befb3a6a-ea4f-2615-aaeb-c1cbf141d881
2026-10-08T20:24:27.304+0800 [DEBUG] server-befb3a6a-ea4f-2615-aaeb-c1cbf141d881: lost leadership during transfer (expected)
2026-10-08T20:24:27.304+0800 [DEBUG] server-cada0649-3457-58ee-fc1d-5d8841004452: lost leadership because received a requestVote with a newer term
2026-10-08T20:24:27.304+0800 [INFO]  server-635ca499-91b9-6c93-17bd-4fe16483b012: pipelining replication: peer="{Voter server-befb3a6a-ea4f-2615-aaeb-c1cbf141d881 befb3a6a-ea4f-2615-aaeb-c1cbf141d881}"
2026-10-08T20:24:27.304+0800 [INFO]  server-635ca499-91b9-6c93-17bd-4fe16483b012: pipelining replication: peer="{Voter server-cada0649-3457-58ee-fc1d-5d8841004452 cada0649-3457-58ee-fc1d-5d8841004452}"
2026-10-08T20:24:27.304+0800 [INFO]  server-befb3a6a-ea4f-2615-aaeb-c1cbf141d881: aborting pipeline replication: peer="{Voter server-635ca499-91b9-6c93-17bd-4fe16483b012 635ca499-91b9-6c93-17bd-4fe16483b012}"
2026-10-08T20:24:27.308+0800 [DEBUG] cluster: disconnecting: address=befb3a6a-ea4f-2615-aaeb-c1cbf141d881
2026-10-08T20:24:27.311+0800 [ERROR] server-635ca499-91b9-6c93-17bd-4fe16483b012: failed to pipeline appendEntries: peer="{Voter server-befb3a6a-ea4f-2615-aaeb-c1cbf141d881 befb3a6a-ea4f-2615-aaeb-c1cbf141d881}" error="append pipeline closed"
2026-10-08T20:24:27.311+0800 [INFO]  server-635ca499-91b9-6c93-17bd-4fe16483b012: aborting pipeline replication: peer="{Voter server-befb3a6a-ea4f-2615-aaeb-c1cbf141d881 befb3a6a-ea4f-2615-aaeb-c1cbf141d881}"
2026-10-08T20:24:27.311+0800 [ERROR] server-635ca499-91b9-6c93-17bd-4fe16483b012: failed to heartbeat to: peer=befb3a6a-ea4f-2615-aaeb-c1cbf141d881 backoff time=10ms error="failed to connect to peer: befb3a6a-ea4f-2615-aaeb-c1cbf141d881"
2026-10-08T20:24:27.314+0800 [DEBUG] cluster: disconnecting: address=cada0649-3457-58ee-fc1d-5d8841004452
2026-10-08T20:24:27.318+0800 [ERROR] server-635ca499-91b9-6c93-17bd-4fe16483b012: failed to pipeline appendEntries: peer="{Voter server-cada0649-3457-58ee-fc1d-5d8841004452 cada0649-3457-58ee-fc1d-5d8841004452}" error="append pipeline closed"
2026-10-08T20:24:27.318+0800 [INFO]  server-635ca499-91b9-6c93-17bd-4fe16483b012: aborting pipeline replication: peer="{Voter server-cada0649-3457-58ee-fc1d-5d8841004452 cada0649-3457-58ee-fc1d-5d8841004452}"
2026-10-08T20:24:27.318+0800 [DEBUG] cluster: fully connecting
2026-10-08T20:24:27.320+0800 [INFO]  server-635ca499-91b9-6c93-17bd-4fe16483b012: pipelining replication: peer="{Voter server-befb3a6a-ea4f-2615-aaeb-c1cbf141d881 befb3a6a-ea4f-2615-aaeb-c1cbf141d881}"
2026-10-08T20:24:27.322+0800 [INFO]  cluster: starting stability test: raft-state=Leader
2026-10-08T20:24:27.322+0800 [DEBUG] cluster: resetting stability timeout
2026-10-08T20:24:27.322+0800 [DEBUG] cluster: resetting stability timeout
2026-10-08T20:24:27.322+0800 [DEBUG] cluster: resetting stability timeout
2026-10-08T20:24:27.322+0800 [DEBUG] cluster: resetting stability timeout
2026-10-08T20:24:27.322+0800 [DEBUG] cluster: resetting stability timeout
2026-10-08T20:24:27.323+0800 [INFO]  server-635ca499-91b9-6c93-17bd-4fe16483b012: pipelining replication: peer="{Voter server-cada0649-3457-58ee-fc1d-5d8841004452 cada0649-3457-58ee-fc1d-5d8841004452}"
2026-10-08T20:24:27.428+0800 [INFO]  cluster: stable state for Leader reached at 2026-10-08 20:24:27.322951026 +0800 CST m=+12.502920173 (1 nodes), highestTerm is 3, 226.829µs from start of poll, 179.442003ms from cluster start. Timeout at 2026-10-08 20:24:27.427961155 +0800 CST m=+12.607930265, 105.010092ms after stability
2026-10-08T20:24:27.431+0800 [INFO]  cluster: starting stability test: raft-state=Leader
2026-10-08T20:24:27.537+0800 [INFO]  cluster: stable state for Leader reached at 2026-10-08 20:24:27.431508724 +0800 CST m=+12.611477722 (1 nodes), highestTerm is 3, 785ns from start of poll, 287.999552ms from cluster start. Timeout at 2026-10-08 20:24:27.536518956 +0800 CST m=+12.716488042, 105.01032ms after stability
2026-10-08T20:24:27.537+0800 [INFO]  server-635ca499-91b9-6c93-17bd-4fe16483b012: starting snapshot up to: index=4
2026-10-08T20:24:27.537+0800 [INFO]  creating new snapshot: path=/home/nitro/Desktop/consensus-assurance/baseline/runs/2026-10-08_19-48-15-hashicorp_raft-baseline/work/.runtime/tmp/raft3137451491/snapshots/3-4-1791462267537.tmp
2026-10-08T20:24:27.542+0800 [INFO]  server-635ca499-91b9-6c93-17bd-4fe16483b012: snapshot complete up to: index=4
2026-10-08T20:24:27.547+0800 [DEBUG] cluster: disconnecting: address=befb3a6a-ea4f-2615-aaeb-c1cbf141d881
2026-10-08T20:24:27.550+0800 [ERROR] server-635ca499-91b9-6c93-17bd-4fe16483b012: failed to pipeline appendEntries: peer="{Voter server-befb3a6a-ea4f-2615-aaeb-c1cbf141d881 befb3a6a-ea4f-2615-aaeb-c1cbf141d881}" error="append pipeline closed"
2026-10-08T20:24:27.550+0800 [INFO]  server-635ca499-91b9-6c93-17bd-4fe16483b012: aborting pipeline replication: peer="{Voter server-befb3a6a-ea4f-2615-aaeb-c1cbf141d881 befb3a6a-ea4f-2615-aaeb-c1cbf141d881}"
2026-10-08T20:24:27.550+0800 [ERROR] server-635ca499-91b9-6c93-17bd-4fe16483b012: failed to heartbeat to: peer=befb3a6a-ea4f-2615-aaeb-c1cbf141d881 backoff time=10ms error="failed to connect to peer: befb3a6a-ea4f-2615-aaeb-c1cbf141d881"
2026-10-08T20:24:27.551+0800 [INFO]  cluster: starting stability test: raft-state=Leader
2026-10-08T20:24:27.557+0800 [ERROR] server-635ca499-91b9-6c93-17bd-4fe16483b012: failed to appendEntries to: peer="{Voter server-befb3a6a-ea4f-2615-aaeb-c1cbf141d881 befb3a6a-ea4f-2615-aaeb-c1cbf141d881}" error="failed to connect to peer: befb3a6a-ea4f-2615-aaeb-c1cbf141d881"
2026-10-08T20:24:27.572+0800 [ERROR] server-635ca499-91b9-6c93-17bd-4fe16483b012: failed to heartbeat to: peer=befb3a6a-ea4f-2615-aaeb-c1cbf141d881 backoff time=10ms error="failed to connect to peer: befb3a6a-ea4f-2615-aaeb-c1cbf141d881"
2026-10-08T20:24:27.575+0800 [ERROR] server-635ca499-91b9-6c93-17bd-4fe16483b012: failed to appendEntries to: peer="{Voter server-befb3a6a-ea4f-2615-aaeb-c1cbf141d881 befb3a6a-ea4f-2615-aaeb-c1cbf141d881}" error="failed to connect to peer: befb3a6a-ea4f-2615-aaeb-c1cbf141d881"
2026-10-08T20:24:27.589+0800 [ERROR] server-635ca499-91b9-6c93-17bd-4fe16483b012: failed to heartbeat to: peer=befb3a6a-ea4f-2615-aaeb-c1cbf141d881 backoff time=10ms error="failed to connect to peer: befb3a6a-ea4f-2615-aaeb-c1cbf141d881"
2026-10-08T20:24:27.596+0800 [ERROR] server-635ca499-91b9-6c93-17bd-4fe16483b012: failed to appendEntries to: peer="{Voter server-befb3a6a-ea4f-2615-aaeb-c1cbf141d881 befb3a6a-ea4f-2615-aaeb-c1cbf141d881}" error="failed to connect to peer: befb3a6a-ea4f-2615-aaeb-c1cbf141d881"
2026-10-08T20:24:27.597+0800 [WARN]  server-635ca499-91b9-6c93-17bd-4fe16483b012: failed to contact: server-id=server-befb3a6a-ea4f-2615-aaeb-c1cbf141d881 time=55.794729ms
2026-10-08T20:24:27.605+0800 [ERROR] server-635ca499-91b9-6c93-17bd-4fe16483b012: failed to heartbeat to: peer=befb3a6a-ea4f-2615-aaeb-c1cbf141d881 backoff time=20ms error="failed to connect to peer: befb3a6a-ea4f-2615-aaeb-c1cbf141d881"
2026-10-08T20:24:27.624+0800 [ERROR] server-635ca499-91b9-6c93-17bd-4fe16483b012: failed to appendEntries to: peer="{Voter server-befb3a6a-ea4f-2615-aaeb-c1cbf141d881 befb3a6a-ea4f-2615-aaeb-c1cbf141d881}" error="failed to connect to peer: befb3a6a-ea4f-2615-aaeb-c1cbf141d881"
2026-10-08T20:24:27.636+0800 [ERROR] server-635ca499-91b9-6c93-17bd-4fe16483b012: failed to heartbeat to: peer=befb3a6a-ea4f-2615-aaeb-c1cbf141d881 backoff time=25ms error="failed to connect to peer: befb3a6a-ea4f-2615-aaeb-c1cbf141d881"
2026-10-08T20:24:27.647+0800 [WARN]  server-635ca499-91b9-6c93-17bd-4fe16483b012: failed to contact: server-id=server-befb3a6a-ea4f-2615-aaeb-c1cbf141d881 time=105.592133ms
2026-10-08T20:24:27.658+0800 [INFO]  cluster: stable state for Leader reached at 2026-10-08 20:24:27.551723361 +0800 CST m=+12.731692315 (1 nodes), highestTerm is 3, 1.18µs from start of poll, 408.214145ms from cluster start. Timeout at 2026-10-08 20:24:27.65673532 +0800 CST m=+12.836704307, 105.011992ms after stability
2026-10-08T20:24:27.659+0800 [INFO]  server-635ca499-91b9-6c93-17bd-4fe16483b012: starting snapshot up to: index=4
2026-10-08T20:24:27.659+0800 [INFO]  creating new snapshot: path=/home/nitro/Desktop/consensus-assurance/baseline/runs/2026-10-08_19-48-15-hashicorp_raft-baseline/work/.runtime/tmp/raft3137451491/snapshots/3-4-1791462267659.tmp
2026-10-08T20:24:27.660+0800 [INFO]  server-635ca499-91b9-6c93-17bd-4fe16483b012: snapshot complete up to: index=4
2026-10-08T20:24:27.666+0800 [INFO]  cluster: starting stability test: raft-state=Leader
2026-10-08T20:24:27.671+0800 [WARN]  server-befb3a6a-ea4f-2615-aaeb-c1cbf141d881: heartbeat timeout reached, starting election: last-leader-addr=635ca499-91b9-6c93-17bd-4fe16483b012 last-leader-id=server-635ca499-91b9-6c93-17bd-4fe16483b012
2026-10-08T20:24:27.671+0800 [INFO]  server-befb3a6a-ea4f-2615-aaeb-c1cbf141d881: entering candidate state: node="Node at befb3a6a-ea4f-2615-aaeb-c1cbf141d881 [Candidate]" term=4
2026-10-08T20:24:27.671+0800 [DEBUG] server-befb3a6a-ea4f-2615-aaeb-c1cbf141d881: asking for pre-vote: term=4 from=server-635ca499-91b9-6c93-17bd-4fe16483b012 address=635ca499-91b9-6c93-17bd-4fe16483b012
2026-10-08T20:24:27.671+0800 [DEBUG] server-befb3a6a-ea4f-2615-aaeb-c1cbf141d881: asking for pre-vote: term=4 from=server-cada0649-3457-58ee-fc1d-5d8841004452 address=cada0649-3457-58ee-fc1d-5d8841004452
2026-10-08T20:24:27.671+0800 [DEBUG] server-befb3a6a-ea4f-2615-aaeb-c1cbf141d881: pre-voting for self: term=4 id=server-befb3a6a-ea4f-2615-aaeb-c1cbf141d881
2026-10-08T20:24:27.671+0800 [DEBUG] server-befb3a6a-ea4f-2615-aaeb-c1cbf141d881: calculated votes needed: needed=2 term=4
2026-10-08T20:24:27.671+0800 [DEBUG] server-befb3a6a-ea4f-2615-aaeb-c1cbf141d881: pre-vote received: from=server-befb3a6a-ea4f-2615-aaeb-c1cbf141d881 term=4 tally=0
2026-10-08T20:24:27.671+0800 [DEBUG] server-befb3a6a-ea4f-2615-aaeb-c1cbf141d881: pre-vote granted: from=server-befb3a6a-ea4f-2615-aaeb-c1cbf141d881 term=4 tally=1
2026-10-08T20:24:27.671+0800 [ERROR] server-befb3a6a-ea4f-2615-aaeb-c1cbf141d881: failed to make requestVote RPC: target="{Voter server-cada0649-3457-58ee-fc1d-5d8841004452 cada0649-3457-58ee-fc1d-5d8841004452}" error="failed to connect to peer: cada0649-3457-58ee-fc1d-5d8841004452" term=4
2026-10-08T20:24:27.671+0800 [DEBUG] server-befb3a6a-ea4f-2615-aaeb-c1cbf141d881: pre-vote received: from=server-cada0649-3457-58ee-fc1d-5d8841004452 term=4 tally=1
2026-10-08T20:24:27.671+0800 [DEBUG] server-befb3a6a-ea4f-2615-aaeb-c1cbf141d881: pre-vote denied: from=server-cada0649-3457-58ee-fc1d-5d8841004452 term=4 tally=1
2026-10-08T20:24:27.671+0800 [DEBUG] cluster: resetting stability timeout
2026-10-08T20:24:27.671+0800 [ERROR] server-635ca499-91b9-6c93-17bd-4fe16483b012: failed to heartbeat to: peer=befb3a6a-ea4f-2615-aaeb-c1cbf141d881 backoff time=25ms error="failed to connect to peer: befb3a6a-ea4f-2615-aaeb-c1cbf141d881"
2026-10-08T20:24:27.671+0800 [ERROR] server-befb3a6a-ea4f-2615-aaeb-c1cbf141d881: failed to make requestVote RPC: target="{Voter server-635ca499-91b9-6c93-17bd-4fe16483b012 635ca499-91b9-6c93-17bd-4fe16483b012}" error="failed to connect to peer: 635ca499-91b9-6c93-17bd-4fe16483b012" term=4
2026-10-08T20:24:27.671+0800 [DEBUG] server-befb3a6a-ea4f-2615-aaeb-c1cbf141d881: pre-vote received: from=server-635ca499-91b9-6c93-17bd-4fe16483b012 term=4 tally=1
2026-10-08T20:24:27.671+0800 [DEBUG] server-befb3a6a-ea4f-2615-aaeb-c1cbf141d881: pre-vote denied: from=server-635ca499-91b9-6c93-17bd-4fe16483b012 term=4 tally=1
2026-10-08T20:24:27.671+0800 [INFO]  server-befb3a6a-ea4f-2615-aaeb-c1cbf141d881: pre-vote campaign failed, waiting for election timeout: term=4 tally=1 refused=2 votesNeeded=2
2026-10-08T20:24:27.674+0800 [ERROR] server-635ca499-91b9-6c93-17bd-4fe16483b012: failed to appendEntries to: peer="{Voter server-befb3a6a-ea4f-2615-aaeb-c1cbf141d881 befb3a6a-ea4f-2615-aaeb-c1cbf141d881}" error="failed to connect to peer: befb3a6a-ea4f-2615-aaeb-c1cbf141d881"
2026-10-08T20:24:27.696+0800 [DEBUG] server-635ca499-91b9-6c93-17bd-4fe16483b012: failed to contact: server-id=server-befb3a6a-ea4f-2615-aaeb-c1cbf141d881 time=154.329513ms
2026-10-08T20:24:27.702+0800 [ERROR] server-635ca499-91b9-6c93-17bd-4fe16483b012: failed to heartbeat to: peer=befb3a6a-ea4f-2615-aaeb-c1cbf141d881 backoff time=25ms error="failed to connect to peer: befb3a6a-ea4f-2615-aaeb-c1cbf141d881"
2026-10-08T20:24:27.735+0800 [ERROR] server-635ca499-91b9-6c93-17bd-4fe16483b012: failed to heartbeat to: peer=befb3a6a-ea4f-2615-aaeb-c1cbf141d881 backoff time=25ms error="failed to connect to peer: befb3a6a-ea4f-2615-aaeb-c1cbf141d881"
2026-10-08T20:24:27.746+0800 [DEBUG] server-635ca499-91b9-6c93-17bd-4fe16483b012: failed to contact: server-id=server-befb3a6a-ea4f-2615-aaeb-c1cbf141d881 time=205.101199ms
2026-10-08T20:24:27.763+0800 [WARN]  server-befb3a6a-ea4f-2615-aaeb-c1cbf141d881: Election timeout reached, restarting election
2026-10-08T20:24:27.763+0800 [INFO]  server-befb3a6a-ea4f-2615-aaeb-c1cbf141d881: entering candidate state: node="Node at befb3a6a-ea4f-2615-aaeb-c1cbf141d881 [Candidate]" term=4
2026-10-08T20:24:27.763+0800 [DEBUG] server-befb3a6a-ea4f-2615-aaeb-c1cbf141d881: asking for pre-vote: term=4 from=server-635ca499-91b9-6c93-17bd-4fe16483b012 address=635ca499-91b9-6c93-17bd-4fe16483b012
2026-10-08T20:24:27.764+0800 [DEBUG] server-befb3a6a-ea4f-2615-aaeb-c1cbf141d881: asking for pre-vote: term=4 from=server-cada0649-3457-58ee-fc1d-5d8841004452 address=cada0649-3457-58ee-fc1d-5d8841004452
2026-10-08T20:24:27.764+0800 [DEBUG] server-befb3a6a-ea4f-2615-aaeb-c1cbf141d881: pre-voting for self: term=4 id=server-befb3a6a-ea4f-2615-aaeb-c1cbf141d881
2026-10-08T20:24:27.764+0800 [DEBUG] server-befb3a6a-ea4f-2615-aaeb-c1cbf141d881: calculated votes needed: needed=2 term=4
2026-10-08T20:24:27.764+0800 [DEBUG] server-befb3a6a-ea4f-2615-aaeb-c1cbf141d881: pre-vote received: from=server-befb3a6a-ea4f-2615-aaeb-c1cbf141d881 term=4 tally=0
2026-10-08T20:24:27.764+0800 [DEBUG] server-befb3a6a-ea4f-2615-aaeb-c1cbf141d881: pre-vote granted: from=server-befb3a6a-ea4f-2615-aaeb-c1cbf141d881 term=4 tally=1
2026-10-08T20:24:27.764+0800 [ERROR] server-befb3a6a-ea4f-2615-aaeb-c1cbf141d881: failed to make requestVote RPC: target="{Voter server-cada0649-3457-58ee-fc1d-5d8841004452 cada0649-3457-58ee-fc1d-5d8841004452}" error="failed to connect to peer: cada0649-3457-58ee-fc1d-5d8841004452" term=4
2026-10-08T20:24:27.764+0800 [DEBUG] server-befb3a6a-ea4f-2615-aaeb-c1cbf141d881: pre-vote received: from=server-cada0649-3457-58ee-fc1d-5d8841004452 term=4 tally=1
2026-10-08T20:24:27.764+0800 [DEBUG] server-befb3a6a-ea4f-2615-aaeb-c1cbf141d881: pre-vote denied: from=server-cada0649-3457-58ee-fc1d-5d8841004452 term=4 tally=1
2026-10-08T20:24:27.766+0800 [ERROR] server-635ca499-91b9-6c93-17bd-4fe16483b012: failed to appendEntries to: peer="{Voter server-befb3a6a-ea4f-2615-aaeb-c1cbf141d881 befb3a6a-ea4f-2615-aaeb-c1cbf141d881}" error="failed to connect to peer: befb3a6a-ea4f-2615-aaeb-c1cbf141d881"
2026-10-08T20:24:27.765+0800 [ERROR] server-befb3a6a-ea4f-2615-aaeb-c1cbf141d881: failed to make requestVote RPC: target="{Voter server-635ca499-91b9-6c93-17bd-4fe16483b012 635ca499-91b9-6c93-17bd-4fe16483b012}" error="failed to connect to peer: 635ca499-91b9-6c93-17bd-4fe16483b012" term=4
2026-10-08T20:24:27.766+0800 [DEBUG] server-befb3a6a-ea4f-2615-aaeb-c1cbf141d881: pre-vote received: from=server-635ca499-91b9-6c93-17bd-4fe16483b012 term=4 tally=1
2026-10-08T20:24:27.766+0800 [DEBUG] server-befb3a6a-ea4f-2615-aaeb-c1cbf141d881: pre-vote denied: from=server-635ca499-91b9-6c93-17bd-4fe16483b012 term=4 tally=1
2026-10-08T20:24:27.766+0800 [INFO]  server-befb3a6a-ea4f-2615-aaeb-c1cbf141d881: pre-vote campaign failed, waiting for election timeout: term=4 tally=1 refused=2 votesNeeded=2
2026-10-08T20:24:27.768+0800 [ERROR] server-635ca499-91b9-6c93-17bd-4fe16483b012: failed to heartbeat to: peer=befb3a6a-ea4f-2615-aaeb-c1cbf141d881 backoff time=25ms error="failed to connect to peer: befb3a6a-ea4f-2615-aaeb-c1cbf141d881"
2026-10-08T20:24:27.777+0800 [INFO]  cluster: stable state for Leader reached at 2026-10-08 20:24:27.671567806 +0800 CST m=+12.851536920 (1 nodes), highestTerm is 3, 4.972571ms from start of poll, 528.05875ms from cluster start. Timeout at 2026-10-08 20:24:27.776572087 +0800 CST m=+12.956541032, 105.004112ms after stability
2026-10-08T20:24:27.781+0800 [INFO]  cluster: starting stability test: raft-state=Leader
2026-10-08T20:24:27.795+0800 [DEBUG] server-635ca499-91b9-6c93-17bd-4fe16483b012: failed to contact: server-id=server-befb3a6a-ea4f-2615-aaeb-c1cbf141d881 time=254.063757ms
2026-10-08T20:24:27.804+0800 [ERROR] server-635ca499-91b9-6c93-17bd-4fe16483b012: failed to heartbeat to: peer=befb3a6a-ea4f-2615-aaeb-c1cbf141d881 backoff time=25ms error="failed to connect to peer: befb3a6a-ea4f-2615-aaeb-c1cbf141d881"
2026-10-08T20:24:27.818+0800 [WARN]  server-befb3a6a-ea4f-2615-aaeb-c1cbf141d881: Election timeout reached, restarting election
2026-10-08T20:24:27.818+0800 [INFO]  server-befb3a6a-ea4f-2615-aaeb-c1cbf141d881: entering candidate state: node="Node at befb3a6a-ea4f-2615-aaeb-c1cbf141d881 [Candidate]" term=4
2026-10-08T20:24:27.818+0800 [DEBUG] server-befb3a6a-ea4f-2615-aaeb-c1cbf141d881: asking for pre-vote: term=4 from=server-635ca499-91b9-6c93-17bd-4fe16483b012 address=635ca499-91b9-6c93-17bd-4fe16483b012
2026-10-08T20:24:27.818+0800 [DEBUG] server-befb3a6a-ea4f-2615-aaeb-c1cbf141d881: asking for pre-vote: term=4 from=server-cada0649-3457-58ee-fc1d-5d8841004452 address=cada0649-3457-58ee-fc1d-5d8841004452
2026-10-08T20:24:27.818+0800 [DEBUG] server-befb3a6a-ea4f-2615-aaeb-c1cbf141d881: pre-voting for self: term=4 id=server-befb3a6a-ea4f-2615-aaeb-c1cbf141d881
2026-10-08T20:24:27.818+0800 [DEBUG] server-befb3a6a-ea4f-2615-aaeb-c1cbf141d881: calculated votes needed: needed=2 term=4
2026-10-08T20:24:27.818+0800 [DEBUG] server-befb3a6a-ea4f-2615-aaeb-c1cbf141d881: pre-vote received: from=server-befb3a6a-ea4f-2615-aaeb-c1cbf141d881 term=4 tally=0
2026-10-08T20:24:27.818+0800 [DEBUG] server-befb3a6a-ea4f-2615-aaeb-c1cbf141d881: pre-vote granted: from=server-befb3a6a-ea4f-2615-aaeb-c1cbf141d881 term=4 tally=1
2026-10-08T20:24:27.818+0800 [ERROR] server-befb3a6a-ea4f-2615-aaeb-c1cbf141d881: failed to make requestVote RPC: target="{Voter server-cada0649-3457-58ee-fc1d-5d8841004452 cada0649-3457-58ee-fc1d-5d8841004452}" error="failed to connect to peer: cada0649-3457-58ee-fc1d-5d8841004452" term=4
2026-10-08T20:24:27.818+0800 [DEBUG] server-befb3a6a-ea4f-2615-aaeb-c1cbf141d881: pre-vote received: from=server-cada0649-3457-58ee-fc1d-5d8841004452 term=4 tally=1
2026-10-08T20:24:27.818+0800 [DEBUG] server-befb3a6a-ea4f-2615-aaeb-c1cbf141d881: pre-vote denied: from=server-cada0649-3457-58ee-fc1d-5d8841004452 term=4 tally=1
2026-10-08T20:24:27.819+0800 [ERROR] server-befb3a6a-ea4f-2615-aaeb-c1cbf141d881: failed to make requestVote RPC: target="{Voter server-635ca499-91b9-6c93-17bd-4fe16483b012 635ca499-91b9-6c93-17bd-4fe16483b012}" error="failed to connect to peer: 635ca499-91b9-6c93-17bd-4fe16483b012" term=4
2026-10-08T20:24:27.819+0800 [DEBUG] server-befb3a6a-ea4f-2615-aaeb-c1cbf141d881: pre-vote received: from=server-635ca499-91b9-6c93-17bd-4fe16483b012 term=4 tally=1
2026-10-08T20:24:27.819+0800 [DEBUG] server-befb3a6a-ea4f-2615-aaeb-c1cbf141d881: pre-vote denied: from=server-635ca499-91b9-6c93-17bd-4fe16483b012 term=4 tally=1
2026-10-08T20:24:27.819+0800 [INFO]  server-befb3a6a-ea4f-2615-aaeb-c1cbf141d881: pre-vote campaign failed, waiting for election timeout: term=4 tally=1 refused=2 votesNeeded=2
2026-10-08T20:24:27.837+0800 [ERROR] server-635ca499-91b9-6c93-17bd-4fe16483b012: failed to heartbeat to: peer=befb3a6a-ea4f-2615-aaeb-c1cbf141d881 backoff time=25ms error="failed to connect to peer: befb3a6a-ea4f-2615-aaeb-c1cbf141d881"
2026-10-08T20:24:27.844+0800 [DEBUG] server-635ca499-91b9-6c93-17bd-4fe16483b012: failed to contact: server-id=server-befb3a6a-ea4f-2615-aaeb-c1cbf141d881 time=303.007943ms
2026-10-08T20:24:27.869+0800 [ERROR] server-635ca499-91b9-6c93-17bd-4fe16483b012: failed to heartbeat to: peer=befb3a6a-ea4f-2615-aaeb-c1cbf141d881 backoff time=25ms error="failed to connect to peer: befb3a6a-ea4f-2615-aaeb-c1cbf141d881"
2026-10-08T20:24:27.886+0800 [INFO]  cluster: stable state for Leader reached at 2026-10-08 20:24:27.781148986 +0800 CST m=+12.961117984 (1 nodes), highestTerm is 3, 1.376µs from start of poll, 637.639814ms from cluster start. Timeout at 2026-10-08 20:24:27.886162985 +0800 CST m=+13.066131983, 105.013999ms after stability
2026-10-08T20:24:27.889+0800 [INFO]  cluster: starting stability test: raft-state=Leader
2026-10-08T20:24:27.891+0800 [DEBUG] server-635ca499-91b9-6c93-17bd-4fe16483b012: failed to contact: server-id=server-befb3a6a-ea4f-2615-aaeb-c1cbf141d881 time=349.164293ms
2026-10-08T20:24:27.893+0800 [WARN]  server-befb3a6a-ea4f-2615-aaeb-c1cbf141d881: Election timeout reached, restarting election
2026-10-08T20:24:27.893+0800 [INFO]  server-befb3a6a-ea4f-2615-aaeb-c1cbf141d881: entering candidate state: node="Node at befb3a6a-ea4f-2615-aaeb-c1cbf141d881 [Candidate]" term=4
2026-10-08T20:24:27.893+0800 [DEBUG] server-befb3a6a-ea4f-2615-aaeb-c1cbf141d881: asking for pre-vote: term=4 from=server-635ca499-91b9-6c93-17bd-4fe16483b012 address=635ca499-91b9-6c93-17bd-4fe16483b012
2026-10-08T20:24:27.893+0800 [DEBUG] server-befb3a6a-ea4f-2615-aaeb-c1cbf141d881: asking for pre-vote: term=4 from=server-cada0649-3457-58ee-fc1d-5d8841004452 address=cada0649-3457-58ee-fc1d-5d8841004452
2026-10-08T20:24:27.893+0800 [DEBUG] server-befb3a6a-ea4f-2615-aaeb-c1cbf141d881: pre-voting for self: term=4 id=server-befb3a6a-ea4f-2615-aaeb-c1cbf141d881
2026-10-08T20:24:27.893+0800 [DEBUG] server-befb3a6a-ea4f-2615-aaeb-c1cbf141d881: calculated votes needed: needed=2 term=4
2026-10-08T20:24:27.893+0800 [DEBUG] server-befb3a6a-ea4f-2615-aaeb-c1cbf141d881: pre-vote received: from=server-befb3a6a-ea4f-2615-aaeb-c1cbf141d881 term=4 tally=0
2026-10-08T20:24:27.893+0800 [DEBUG] server-befb3a6a-ea4f-2615-aaeb-c1cbf141d881: pre-vote granted: from=server-befb3a6a-ea4f-2615-aaeb-c1cbf141d881 term=4 tally=1
2026-10-08T20:24:27.893+0800 [ERROR] server-befb3a6a-ea4f-2615-aaeb-c1cbf141d881: failed to make requestVote RPC: target="{Voter server-635ca499-91b9-6c93-17bd-4fe16483b012 635ca499-91b9-6c93-17bd-4fe16483b012}" error="failed to connect to peer: 635ca499-91b9-6c93-17bd-4fe16483b012" term=4
2026-10-08T20:24:27.894+0800 [DEBUG] server-befb3a6a-ea4f-2615-aaeb-c1cbf141d881: pre-vote received: from=server-635ca499-91b9-6c93-17bd-4fe16483b012 term=4 tally=1
2026-10-08T20:24:27.894+0800 [DEBUG] server-befb3a6a-ea4f-2615-aaeb-c1cbf141d881: pre-vote denied: from=server-635ca499-91b9-6c93-17bd-4fe16483b012 term=4 tally=1
2026-10-08T20:24:27.894+0800 [ERROR] server-befb3a6a-ea4f-2615-aaeb-c1cbf141d881: failed to make requestVote RPC: target="{Voter server-cada0649-3457-58ee-fc1d-5d8841004452 cada0649-3457-58ee-fc1d-5d8841004452}" error="failed to connect to peer: cada0649-3457-58ee-fc1d-5d8841004452" term=4
2026-10-08T20:24:27.894+0800 [DEBUG] server-befb3a6a-ea4f-2615-aaeb-c1cbf141d881: pre-vote received: from=server-cada0649-3457-58ee-fc1d-5d8841004452 term=4 tally=1
2026-10-08T20:24:27.894+0800 [DEBUG] server-befb3a6a-ea4f-2615-aaeb-c1cbf141d881: pre-vote denied: from=server-cada0649-3457-58ee-fc1d-5d8841004452 term=4 tally=1
2026-10-08T20:24:27.894+0800 [INFO]  server-befb3a6a-ea4f-2615-aaeb-c1cbf141d881: pre-vote campaign failed, waiting for election timeout: term=4 tally=1 refused=2 votesNeeded=2
2026-10-08T20:24:27.905+0800 [ERROR] server-635ca499-91b9-6c93-17bd-4fe16483b012: failed to heartbeat to: peer=befb3a6a-ea4f-2615-aaeb-c1cbf141d881 backoff time=25ms error="failed to connect to peer: befb3a6a-ea4f-2615-aaeb-c1cbf141d881"
2026-10-08T20:24:27.936+0800 [ERROR] server-635ca499-91b9-6c93-17bd-4fe16483b012: failed to appendEntries to: peer="{Voter server-befb3a6a-ea4f-2615-aaeb-c1cbf141d881 befb3a6a-ea4f-2615-aaeb-c1cbf141d881}" error="failed to connect to peer: befb3a6a-ea4f-2615-aaeb-c1cbf141d881"
2026-10-08T20:24:27.938+0800 [DEBUG] server-635ca499-91b9-6c93-17bd-4fe16483b012: failed to contact: server-id=server-befb3a6a-ea4f-2615-aaeb-c1cbf141d881 time=396.345106ms
2026-10-08T20:24:27.940+0800 [ERROR] server-635ca499-91b9-6c93-17bd-4fe16483b012: failed to heartbeat to: peer=befb3a6a-ea4f-2615-aaeb-c1cbf141d881 backoff time=25ms error="failed to connect to peer: befb3a6a-ea4f-2615-aaeb-c1cbf141d881"
2026-10-08T20:24:27.946+0800 [WARN]  server-befb3a6a-ea4f-2615-aaeb-c1cbf141d881: Election timeout reached, restarting election
2026-10-08T20:24:27.946+0800 [INFO]  server-befb3a6a-ea4f-2615-aaeb-c1cbf141d881: entering candidate state: node="Node at befb3a6a-ea4f-2615-aaeb-c1cbf141d881 [Candidate]" term=4
2026-10-08T20:24:27.946+0800 [DEBUG] server-befb3a6a-ea4f-2615-aaeb-c1cbf141d881: asking for pre-vote: term=4 from=server-635ca499-91b9-6c93-17bd-4fe16483b012 address=635ca499-91b9-6c93-17bd-4fe16483b012
2026-10-08T20:24:27.946+0800 [DEBUG] server-befb3a6a-ea4f-2615-aaeb-c1cbf141d881: asking for pre-vote: term=4 from=server-cada0649-3457-58ee-fc1d-5d8841004452 address=cada0649-3457-58ee-fc1d-5d8841004452
2026-10-08T20:24:27.947+0800 [DEBUG] server-befb3a6a-ea4f-2615-aaeb-c1cbf141d881: pre-voting for self: term=4 id=server-befb3a6a-ea4f-2615-aaeb-c1cbf141d881
2026-10-08T20:24:27.947+0800 [DEBUG] server-befb3a6a-ea4f-2615-aaeb-c1cbf141d881: calculated votes needed: needed=2 term=4
2026-10-08T20:24:27.947+0800 [DEBUG] server-befb3a6a-ea4f-2615-aaeb-c1cbf141d881: pre-vote received: from=server-befb3a6a-ea4f-2615-aaeb-c1cbf141d881 term=4 tally=0
2026-10-08T20:24:27.947+0800 [DEBUG] server-befb3a6a-ea4f-2615-aaeb-c1cbf141d881: pre-vote granted: from=server-befb3a6a-ea4f-2615-aaeb-c1cbf141d881 term=4 tally=1
2026-10-08T20:24:27.947+0800 [ERROR] server-befb3a6a-ea4f-2615-aaeb-c1cbf141d881: failed to make requestVote RPC: target="{Voter server-635ca499-91b9-6c93-17bd-4fe16483b012 635ca499-91b9-6c93-17bd-4fe16483b012}" error="failed to connect to peer: 635ca499-91b9-6c93-17bd-4fe16483b012" term=4
2026-10-08T20:24:27.947+0800 [DEBUG] server-befb3a6a-ea4f-2615-aaeb-c1cbf141d881: pre-vote received: from=server-635ca499-91b9-6c93-17bd-4fe16483b012 term=4 tally=1
2026-10-08T20:24:27.947+0800 [DEBUG] server-befb3a6a-ea4f-2615-aaeb-c1cbf141d881: pre-vote denied: from=server-635ca499-91b9-6c93-17bd-4fe16483b012 term=4 tally=1
2026-10-08T20:24:27.947+0800 [ERROR] server-befb3a6a-ea4f-2615-aaeb-c1cbf141d881: failed to make requestVote RPC: target="{Voter server-cada0649-3457-58ee-fc1d-5d8841004452 cada0649-3457-58ee-fc1d-5d8841004452}" error="failed to connect to peer: cada0649-3457-58ee-fc1d-5d8841004452" term=4
2026-10-08T20:24:27.947+0800 [DEBUG] server-befb3a6a-ea4f-2615-aaeb-c1cbf141d881: pre-vote received: from=server-cada0649-3457-58ee-fc1d-5d8841004452 term=4 tally=1
2026-10-08T20:24:27.947+0800 [DEBUG] server-befb3a6a-ea4f-2615-aaeb-c1cbf141d881: pre-vote denied: from=server-cada0649-3457-58ee-fc1d-5d8841004452 term=4 tally=1
2026-10-08T20:24:27.947+0800 [INFO]  server-befb3a6a-ea4f-2615-aaeb-c1cbf141d881: pre-vote campaign failed, waiting for election timeout: term=4 tally=1 refused=2 votesNeeded=2
2026-10-08T20:24:27.977+0800 [ERROR] server-635ca499-91b9-6c93-17bd-4fe16483b012: failed to heartbeat to: peer=befb3a6a-ea4f-2615-aaeb-c1cbf141d881 backoff time=25ms error="failed to connect to peer: befb3a6a-ea4f-2615-aaeb-c1cbf141d881"
2026-10-08T20:24:27.981+0800 [DEBUG] server-635ca499-91b9-6c93-17bd-4fe16483b012: failed to contact: server-id=server-befb3a6a-ea4f-2615-aaeb-c1cbf141d881 time=439.316225ms
2026-10-08T20:24:27.994+0800 [INFO]  cluster: stable state for Leader reached at 2026-10-08 20:24:27.889191474 +0800 CST m=+13.069160521 (1 nodes), highestTerm is 3, 1.447µs from start of poll, 745.682351ms from cluster start. Timeout at 2026-10-08 20:24:27.994203041 +0800 CST m=+13.174172169, 105.011648ms after stability
2026-10-08T20:24:27.997+0800 [INFO]  cluster: starting stability test: raft-state=Leader
2026-10-08T20:24:28.013+0800 [ERROR] server-635ca499-91b9-6c93-17bd-4fe16483b012: failed to heartbeat to: peer=befb3a6a-ea4f-2615-aaeb-c1cbf141d881 backoff time=25ms error="failed to connect to peer: befb3a6a-ea4f-2615-aaeb-c1cbf141d881"
2026-10-08T20:24:28.016+0800 [WARN]  server-befb3a6a-ea4f-2615-aaeb-c1cbf141d881: Election timeout reached, restarting election
2026-10-08T20:24:28.017+0800 [INFO]  server-befb3a6a-ea4f-2615-aaeb-c1cbf141d881: entering candidate state: node="Node at befb3a6a-ea4f-2615-aaeb-c1cbf141d881 [Candidate]" term=4
2026-10-08T20:24:28.017+0800 [DEBUG] server-befb3a6a-ea4f-2615-aaeb-c1cbf141d881: asking for pre-vote: term=4 from=server-635ca499-91b9-6c93-17bd-4fe16483b012 address=635ca499-91b9-6c93-17bd-4fe16483b012
2026-10-08T20:24:28.017+0800 [DEBUG] server-befb3a6a-ea4f-2615-aaeb-c1cbf141d881: asking for pre-vote: term=4 from=server-cada0649-3457-58ee-fc1d-5d8841004452 address=cada0649-3457-58ee-fc1d-5d8841004452
2026-10-08T20:24:28.017+0800 [DEBUG] server-befb3a6a-ea4f-2615-aaeb-c1cbf141d881: pre-voting for self: term=4 id=server-befb3a6a-ea4f-2615-aaeb-c1cbf141d881
2026-10-08T20:24:28.017+0800 [DEBUG] server-befb3a6a-ea4f-2615-aaeb-c1cbf141d881: calculated votes needed: needed=2 term=4
2026-10-08T20:24:28.017+0800 [DEBUG] server-befb3a6a-ea4f-2615-aaeb-c1cbf141d881: pre-vote received: from=server-befb3a6a-ea4f-2615-aaeb-c1cbf141d881 term=4 tally=0
2026-10-08T20:24:28.017+0800 [DEBUG] server-befb3a6a-ea4f-2615-aaeb-c1cbf141d881: pre-vote granted: from=server-befb3a6a-ea4f-2615-aaeb-c1cbf141d881 term=4 tally=1
2026-10-08T20:24:28.017+0800 [ERROR] server-befb3a6a-ea4f-2615-aaeb-c1cbf141d881: failed to make requestVote RPC: target="{Voter server-cada0649-3457-58ee-fc1d-5d8841004452 cada0649-3457-58ee-fc1d-5d8841004452}" error="failed to connect to peer: cada0649-3457-58ee-fc1d-5d8841004452" term=4
2026-10-08T20:24:28.017+0800 [DEBUG] server-befb3a6a-ea4f-2615-aaeb-c1cbf141d881: pre-vote received: from=server-cada0649-3457-58ee-fc1d-5d8841004452 term=4 tally=1
2026-10-08T20:24:28.017+0800 [DEBUG] server-befb3a6a-ea4f-2615-aaeb-c1cbf141d881: pre-vote denied: from=server-cada0649-3457-58ee-fc1d-5d8841004452 term=4 tally=1
2026-10-08T20:24:28.017+0800 [ERROR] server-befb3a6a-ea4f-2615-aaeb-c1cbf141d881: failed to make requestVote RPC: target="{Voter server-635ca499-91b9-6c93-17bd-4fe16483b012 635ca499-91b9-6c93-17bd-4fe16483b012}" error="failed to connect to peer: 635ca499-91b9-6c93-17bd-4fe16483b012" term=4
2026-10-08T20:24:28.017+0800 [DEBUG] server-befb3a6a-ea4f-2615-aaeb-c1cbf141d881: pre-vote received: from=server-635ca499-91b9-6c93-17bd-4fe16483b012 term=4 tally=1
2026-10-08T20:24:28.017+0800 [DEBUG] server-befb3a6a-ea4f-2615-aaeb-c1cbf141d881: pre-vote denied: from=server-635ca499-91b9-6c93-17bd-4fe16483b012 term=4 tally=1
2026-10-08T20:24:28.017+0800 [INFO]  server-befb3a6a-ea4f-2615-aaeb-c1cbf141d881: pre-vote campaign failed, waiting for election timeout: term=4 tally=1 refused=2 votesNeeded=2
2026-10-08T20:24:28.032+0800 [DEBUG] server-635ca499-91b9-6c93-17bd-4fe16483b012: failed to contact: server-id=server-befb3a6a-ea4f-2615-aaeb-c1cbf141d881 time=490.187926ms
2026-10-08T20:24:28.045+0800 [ERROR] server-635ca499-91b9-6c93-17bd-4fe16483b012: failed to heartbeat to: peer=befb3a6a-ea4f-2615-aaeb-c1cbf141d881 backoff time=25ms error="failed to connect to peer: befb3a6a-ea4f-2615-aaeb-c1cbf141d881"
2026-10-08T20:24:28.074+0800 [DEBUG] server-635ca499-91b9-6c93-17bd-4fe16483b012: failed to contact: server-id=server-befb3a6a-ea4f-2615-aaeb-c1cbf141d881 time=533.000587ms
2026-10-08T20:24:28.078+0800 [ERROR] server-635ca499-91b9-6c93-17bd-4fe16483b012: failed to heartbeat to: peer=befb3a6a-ea4f-2615-aaeb-c1cbf141d881 backoff time=25ms error="failed to connect to peer: befb3a6a-ea4f-2615-aaeb-c1cbf141d881"
2026-10-08T20:24:28.101+0800 [WARN]  server-befb3a6a-ea4f-2615-aaeb-c1cbf141d881: Election timeout reached, restarting election
2026-10-08T20:24:28.101+0800 [INFO]  server-befb3a6a-ea4f-2615-aaeb-c1cbf141d881: entering candidate state: node="Node at befb3a6a-ea4f-2615-aaeb-c1cbf141d881 [Candidate]" term=4
2026-10-08T20:24:28.101+0800 [DEBUG] server-befb3a6a-ea4f-2615-aaeb-c1cbf141d881: asking for pre-vote: term=4 from=server-635ca499-91b9-6c93-17bd-4fe16483b012 address=635ca499-91b9-6c93-17bd-4fe16483b012
2026-10-08T20:24:28.101+0800 [DEBUG] server-befb3a6a-ea4f-2615-aaeb-c1cbf141d881: asking for pre-vote: term=4 from=server-cada0649-3457-58ee-fc1d-5d8841004452 address=cada0649-3457-58ee-fc1d-5d8841004452
2026-10-08T20:24:28.101+0800 [DEBUG] server-befb3a6a-ea4f-2615-aaeb-c1cbf141d881: pre-voting for self: term=4 id=server-befb3a6a-ea4f-2615-aaeb-c1cbf141d881
2026-10-08T20:24:28.101+0800 [DEBUG] server-befb3a6a-ea4f-2615-aaeb-c1cbf141d881: calculated votes needed: needed=2 term=4
2026-10-08T20:24:28.101+0800 [DEBUG] server-befb3a6a-ea4f-2615-aaeb-c1cbf141d881: pre-vote received: from=server-befb3a6a-ea4f-2615-aaeb-c1cbf141d881 term=4 tally=0
2026-10-08T20:24:28.101+0800 [DEBUG] server-befb3a6a-ea4f-2615-aaeb-c1cbf141d881: pre-vote granted: from=server-befb3a6a-ea4f-2615-aaeb-c1cbf141d881 term=4 tally=1
2026-10-08T20:24:28.101+0800 [ERROR] server-befb3a6a-ea4f-2615-aaeb-c1cbf141d881: failed to make requestVote RPC: target="{Voter server-cada0649-3457-58ee-fc1d-5d8841004452 cada0649-3457-58ee-fc1d-5d8841004452}" error="failed to connect to peer: cada0649-3457-58ee-fc1d-5d8841004452" term=4
2026-10-08T20:24:28.101+0800 [ERROR] server-befb3a6a-ea4f-2615-aaeb-c1cbf141d881: failed to make requestVote RPC: target="{Voter server-635ca499-91b9-6c93-17bd-4fe16483b012 635ca499-91b9-6c93-17bd-4fe16483b012}" error="failed to connect to peer: 635ca499-91b9-6c93-17bd-4fe16483b012" term=4
2026-10-08T20:24:28.102+0800 [DEBUG] server-befb3a6a-ea4f-2615-aaeb-c1cbf141d881: pre-vote received: from=server-cada0649-3457-58ee-fc1d-5d8841004452 term=4 tally=1
2026-10-08T20:24:28.102+0800 [DEBUG] server-befb3a6a-ea4f-2615-aaeb-c1cbf141d881: pre-vote denied: from=server-cada0649-3457-58ee-fc1d-5d8841004452 term=4 tally=1
2026-10-08T20:24:28.102+0800 [DEBUG] server-befb3a6a-ea4f-2615-aaeb-c1cbf141d881: pre-vote received: from=server-635ca499-91b9-6c93-17bd-4fe16483b012 term=4 tally=1
2026-10-08T20:24:28.102+0800 [DEBUG] server-befb3a6a-ea4f-2615-aaeb-c1cbf141d881: pre-vote denied: from=server-635ca499-91b9-6c93-17bd-4fe16483b012 term=4 tally=1
2026-10-08T20:24:28.102+0800 [INFO]  server-befb3a6a-ea4f-2615-aaeb-c1cbf141d881: pre-vote campaign failed, waiting for election timeout: term=4 tally=1 refused=2 votesNeeded=2
2026-10-08T20:24:28.103+0800 [INFO]  cluster: stable state for Leader reached at 2026-10-08 20:24:27.997966819 +0800 CST m=+13.177935922 (1 nodes), highestTerm is 3, 2.032µs from start of poll, 854.457752ms from cluster start. Timeout at 2026-10-08 20:24:28.102980923 +0800 CST m=+13.282950051, 105.014129ms after stability
2026-10-08T20:24:28.110+0800 [ERROR] server-635ca499-91b9-6c93-17bd-4fe16483b012: failed to heartbeat to: peer=befb3a6a-ea4f-2615-aaeb-c1cbf141d881 backoff time=25ms error="failed to connect to peer: befb3a6a-ea4f-2615-aaeb-c1cbf141d881"
2026-10-08T20:24:28.110+0800 [DEBUG] cluster: fully connecting
2026-10-08T20:24:28.111+0800 [DEBUG] cluster: disconnecting: address=635ca499-91b9-6c93-17bd-4fe16483b012
2026-10-08T20:24:28.113+0800 [ERROR] server-635ca499-91b9-6c93-17bd-4fe16483b012: failed to pipeline appendEntries: peer="{Voter server-cada0649-3457-58ee-fc1d-5d8841004452 cada0649-3457-58ee-fc1d-5d8841004452}" error="append pipeline closed"
2026-10-08T20:24:28.113+0800 [INFO]  server-635ca499-91b9-6c93-17bd-4fe16483b012: aborting pipeline replication: peer="{Voter server-cada0649-3457-58ee-fc1d-5d8841004452 cada0649-3457-58ee-fc1d-5d8841004452}"
2026-10-08T20:24:28.114+0800 [ERROR] server-635ca499-91b9-6c93-17bd-4fe16483b012: failed to heartbeat to: peer=cada0649-3457-58ee-fc1d-5d8841004452 backoff time=10ms error="failed to connect to peer: cada0649-3457-58ee-fc1d-5d8841004452"
2026-10-08T20:24:28.119+0800 [DEBUG] server-635ca499-91b9-6c93-17bd-4fe16483b012: failed to contact: server-id=server-befb3a6a-ea4f-2615-aaeb-c1cbf141d881 time=577.954617ms
2026-10-08T20:24:28.120+0800 [INFO]  cluster: starting stability test: raft-state=Leader
2026-10-08T20:24:28.121+0800 [ERROR] server-635ca499-91b9-6c93-17bd-4fe16483b012: failed to appendEntries to: peer="{Voter server-cada0649-3457-58ee-fc1d-5d8841004452 cada0649-3457-58ee-fc1d-5d8841004452}" error="failed to connect to peer: cada0649-3457-58ee-fc1d-5d8841004452"
2026-10-08T20:24:28.130+0800 [ERROR] server-635ca499-91b9-6c93-17bd-4fe16483b012: failed to heartbeat to: peer=cada0649-3457-58ee-fc1d-5d8841004452 backoff time=10ms error="failed to connect to peer: cada0649-3457-58ee-fc1d-5d8841004452"
2026-10-08T20:24:28.138+0800 [ERROR] server-635ca499-91b9-6c93-17bd-4fe16483b012: failed to appendEntries to: peer="{Voter server-cada0649-3457-58ee-fc1d-5d8841004452 cada0649-3457-58ee-fc1d-5d8841004452}" error="failed to connect to peer: cada0649-3457-58ee-fc1d-5d8841004452"
2026-10-08T20:24:28.146+0800 [ERROR] server-635ca499-91b9-6c93-17bd-4fe16483b012: failed to heartbeat to: peer=befb3a6a-ea4f-2615-aaeb-c1cbf141d881 backoff time=25ms error="failed to connect to peer: befb3a6a-ea4f-2615-aaeb-c1cbf141d881"
2026-10-08T20:24:28.149+0800 [ERROR] server-635ca499-91b9-6c93-17bd-4fe16483b012: failed to heartbeat to: peer=cada0649-3457-58ee-fc1d-5d8841004452 backoff time=10ms error="failed to connect to peer: cada0649-3457-58ee-fc1d-5d8841004452"
2026-10-08T20:24:28.158+0800 [ERROR] server-635ca499-91b9-6c93-17bd-4fe16483b012: failed to appendEntries to: peer="{Voter server-cada0649-3457-58ee-fc1d-5d8841004452 cada0649-3457-58ee-fc1d-5d8841004452}" error="failed to connect to peer: cada0649-3457-58ee-fc1d-5d8841004452"
2026-10-08T20:24:28.159+0800 [WARN]  server-635ca499-91b9-6c93-17bd-4fe16483b012: failed to contact: server-id=server-cada0649-3457-58ee-fc1d-5d8841004452 time=50.651215ms
2026-10-08T20:24:28.159+0800 [DEBUG] server-635ca499-91b9-6c93-17bd-4fe16483b012: failed to contact: server-id=server-befb3a6a-ea4f-2615-aaeb-c1cbf141d881 time=617.955622ms
2026-10-08T20:24:28.159+0800 [WARN]  server-635ca499-91b9-6c93-17bd-4fe16483b012: failed to contact quorum of nodes, stepping down
2026-10-08T20:24:28.159+0800 [INFO]  server-635ca499-91b9-6c93-17bd-4fe16483b012: entering follower state: follower="Node at 635ca499-91b9-6c93-17bd-4fe16483b012 [Follower]" leader-address= leader-id=
2026-10-08T20:24:28.159+0800 [DEBUG] cluster: resetting stability timeout
2026-10-08T20:24:28.181+0800 [ERROR] server-635ca499-91b9-6c93-17bd-4fe16483b012: failed to heartbeat to: peer=befb3a6a-ea4f-2615-aaeb-c1cbf141d881 backoff time=25ms error="failed to connect to peer: befb3a6a-ea4f-2615-aaeb-c1cbf141d881"
2026-10-08T20:24:28.196+0800 [WARN]  server-befb3a6a-ea4f-2615-aaeb-c1cbf141d881: Election timeout reached, restarting election
2026-10-08T20:24:28.196+0800 [INFO]  server-befb3a6a-ea4f-2615-aaeb-c1cbf141d881: entering candidate state: node="Node at befb3a6a-ea4f-2615-aaeb-c1cbf141d881 [Candidate]" term=4
2026-10-08T20:24:28.196+0800 [DEBUG] server-befb3a6a-ea4f-2615-aaeb-c1cbf141d881: asking for pre-vote: term=4 from=server-635ca499-91b9-6c93-17bd-4fe16483b012 address=635ca499-91b9-6c93-17bd-4fe16483b012
2026-10-08T20:24:28.196+0800 [DEBUG] server-befb3a6a-ea4f-2615-aaeb-c1cbf141d881: asking for pre-vote: term=4 from=server-cada0649-3457-58ee-fc1d-5d8841004452 address=cada0649-3457-58ee-fc1d-5d8841004452
2026-10-08T20:24:28.196+0800 [DEBUG] server-befb3a6a-ea4f-2615-aaeb-c1cbf141d881: pre-voting for self: term=4 id=server-befb3a6a-ea4f-2615-aaeb-c1cbf141d881
2026-10-08T20:24:28.197+0800 [DEBUG] server-befb3a6a-ea4f-2615-aaeb-c1cbf141d881: calculated votes needed: needed=2 term=4
2026-10-08T20:24:28.197+0800 [DEBUG] server-befb3a6a-ea4f-2615-aaeb-c1cbf141d881: pre-vote received: from=server-befb3a6a-ea4f-2615-aaeb-c1cbf141d881 term=4 tally=0
2026-10-08T20:24:28.197+0800 [DEBUG] server-befb3a6a-ea4f-2615-aaeb-c1cbf141d881: pre-vote granted: from=server-befb3a6a-ea4f-2615-aaeb-c1cbf141d881 term=4 tally=1
2026-10-08T20:24:28.197+0800 [WARN]  server-cada0649-3457-58ee-fc1d-5d8841004452: rejecting pre-vote request since we have a leader: from=befb3a6a-ea4f-2615-aaeb-c1cbf141d881 leader=635ca499-91b9-6c93-17bd-4fe16483b012 leader-id=server-635ca499-91b9-6c93-17bd-4fe16483b012
2026-10-08T20:24:28.197+0800 [DEBUG] server-befb3a6a-ea4f-2615-aaeb-c1cbf141d881: pre-vote received: from=server-cada0649-3457-58ee-fc1d-5d8841004452 term=3 tally=1
2026-10-08T20:24:28.197+0800 [DEBUG] server-befb3a6a-ea4f-2615-aaeb-c1cbf141d881: pre-vote denied: from=server-cada0649-3457-58ee-fc1d-5d8841004452 term=3 tally=1
2026-10-08T20:24:28.197+0800 [ERROR] server-befb3a6a-ea4f-2615-aaeb-c1cbf141d881: failed to make requestVote RPC: target="{Voter server-635ca499-91b9-6c93-17bd-4fe16483b012 635ca499-91b9-6c93-17bd-4fe16483b012}" error="failed to connect to peer: 635ca499-91b9-6c93-17bd-4fe16483b012" term=4
2026-10-08T20:24:28.197+0800 [DEBUG] server-befb3a6a-ea4f-2615-aaeb-c1cbf141d881: pre-vote received: from=server-635ca499-91b9-6c93-17bd-4fe16483b012 term=4 tally=1
2026-10-08T20:24:28.197+0800 [DEBUG] server-befb3a6a-ea4f-2615-aaeb-c1cbf141d881: pre-vote denied: from=server-635ca499-91b9-6c93-17bd-4fe16483b012 term=4 tally=1
2026-10-08T20:24:28.197+0800 [INFO]  server-befb3a6a-ea4f-2615-aaeb-c1cbf141d881: pre-vote campaign failed, waiting for election timeout: term=4 tally=1 refused=2 votesNeeded=2
2026-10-08T20:24:28.217+0800 [ERROR] server-635ca499-91b9-6c93-17bd-4fe16483b012: failed to heartbeat to: peer=befb3a6a-ea4f-2615-aaeb-c1cbf141d881 backoff time=25ms error="failed to connect to peer: befb3a6a-ea4f-2615-aaeb-c1cbf141d881"
2026-10-08T20:24:28.220+0800 [WARN]  server-635ca499-91b9-6c93-17bd-4fe16483b012: heartbeat timeout reached, starting election: last-leader-addr= last-leader-id=
2026-10-08T20:24:28.220+0800 [INFO]  server-635ca499-91b9-6c93-17bd-4fe16483b012: entering candidate state: node="Node at 635ca499-91b9-6c93-17bd-4fe16483b012 [Candidate]" term=4
2026-10-08T20:24:28.220+0800 [DEBUG] server-635ca499-91b9-6c93-17bd-4fe16483b012: pre-voting for self: term=4 id=server-635ca499-91b9-6c93-17bd-4fe16483b012
2026-10-08T20:24:28.220+0800 [DEBUG] server-635ca499-91b9-6c93-17bd-4fe16483b012: asking for pre-vote: term=4 from=server-cada0649-3457-58ee-fc1d-5d8841004452 address=cada0649-3457-58ee-fc1d-5d8841004452
2026-10-08T20:24:28.220+0800 [DEBUG] server-635ca499-91b9-6c93-17bd-4fe16483b012: asking for pre-vote: term=4 from=server-befb3a6a-ea4f-2615-aaeb-c1cbf141d881 address=befb3a6a-ea4f-2615-aaeb-c1cbf141d881
2026-10-08T20:24:28.220+0800 [DEBUG] server-635ca499-91b9-6c93-17bd-4fe16483b012: calculated votes needed: needed=2 term=4
2026-10-08T20:24:28.220+0800 [DEBUG] server-635ca499-91b9-6c93-17bd-4fe16483b012: pre-vote received: from=server-635ca499-91b9-6c93-17bd-4fe16483b012 term=4 tally=0
2026-10-08T20:24:28.220+0800 [DEBUG] server-635ca499-91b9-6c93-17bd-4fe16483b012: pre-vote granted: from=server-635ca499-91b9-6c93-17bd-4fe16483b012 term=4 tally=1
2026-10-08T20:24:28.220+0800 [ERROR] server-635ca499-91b9-6c93-17bd-4fe16483b012: failed to make requestVote RPC: target="{Voter server-befb3a6a-ea4f-2615-aaeb-c1cbf141d881 befb3a6a-ea4f-2615-aaeb-c1cbf141d881}" error="failed to connect to peer: befb3a6a-ea4f-2615-aaeb-c1cbf141d881" term=4
2026-10-08T20:24:28.220+0800 [DEBUG] server-635ca499-91b9-6c93-17bd-4fe16483b012: pre-vote received: from=server-befb3a6a-ea4f-2615-aaeb-c1cbf141d881 term=4 tally=1
2026-10-08T20:24:28.220+0800 [DEBUG] server-635ca499-91b9-6c93-17bd-4fe16483b012: pre-vote denied: from=server-befb3a6a-ea4f-2615-aaeb-c1cbf141d881 term=4 tally=1
2026-10-08T20:24:28.220+0800 [ERROR] server-635ca499-91b9-6c93-17bd-4fe16483b012: failed to make requestVote RPC: target="{Voter server-cada0649-3457-58ee-fc1d-5d8841004452 cada0649-3457-58ee-fc1d-5d8841004452}" error="failed to connect to peer: cada0649-3457-58ee-fc1d-5d8841004452" term=4
2026-10-08T20:24:28.220+0800 [DEBUG] server-635ca499-91b9-6c93-17bd-4fe16483b012: pre-vote received: from=server-cada0649-3457-58ee-fc1d-5d8841004452 term=4 tally=1
2026-10-08T20:24:28.220+0800 [DEBUG] server-635ca499-91b9-6c93-17bd-4fe16483b012: pre-vote denied: from=server-cada0649-3457-58ee-fc1d-5d8841004452 term=4 tally=1
2026-10-08T20:24:28.220+0800 [INFO]  server-635ca499-91b9-6c93-17bd-4fe16483b012: pre-vote campaign failed, waiting for election timeout: term=4 tally=1 refused=2 votesNeeded=2
2026-10-08T20:24:28.220+0800 [DEBUG] cluster: resetting stability timeout
2026-10-08T20:24:28.222+0800 [WARN]  server-cada0649-3457-58ee-fc1d-5d8841004452: heartbeat timeout reached, starting election: last-leader-addr=635ca499-91b9-6c93-17bd-4fe16483b012 last-leader-id=server-635ca499-91b9-6c93-17bd-4fe16483b012
2026-10-08T20:24:28.222+0800 [DEBUG] cluster: resetting stability timeout
2026-10-08T20:24:28.222+0800 [INFO]  server-cada0649-3457-58ee-fc1d-5d8841004452: entering candidate state: node="Node at cada0649-3457-58ee-fc1d-5d8841004452 [Candidate]" term=4
2026-10-08T20:24:28.222+0800 [DEBUG] server-cada0649-3457-58ee-fc1d-5d8841004452: asking for pre-vote: term=4 from=server-635ca499-91b9-6c93-17bd-4fe16483b012 address=635ca499-91b9-6c93-17bd-4fe16483b012
2026-10-08T20:24:28.222+0800 [DEBUG] server-cada0649-3457-58ee-fc1d-5d8841004452: pre-voting for self: term=4 id=server-cada0649-3457-58ee-fc1d-5d8841004452
2026-10-08T20:24:28.222+0800 [DEBUG] server-cada0649-3457-58ee-fc1d-5d8841004452: asking for pre-vote: term=4 from=server-befb3a6a-ea4f-2615-aaeb-c1cbf141d881 address=befb3a6a-ea4f-2615-aaeb-c1cbf141d881
2026-10-08T20:24:28.222+0800 [DEBUG] server-cada0649-3457-58ee-fc1d-5d8841004452: calculated votes needed: needed=2 term=4
2026-10-08T20:24:28.222+0800 [DEBUG] server-cada0649-3457-58ee-fc1d-5d8841004452: pre-vote received: from=server-cada0649-3457-58ee-fc1d-5d8841004452 term=4 tally=0
2026-10-08T20:24:28.222+0800 [DEBUG] server-cada0649-3457-58ee-fc1d-5d8841004452: pre-vote granted: from=server-cada0649-3457-58ee-fc1d-5d8841004452 term=4 tally=1
2026-10-08T20:24:28.222+0800 [DEBUG] server-befb3a6a-ea4f-2615-aaeb-c1cbf141d881: received a requestPreVote with a newer term, grant the pre-vote
2026-10-08T20:24:28.222+0800 [DEBUG] server-cada0649-3457-58ee-fc1d-5d8841004452: pre-vote received: from=server-befb3a6a-ea4f-2615-aaeb-c1cbf141d881 term=4 tally=1
2026-10-08T20:24:28.222+0800 [DEBUG] server-cada0649-3457-58ee-fc1d-5d8841004452: pre-vote granted: from=server-befb3a6a-ea4f-2615-aaeb-c1cbf141d881 term=4 tally=2
2026-10-08T20:24:28.222+0800 [INFO]  server-cada0649-3457-58ee-fc1d-5d8841004452: pre-vote successful, starting election: term=4 tally=2 refused=0 votesNeeded=2
2026-10-08T20:24:28.222+0800 [DEBUG] server-cada0649-3457-58ee-fc1d-5d8841004452: asking for vote: term=4 from=server-635ca499-91b9-6c93-17bd-4fe16483b012 address=635ca499-91b9-6c93-17bd-4fe16483b012
2026-10-08T20:24:28.222+0800 [DEBUG] server-cada0649-3457-58ee-fc1d-5d8841004452: voting for self: term=4 id=server-cada0649-3457-58ee-fc1d-5d8841004452
2026-10-08T20:24:28.222+0800 [DEBUG] server-cada0649-3457-58ee-fc1d-5d8841004452: asking for vote: term=4 from=server-befb3a6a-ea4f-2615-aaeb-c1cbf141d881 address=befb3a6a-ea4f-2615-aaeb-c1cbf141d881
2026-10-08T20:24:28.222+0800 [DEBUG] server-cada0649-3457-58ee-fc1d-5d8841004452: vote granted: from=server-cada0649-3457-58ee-fc1d-5d8841004452 term=4 tally=1
2026-10-08T20:24:28.222+0800 [DEBUG] server-befb3a6a-ea4f-2615-aaeb-c1cbf141d881: lost leadership because received a requestVote with a newer term
2026-10-08T20:24:28.222+0800 [INFO]  server-befb3a6a-ea4f-2615-aaeb-c1cbf141d881: entering follower state: follower="Node at befb3a6a-ea4f-2615-aaeb-c1cbf141d881 [Follower]" leader-address= leader-id=
2026-10-08T20:24:28.222+0800 [DEBUG] server-cada0649-3457-58ee-fc1d-5d8841004452: vote granted: from=server-befb3a6a-ea4f-2615-aaeb-c1cbf141d881 term=4 tally=2
2026-10-08T20:24:28.222+0800 [INFO]  server-cada0649-3457-58ee-fc1d-5d8841004452: election won: term=4 tally=2
2026-10-08T20:24:28.222+0800 [INFO]  server-cada0649-3457-58ee-fc1d-5d8841004452: entering leader state: leader="Node at cada0649-3457-58ee-fc1d-5d8841004452 [Leader]"
2026-10-08T20:24:28.222+0800 [INFO]  server-cada0649-3457-58ee-fc1d-5d8841004452: added peer, starting replication: peer=server-635ca499-91b9-6c93-17bd-4fe16483b012
2026-10-08T20:24:28.222+0800 [INFO]  server-cada0649-3457-58ee-fc1d-5d8841004452: added peer, starting replication: peer=server-befb3a6a-ea4f-2615-aaeb-c1cbf141d881
2026-10-08T20:24:28.222+0800 [WARN]  server-befb3a6a-ea4f-2615-aaeb-c1cbf141d881: failed to get previous log: previous-index=8 last-index=4 error="log not found"
2026-10-08T20:24:28.222+0800 [WARN]  server-cada0649-3457-58ee-fc1d-5d8841004452: appendEntries rejected, sending older logs: peer="{Voter server-befb3a6a-ea4f-2615-aaeb-c1cbf141d881 befb3a6a-ea4f-2615-aaeb-c1cbf141d881}" next=5
2026-10-08T20:24:28.223+0800 [INFO]  server-cada0649-3457-58ee-fc1d-5d8841004452: pipelining replication: peer="{Voter server-befb3a6a-ea4f-2615-aaeb-c1cbf141d881 befb3a6a-ea4f-2615-aaeb-c1cbf141d881}"
2026-10-08T20:24:28.223+0800 [ERROR] server-cada0649-3457-58ee-fc1d-5d8841004452: failed to make requestVote RPC: target="{Voter server-635ca499-91b9-6c93-17bd-4fe16483b012 635ca499-91b9-6c93-17bd-4fe16483b012}" error="failed to connect to peer: 635ca499-91b9-6c93-17bd-4fe16483b012" term=4
2026-10-08T20:24:28.223+0800 [ERROR] server-cada0649-3457-58ee-fc1d-5d8841004452: failed to make requestVote RPC: target="{Voter server-635ca499-91b9-6c93-17bd-4fe16483b012 635ca499-91b9-6c93-17bd-4fe16483b012}" error="failed to connect to peer: 635ca499-91b9-6c93-17bd-4fe16483b012" term=4
2026-10-08T20:24:28.223+0800 [DEBUG] cluster: resetting stability timeout
2026-10-08T20:24:28.223+0800 [DEBUG] cluster: resetting stability timeout
2026-10-08T20:24:28.223+0800 [DEBUG] cluster: resetting stability timeout
2026-10-08T20:24:28.223+0800 [ERROR] server-cada0649-3457-58ee-fc1d-5d8841004452: failed to appendEntries to: peer="{Voter server-635ca499-91b9-6c93-17bd-4fe16483b012 635ca499-91b9-6c93-17bd-4fe16483b012}" error="failed to connect to peer: 635ca499-91b9-6c93-17bd-4fe16483b012"
2026-10-08T20:24:28.233+0800 [ERROR] server-cada0649-3457-58ee-fc1d-5d8841004452: failed to heartbeat to: peer=635ca499-91b9-6c93-17bd-4fe16483b012 backoff time=10ms error="failed to connect to peer: 635ca499-91b9-6c93-17bd-4fe16483b012"
2026-10-08T20:24:28.242+0800 [ERROR] server-cada0649-3457-58ee-fc1d-5d8841004452: failed to appendEntries to: peer="{Voter server-635ca499-91b9-6c93-17bd-4fe16483b012 635ca499-91b9-6c93-17bd-4fe16483b012}" error="failed to connect to peer: 635ca499-91b9-6c93-17bd-4fe16483b012"
2026-10-08T20:24:28.252+0800 [ERROR] server-635ca499-91b9-6c93-17bd-4fe16483b012: failed to heartbeat to: peer=befb3a6a-ea4f-2615-aaeb-c1cbf141d881 backoff time=25ms error="failed to connect to peer: befb3a6a-ea4f-2615-aaeb-c1cbf141d881"
2026-10-08T20:24:28.254+0800 [ERROR] server-cada0649-3457-58ee-fc1d-5d8841004452: failed to heartbeat to: peer=635ca499-91b9-6c93-17bd-4fe16483b012 backoff time=10ms error="failed to connect to peer: 635ca499-91b9-6c93-17bd-4fe16483b012"
2026-10-08T20:24:28.257+0800 [ERROR] server-635ca499-91b9-6c93-17bd-4fe16483b012: failed to appendEntries to: peer="{Voter server-befb3a6a-ea4f-2615-aaeb-c1cbf141d881 befb3a6a-ea4f-2615-aaeb-c1cbf141d881}" error="failed to connect to peer: befb3a6a-ea4f-2615-aaeb-c1cbf141d881"
2026-10-08T20:24:28.258+0800 [ERROR] server-cada0649-3457-58ee-fc1d-5d8841004452: failed to appendEntries to: peer="{Voter server-635ca499-91b9-6c93-17bd-4fe16483b012 635ca499-91b9-6c93-17bd-4fe16483b012}" error="failed to connect to peer: 635ca499-91b9-6c93-17bd-4fe16483b012"
2026-10-08T20:24:28.272+0800 [ERROR] server-cada0649-3457-58ee-fc1d-5d8841004452: failed to heartbeat to: peer=635ca499-91b9-6c93-17bd-4fe16483b012 backoff time=10ms error="failed to connect to peer: 635ca499-91b9-6c93-17bd-4fe16483b012"
2026-10-08T20:24:28.273+0800 [WARN]  server-cada0649-3457-58ee-fc1d-5d8841004452: failed to contact: server-id=server-635ca499-91b9-6c93-17bd-4fe16483b012 time=50.176211ms
2026-10-08T20:24:28.278+0800 [WARN]  server-635ca499-91b9-6c93-17bd-4fe16483b012: Election timeout reached, restarting election
2026-10-08T20:24:28.278+0800 [INFO]  server-635ca499-91b9-6c93-17bd-4fe16483b012: entering candidate state: node="Node at 635ca499-91b9-6c93-17bd-4fe16483b012 [Candidate]" term=4
2026-10-08T20:24:28.278+0800 [DEBUG] server-635ca499-91b9-6c93-17bd-4fe16483b012: pre-voting for self: term=4 id=server-635ca499-91b9-6c93-17bd-4fe16483b012
2026-10-08T20:24:28.278+0800 [DEBUG] server-635ca499-91b9-6c93-17bd-4fe16483b012: asking for pre-vote: term=4 from=server-cada0649-3457-58ee-fc1d-5d8841004452 address=cada0649-3457-58ee-fc1d-5d8841004452
2026-10-08T20:24:28.278+0800 [DEBUG] server-635ca499-91b9-6c93-17bd-4fe16483b012: asking for pre-vote: term=4 from=server-befb3a6a-ea4f-2615-aaeb-c1cbf141d881 address=befb3a6a-ea4f-2615-aaeb-c1cbf141d881
2026-10-08T20:24:28.278+0800 [DEBUG] server-635ca499-91b9-6c93-17bd-4fe16483b012: calculated votes needed: needed=2 term=4
2026-10-08T20:24:28.278+0800 [DEBUG] server-635ca499-91b9-6c93-17bd-4fe16483b012: pre-vote received: from=server-635ca499-91b9-6c93-17bd-4fe16483b012 term=4 tally=0
2026-10-08T20:24:28.278+0800 [DEBUG] server-635ca499-91b9-6c93-17bd-4fe16483b012: pre-vote granted: from=server-635ca499-91b9-6c93-17bd-4fe16483b012 term=4 tally=1
2026-10-08T20:24:28.278+0800 [ERROR] server-635ca499-91b9-6c93-17bd-4fe16483b012: failed to make requestVote RPC: target="{Voter server-befb3a6a-ea4f-2615-aaeb-c1cbf141d881 befb3a6a-ea4f-2615-aaeb-c1cbf141d881}" error="failed to connect to peer: befb3a6a-ea4f-2615-aaeb-c1cbf141d881" term=4
2026-10-08T20:24:28.278+0800 [DEBUG] server-635ca499-91b9-6c93-17bd-4fe16483b012: pre-vote received: from=server-befb3a6a-ea4f-2615-aaeb-c1cbf141d881 term=4 tally=1
2026-10-08T20:24:28.278+0800 [DEBUG] server-635ca499-91b9-6c93-17bd-4fe16483b012: pre-vote denied: from=server-befb3a6a-ea4f-2615-aaeb-c1cbf141d881 term=4 tally=1
2026-10-08T20:24:28.278+0800 [ERROR] server-635ca499-91b9-6c93-17bd-4fe16483b012: failed to make requestVote RPC: target="{Voter server-cada0649-3457-58ee-fc1d-5d8841004452 cada0649-3457-58ee-fc1d-5d8841004452}" error="failed to connect to peer: cada0649-3457-58ee-fc1d-5d8841004452" term=4
2026-10-08T20:24:28.278+0800 [DEBUG] server-635ca499-91b9-6c93-17bd-4fe16483b012: pre-vote received: from=server-cada0649-3457-58ee-fc1d-5d8841004452 term=4 tally=1
2026-10-08T20:24:28.278+0800 [DEBUG] server-635ca499-91b9-6c93-17bd-4fe16483b012: pre-vote denied: from=server-cada0649-3457-58ee-fc1d-5d8841004452 term=4 tally=1
2026-10-08T20:24:28.278+0800 [INFO]  server-635ca499-91b9-6c93-17bd-4fe16483b012: pre-vote campaign failed, waiting for election timeout: term=4 tally=1 refused=2 votesNeeded=2
2026-10-08T20:24:28.287+0800 [ERROR] server-635ca499-91b9-6c93-17bd-4fe16483b012: failed to heartbeat to: peer=befb3a6a-ea4f-2615-aaeb-c1cbf141d881 backoff time=25ms error="failed to connect to peer: befb3a6a-ea4f-2615-aaeb-c1cbf141d881"
2026-10-08T20:24:28.289+0800 [ERROR] server-cada0649-3457-58ee-fc1d-5d8841004452: failed to appendEntries to: peer="{Voter server-635ca499-91b9-6c93-17bd-4fe16483b012 635ca499-91b9-6c93-17bd-4fe16483b012}" error="failed to connect to peer: 635ca499-91b9-6c93-17bd-4fe16483b012"
2026-10-08T20:24:28.293+0800 [ERROR] server-cada0649-3457-58ee-fc1d-5d8841004452: failed to heartbeat to: peer=635ca499-91b9-6c93-17bd-4fe16483b012 backoff time=20ms error="failed to connect to peer: 635ca499-91b9-6c93-17bd-4fe16483b012"
2026-10-08T20:24:28.318+0800 [ERROR] server-635ca499-91b9-6c93-17bd-4fe16483b012: failed to heartbeat to: peer=befb3a6a-ea4f-2615-aaeb-c1cbf141d881 backoff time=25ms error="failed to connect to peer: befb3a6a-ea4f-2615-aaeb-c1cbf141d881"
2026-10-08T20:24:28.321+0800 [ERROR] server-cada0649-3457-58ee-fc1d-5d8841004452: failed to heartbeat to: peer=635ca499-91b9-6c93-17bd-4fe16483b012 backoff time=25ms error="failed to connect to peer: 635ca499-91b9-6c93-17bd-4fe16483b012"
2026-10-08T20:24:28.321+0800 [WARN]  server-cada0649-3457-58ee-fc1d-5d8841004452: failed to contact: server-id=server-635ca499-91b9-6c93-17bd-4fe16483b012 time=98.682945ms
2026-10-08T20:24:28.329+0800 [INFO]  cluster: stable state for Leader reached at 2026-10-08 20:24:28.223381912 +0800 CST m=+13.403350957 (1 nodes), highestTerm is 4, 103.308885ms from start of poll, 1.079872787s from cluster start. Timeout at 2026-10-08 20:24:28.328383496 +0800 CST m=+13.508352508, 105.001551ms after stability
2026-10-08T20:24:28.329+0800 [WARN]  server-635ca499-91b9-6c93-17bd-4fe16483b012: Election timeout reached, restarting election
2026-10-08T20:24:28.329+0800 [INFO]  server-635ca499-91b9-6c93-17bd-4fe16483b012: entering candidate state: node="Node at 635ca499-91b9-6c93-17bd-4fe16483b012 [Candidate]" term=4
2026-10-08T20:24:28.329+0800 [DEBUG] server-635ca499-91b9-6c93-17bd-4fe16483b012: pre-voting for self: term=4 id=server-635ca499-91b9-6c93-17bd-4fe16483b012
2026-10-08T20:24:28.329+0800 [DEBUG] server-635ca499-91b9-6c93-17bd-4fe16483b012: asking for pre-vote: term=4 from=server-cada0649-3457-58ee-fc1d-5d8841004452 address=cada0649-3457-58ee-fc1d-5d8841004452
2026-10-08T20:24:28.329+0800 [DEBUG] server-635ca499-91b9-6c93-17bd-4fe16483b012: asking for pre-vote: term=4 from=server-befb3a6a-ea4f-2615-aaeb-c1cbf141d881 address=befb3a6a-ea4f-2615-aaeb-c1cbf141d881
2026-10-08T20:24:28.329+0800 [DEBUG] server-635ca499-91b9-6c93-17bd-4fe16483b012: calculated votes needed: needed=2 term=4
2026-10-08T20:24:28.329+0800 [DEBUG] server-635ca499-91b9-6c93-17bd-4fe16483b012: pre-vote received: from=server-635ca499-91b9-6c93-17bd-4fe16483b012 term=4 tally=0
2026-10-08T20:24:28.329+0800 [DEBUG] server-635ca499-91b9-6c93-17bd-4fe16483b012: pre-vote granted: from=server-635ca499-91b9-6c93-17bd-4fe16483b012 term=4 tally=1
2026-10-08T20:24:28.329+0800 [ERROR] server-635ca499-91b9-6c93-17bd-4fe16483b012: failed to make requestVote RPC: target="{Voter server-befb3a6a-ea4f-2615-aaeb-c1cbf141d881 befb3a6a-ea4f-2615-aaeb-c1cbf141d881}" error="failed to connect to peer: befb3a6a-ea4f-2615-aaeb-c1cbf141d881" term=4
2026-10-08T20:24:28.330+0800 [DEBUG] server-635ca499-91b9-6c93-17bd-4fe16483b012: pre-vote received: from=server-befb3a6a-ea4f-2615-aaeb-c1cbf141d881 term=4 tally=1
2026-10-08T20:24:28.330+0800 [DEBUG] server-635ca499-91b9-6c93-17bd-4fe16483b012: pre-vote denied: from=server-befb3a6a-ea4f-2615-aaeb-c1cbf141d881 term=4 tally=1
2026-10-08T20:24:28.329+0800 [ERROR] server-635ca499-91b9-6c93-17bd-4fe16483b012: failed to make requestVote RPC: target="{Voter server-cada0649-3457-58ee-fc1d-5d8841004452 cada0649-3457-58ee-fc1d-5d8841004452}" error="failed to connect to peer: cada0649-3457-58ee-fc1d-5d8841004452" term=4
2026-10-08T20:24:28.330+0800 [DEBUG] server-635ca499-91b9-6c93-17bd-4fe16483b012: pre-vote received: from=server-cada0649-3457-58ee-fc1d-5d8841004452 term=4 tally=1
2026-10-08T20:24:28.330+0800 [DEBUG] server-635ca499-91b9-6c93-17bd-4fe16483b012: pre-vote denied: from=server-cada0649-3457-58ee-fc1d-5d8841004452 term=4 tally=1
2026-10-08T20:24:28.330+0800 [INFO]  server-635ca499-91b9-6c93-17bd-4fe16483b012: pre-vote campaign failed, waiting for election timeout: term=4 tally=1 refused=2 votesNeeded=2
2026-10-08T20:24:28.337+0800 [DEBUG] cluster: fully connecting
2026-10-08T20:24:28.339+0800 [INFO]  server-635ca499-91b9-6c93-17bd-4fe16483b012: entering follower state: follower="Node at 635ca499-91b9-6c93-17bd-4fe16483b012 [Follower]" leader-address=cada0649-3457-58ee-fc1d-5d8841004452 leader-id=server-cada0649-3457-58ee-fc1d-5d8841004452
2026-10-08T20:24:28.339+0800 [INFO]  server-cada0649-3457-58ee-fc1d-5d8841004452: pipelining replication: peer="{Voter server-635ca499-91b9-6c93-17bd-4fe16483b012 635ca499-91b9-6c93-17bd-4fe16483b012}"
2026-10-08T20:24:28.340+0800 [INFO]  cluster: starting stability test: raft-state=Leader
2026-10-08T20:24:28.340+0800 [DEBUG] cluster: resetting stability timeout
2026-10-08T20:24:28.447+0800 [INFO]  cluster: stable state for Leader reached at 2026-10-08 20:24:28.340494481 +0800 CST m=+13.520463602 (1 nodes), highestTerm is 4, 65.041µs from start of poll, 1.196985432s from cluster start. Timeout at 2026-10-08 20:24:28.445506294 +0800 CST m=+13.625475380, 105.011778ms after stability
2026-10-08T20:24:28.452+0800 [INFO]  cluster: starting stability test: raft-state=Leader
2026-10-08T20:24:28.558+0800 [INFO]  cluster: stable state for Leader reached at 2026-10-08 20:24:28.452927357 +0800 CST m=+13.632896481 (1 nodes), highestTerm is 4, 1.905µs from start of poll, 1.309418311s from cluster start. Timeout at 2026-10-08 20:24:28.557934975 +0800 CST m=+13.737903951, 105.00747ms after stability
2026-10-08T20:24:28.565+0800 [INFO]  cluster: starting stability test: raft-state=Leader
2026-10-08T20:24:28.671+0800 [INFO]  cluster: stable state for Leader reached at 2026-10-08 20:24:28.565673518 +0800 CST m=+13.745642450 (1 nodes), highestTerm is 4, 768ns from start of poll, 1.42216428s from cluster start. Timeout at 2026-10-08 20:24:28.6706956 +0800 CST m=+13.850664729, 105.022279ms after stability
2026-10-08T20:24:28.673+0800 [INFO]  cluster: starting stability test: raft-state=Leader
2026-10-08T20:24:28.778+0800 [INFO]  cluster: stable state for Leader reached at 2026-10-08 20:24:28.673630848 +0800 CST m=+13.853599863 (1 nodes), highestTerm is 4, 1.527µs from start of poll, 1.530121693s from cluster start. Timeout at 2026-10-08 20:24:28.778642564 +0800 CST m=+13.958611646, 105.011783ms after stability
2026-10-08T20:24:28.786+0800 [DEBUG] cluster: fully connecting
2026-10-08T20:24:28.793+0800 [INFO]  cluster: starting stability test: raft-state=Leader
2026-10-08T20:24:28.898+0800 [ERROR] server-635ca499-91b9-6c93-17bd-4fe16483b012: peer has newer term, stopping replication: peer="{Voter server-befb3a6a-ea4f-2615-aaeb-c1cbf141d881 befb3a6a-ea4f-2615-aaeb-c1cbf141d881}"
2026-10-08T20:24:28.898+0800 [INFO]  cluster: stable state for Leader reached at 2026-10-08 20:24:28.79333036 +0800 CST m=+13.973299300 (1 nodes), highestTerm is 4, 782ns from start of poll, 1.64982113s from cluster start. Timeout at 2026-10-08 20:24:28.898349016 +0800 CST m=+14.078318141, 105.018841ms after stability
2026-10-08T20:24:28.899+0800 [INFO]  server-cada0649-3457-58ee-fc1d-5d8841004452: starting snapshot up to: index=14
2026-10-08T20:24:28.899+0800 [INFO]  creating new snapshot: path=/home/nitro/Desktop/consensus-assurance/baseline/runs/2026-10-08_19-48-15-hashicorp_raft-baseline/work/.runtime/tmp/raft2432263939/snapshots/4-14-1791462268899.tmp
2026-10-08T20:24:28.902+0800 [INFO]  server-cada0649-3457-58ee-fc1d-5d8841004452: compacting logs: from=1 to=4
2026-10-08T20:24:28.902+0800 [INFO]  server-cada0649-3457-58ee-fc1d-5d8841004452: snapshot complete up to: index=14
2026-10-08T20:24:28.905+0800 [INFO]  cluster: starting stability test: raft-state=Leader
2026-10-08T20:24:29.010+0800 [INFO]  cluster: stable state for Leader reached at 2026-10-08 20:24:28.905596328 +0800 CST m=+14.085565349 (1 nodes), highestTerm is 4, 1.354µs from start of poll, 1.762087179s from cluster start. Timeout at 2026-10-08 20:24:29.010614915 +0800 CST m=+14.190584028, 105.018679ms after stability
2026-10-08T20:24:29.011+0800 [DEBUG] server-cada0649-3457-58ee-fc1d-5d8841004452: starting leadership transfer: id=<nil> address=<nil>
2026-10-08T20:24:29.011+0800 [INFO]  server-635ca499-91b9-6c93-17bd-4fe16483b012: entering candidate state: node="Node at 635ca499-91b9-6c93-17bd-4fe16483b012 [Candidate]" term=5
2026-10-08T20:24:29.011+0800 [DEBUG] server-635ca499-91b9-6c93-17bd-4fe16483b012: voting for self: term=5 id=server-635ca499-91b9-6c93-17bd-4fe16483b012
2026-10-08T20:24:29.011+0800 [DEBUG] server-635ca499-91b9-6c93-17bd-4fe16483b012: asking for vote: term=5 from=server-cada0649-3457-58ee-fc1d-5d8841004452 address=cada0649-3457-58ee-fc1d-5d8841004452
2026-10-08T20:24:29.011+0800 [DEBUG] server-635ca499-91b9-6c93-17bd-4fe16483b012: asking for vote: term=5 from=server-befb3a6a-ea4f-2615-aaeb-c1cbf141d881 address=befb3a6a-ea4f-2615-aaeb-c1cbf141d881
2026-10-08T20:24:29.011+0800 [DEBUG] server-635ca499-91b9-6c93-17bd-4fe16483b012: calculated votes needed: needed=2 term=5
2026-10-08T20:24:29.011+0800 [DEBUG] server-635ca499-91b9-6c93-17bd-4fe16483b012: vote granted: from=server-635ca499-91b9-6c93-17bd-4fe16483b012 term=5 tally=1
2026-10-08T20:24:29.011+0800 [DEBUG] server-befb3a6a-ea4f-2615-aaeb-c1cbf141d881: lost leadership because received a requestVote with a newer term
2026-10-08T20:24:29.011+0800 [DEBUG] server-635ca499-91b9-6c93-17bd-4fe16483b012: vote granted: from=server-befb3a6a-ea4f-2615-aaeb-c1cbf141d881 term=5 tally=2
2026-10-08T20:24:29.011+0800 [INFO]  server-635ca499-91b9-6c93-17bd-4fe16483b012: election won: term=5 tally=2
2026-10-08T20:24:29.011+0800 [INFO]  server-635ca499-91b9-6c93-17bd-4fe16483b012: entering leader state: leader="Node at 635ca499-91b9-6c93-17bd-4fe16483b012 [Leader]"
2026-10-08T20:24:29.012+0800 [INFO]  server-635ca499-91b9-6c93-17bd-4fe16483b012: added peer, starting replication: peer=server-cada0649-3457-58ee-fc1d-5d8841004452
2026-10-08T20:24:29.012+0800 [INFO]  server-635ca499-91b9-6c93-17bd-4fe16483b012: added peer, starting replication: peer=server-befb3a6a-ea4f-2615-aaeb-c1cbf141d881
2026-10-08T20:24:29.013+0800 [INFO]  server-635ca499-91b9-6c93-17bd-4fe16483b012: pipelining replication: peer="{Voter server-befb3a6a-ea4f-2615-aaeb-c1cbf141d881 befb3a6a-ea4f-2615-aaeb-c1cbf141d881}"
2026-10-08T20:24:29.012+0800 [DEBUG] server-cada0649-3457-58ee-fc1d-5d8841004452: lost leadership because received a requestVote with a newer term
2026-10-08T20:24:29.015+0800 [INFO]  server-cada0649-3457-58ee-fc1d-5d8841004452: entering follower state: follower="Node at cada0649-3457-58ee-fc1d-5d8841004452 [Follower]" leader-address= leader-id=
2026-10-08T20:24:29.015+0800 [DEBUG] server-cada0649-3457-58ee-fc1d-5d8841004452: lost leadership during transfer (expected)
2026-10-08T20:24:29.015+0800 [INFO]  server-635ca499-91b9-6c93-17bd-4fe16483b012: pipelining replication: peer="{Voter server-cada0649-3457-58ee-fc1d-5d8841004452 cada0649-3457-58ee-fc1d-5d8841004452}"
2026-10-08T20:24:29.015+0800 [INFO]  server-cada0649-3457-58ee-fc1d-5d8841004452: aborting pipeline replication: peer="{Voter server-635ca499-91b9-6c93-17bd-4fe16483b012 635ca499-91b9-6c93-17bd-4fe16483b012}"
2026-10-08T20:24:29.016+0800 [INFO]  server-cada0649-3457-58ee-fc1d-5d8841004452: aborting pipeline replication: peer="{Voter server-befb3a6a-ea4f-2615-aaeb-c1cbf141d881 befb3a6a-ea4f-2615-aaeb-c1cbf141d881}"
2026-10-08T20:24:29.020+0800 [INFO]  cluster: starting stability test: raft-state=Leader
2026-10-08T20:24:29.021+0800 [DEBUG] cluster: resetting stability timeout
2026-10-08T20:24:29.021+0800 [DEBUG] cluster: resetting stability timeout
2026-10-08T20:24:29.021+0800 [DEBUG] cluster: resetting stability timeout
2026-10-08T20:24:29.021+0800 [DEBUG] cluster: resetting stability timeout
2026-10-08T20:24:29.021+0800 [DEBUG] cluster: resetting stability timeout
2026-10-08T20:24:29.126+0800 [INFO]  cluster: stable state for Leader reached at 2026-10-08 20:24:29.021389476 +0800 CST m=+14.201358597 (1 nodes), highestTerm is 5, 215.352µs from start of poll, 1.877880427s from cluster start. Timeout at 2026-10-08 20:24:29.126400571 +0800 CST m=+14.306369565, 105.010968ms after stability
2026-10-08T20:24:29.134+0800 [DEBUG] cluster: fully connecting
2026-10-08T20:24:29.137+0800 [INFO]  cluster: starting stability test: raft-state=Leader
2026-10-08T20:24:29.242+0800 [INFO]  cluster: stable state for Leader reached at 2026-10-08 20:24:29.13759457 +0800 CST m=+14.317563501 (1 nodes), highestTerm is 5, 582ns from start of poll, 1.994085331s from cluster start. Timeout at 2026-10-08 20:24:29.242618931 +0800 CST m=+14.422587992, 105.024491ms after stability
2026-10-08T20:24:29.242+0800 [DEBUG] server-635ca499-91b9-6c93-17bd-4fe16483b012: starting leadership transfer: id=<nil> address=<nil>
2026-10-08T20:24:29.243+0800 [INFO]  server-cada0649-3457-58ee-fc1d-5d8841004452: entering candidate state: node="Node at cada0649-3457-58ee-fc1d-5d8841004452 [Candidate]" term=6
2026-10-08T20:24:29.243+0800 [DEBUG] server-cada0649-3457-58ee-fc1d-5d8841004452: asking for vote: term=6 from=server-635ca499-91b9-6c93-17bd-4fe16483b012 address=635ca499-91b9-6c93-17bd-4fe16483b012
2026-10-08T20:24:29.243+0800 [DEBUG] server-cada0649-3457-58ee-fc1d-5d8841004452: voting for self: term=6 id=server-cada0649-3457-58ee-fc1d-5d8841004452
2026-10-08T20:24:29.243+0800 [DEBUG] server-cada0649-3457-58ee-fc1d-5d8841004452: asking for vote: term=6 from=server-befb3a6a-ea4f-2615-aaeb-c1cbf141d881 address=befb3a6a-ea4f-2615-aaeb-c1cbf141d881
2026-10-08T20:24:29.243+0800 [DEBUG] server-cada0649-3457-58ee-fc1d-5d8841004452: calculated votes needed: needed=2 term=6
2026-10-08T20:24:29.243+0800 [DEBUG] server-cada0649-3457-58ee-fc1d-5d8841004452: vote granted: from=server-cada0649-3457-58ee-fc1d-5d8841004452 term=6 tally=1
2026-10-08T20:24:29.243+0800 [DEBUG] server-befb3a6a-ea4f-2615-aaeb-c1cbf141d881: lost leadership because received a requestVote with a newer term
2026-10-08T20:24:29.243+0800 [DEBUG] server-cada0649-3457-58ee-fc1d-5d8841004452: vote granted: from=server-befb3a6a-ea4f-2615-aaeb-c1cbf141d881 term=6 tally=2
2026-10-08T20:24:29.243+0800 [INFO]  server-cada0649-3457-58ee-fc1d-5d8841004452: election won: term=6 tally=2
2026-10-08T20:24:29.243+0800 [INFO]  server-cada0649-3457-58ee-fc1d-5d8841004452: entering leader state: leader="Node at cada0649-3457-58ee-fc1d-5d8841004452 [Leader]"
2026-10-08T20:24:29.243+0800 [INFO]  server-cada0649-3457-58ee-fc1d-5d8841004452: added peer, starting replication: peer=server-635ca499-91b9-6c93-17bd-4fe16483b012
2026-10-08T20:24:29.243+0800 [INFO]  server-cada0649-3457-58ee-fc1d-5d8841004452: added peer, starting replication: peer=server-befb3a6a-ea4f-2615-aaeb-c1cbf141d881
2026-10-08T20:24:29.243+0800 [DEBUG] server-635ca499-91b9-6c93-17bd-4fe16483b012: lost leadership because received a requestVote with a newer term
2026-10-08T20:24:29.243+0800 [INFO]  server-635ca499-91b9-6c93-17bd-4fe16483b012: entering follower state: follower="Node at 635ca499-91b9-6c93-17bd-4fe16483b012 [Follower]" leader-address= leader-id=
2026-10-08T20:24:29.243+0800 [INFO]  server-cada0649-3457-58ee-fc1d-5d8841004452: pipelining replication: peer="{Voter server-befb3a6a-ea4f-2615-aaeb-c1cbf141d881 befb3a6a-ea4f-2615-aaeb-c1cbf141d881}"
2026-10-08T20:24:29.243+0800 [INFO]  server-cada0649-3457-58ee-fc1d-5d8841004452: pipelining replication: peer="{Voter server-635ca499-91b9-6c93-17bd-4fe16483b012 635ca499-91b9-6c93-17bd-4fe16483b012}"
2026-10-08T20:24:29.243+0800 [INFO]  server-635ca499-91b9-6c93-17bd-4fe16483b012: aborting pipeline replication: peer="{Voter server-befb3a6a-ea4f-2615-aaeb-c1cbf141d881 befb3a6a-ea4f-2615-aaeb-c1cbf141d881}"
2026-10-08T20:24:29.243+0800 [DEBUG] server-635ca499-91b9-6c93-17bd-4fe16483b012: lost leadership during transfer (expected)
2026-10-08T20:24:29.243+0800 [INFO]  server-635ca499-91b9-6c93-17bd-4fe16483b012: aborting pipeline replication: peer="{Voter server-cada0649-3457-58ee-fc1d-5d8841004452 cada0649-3457-58ee-fc1d-5d8841004452}"
2026-10-08T20:24:29.247+0800 [INFO]  cluster: starting stability test: raft-state=Leader
2026-10-08T20:24:29.247+0800 [DEBUG] cluster: resetting stability timeout
2026-10-08T20:24:29.248+0800 [DEBUG] cluster: resetting stability timeout
2026-10-08T20:24:29.248+0800 [DEBUG] cluster: resetting stability timeout
2026-10-08T20:24:29.248+0800 [DEBUG] cluster: resetting stability timeout
2026-10-08T20:24:29.248+0800 [DEBUG] cluster: resetting stability timeout
2026-10-08T20:24:29.354+0800 [INFO]  cluster: stable state for Leader reached at 2026-10-08 20:24:29.248302958 +0800 CST m=+14.428272000 (1 nodes), highestTerm is 6, 339.457µs from start of poll, 2.10479383s from cluster start. Timeout at 2026-10-08 20:24:29.353318105 +0800 CST m=+14.533287207, 105.015207ms after stability
2026-10-08T20:24:29.357+0800 [INFO]  cluster: starting stability test: raft-state=Leader
2026-10-08T20:24:29.462+0800 [INFO]  cluster: stable state for Leader reached at 2026-10-08 20:24:29.357265631 +0800 CST m=+14.537234649 (1 nodes), highestTerm is 6, 1.239µs from start of poll, 2.213756479s from cluster start. Timeout at 2026-10-08 20:24:29.462283827 +0800 CST m=+14.642252903, 105.018254ms after stability
2026-10-08T20:24:29.470+0800 [DEBUG] cluster: fully connecting
2026-10-08T20:24:29.477+0800 [INFO]  cluster: starting stability test: raft-state=Leader
2026-10-08T20:24:29.583+0800 [INFO]  cluster: stable state for Leader reached at 2026-10-08 20:24:29.478063273 +0800 CST m=+14.658032325 (1 nodes), highestTerm is 6, 1.644µs from start of poll, 2.334554155s from cluster start. Timeout at 2026-10-08 20:24:29.583078933 +0800 CST m=+14.763047914, 105.015589ms after stability
2026-10-08T20:24:29.589+0800 [INFO]  cluster: starting stability test: raft-state=Leader
2026-10-08T20:24:29.696+0800 [INFO]  cluster: stable state for Leader reached at 2026-10-08 20:24:29.590010938 +0800 CST m=+14.769979884 (1 nodes), highestTerm is 6, 628ns from start of poll, 2.446501714s from cluster start. Timeout at 2026-10-08 20:24:29.695023836 +0800 CST m=+14.874992922, 105.013038ms after stability
2026-10-08T20:24:29.702+0800 [INFO]  cluster: starting stability test: raft-state=Leader
2026-10-08T20:24:29.807+0800 [INFO]  cluster: stable state for Leader reached at 2026-10-08 20:24:29.702214908 +0800 CST m=+14.882183874 (1 nodes), highestTerm is 6, 894ns from start of poll, 2.558705704s from cluster start. Timeout at 2026-10-08 20:24:29.807221686 +0800 CST m=+14.987190714, 105.00684ms after stability
2026-10-08T20:24:29.807+0800 [INFO]  server-cada0649-3457-58ee-fc1d-5d8841004452: starting snapshot up to: index=21
2026-10-08T20:24:29.807+0800 [INFO]  creating new snapshot: path=/home/nitro/Desktop/consensus-assurance/baseline/runs/2026-10-08_19-48-15-hashicorp_raft-baseline/work/.runtime/tmp/raft2432263939/snapshots/6-21-1791462269807.tmp
2026-10-08T20:24:29.810+0800 [INFO]  server-cada0649-3457-58ee-fc1d-5d8841004452: compacting logs: from=5 to=11
2026-10-08T20:24:29.810+0800 [INFO]  server-cada0649-3457-58ee-fc1d-5d8841004452: snapshot complete up to: index=21
2026-10-08T20:24:29.813+0800 [DEBUG] cluster: disconnecting: address=635ca499-91b9-6c93-17bd-4fe16483b012
2026-10-08T20:24:29.813+0800 [ERROR] server-cada0649-3457-58ee-fc1d-5d8841004452: failed to heartbeat to: peer=635ca499-91b9-6c93-17bd-4fe16483b012 backoff time=10ms error="failed to connect to peer: 635ca499-91b9-6c93-17bd-4fe16483b012"
2026-10-08T20:24:29.815+0800 [ERROR] server-cada0649-3457-58ee-fc1d-5d8841004452: failed to pipeline appendEntries: peer="{Voter server-635ca499-91b9-6c93-17bd-4fe16483b012 635ca499-91b9-6c93-17bd-4fe16483b012}" error="append pipeline closed"
2026-10-08T20:24:29.815+0800 [INFO]  server-cada0649-3457-58ee-fc1d-5d8841004452: aborting pipeline replication: peer="{Voter server-635ca499-91b9-6c93-17bd-4fe16483b012 635ca499-91b9-6c93-17bd-4fe16483b012}"
2026-10-08T20:24:29.818+0800 [INFO]  cluster: starting stability test: raft-state=Leader
2026-10-08T20:24:29.823+0800 [ERROR] server-cada0649-3457-58ee-fc1d-5d8841004452: failed to appendEntries to: peer="{Voter server-635ca499-91b9-6c93-17bd-4fe16483b012 635ca499-91b9-6c93-17bd-4fe16483b012}" error="failed to connect to peer: 635ca499-91b9-6c93-17bd-4fe16483b012"
2026-10-08T20:24:29.830+0800 [ERROR] server-cada0649-3457-58ee-fc1d-5d8841004452: failed to heartbeat to: peer=635ca499-91b9-6c93-17bd-4fe16483b012 backoff time=10ms error="failed to connect to peer: 635ca499-91b9-6c93-17bd-4fe16483b012"
2026-10-08T20:24:29.842+0800 [ERROR] server-cada0649-3457-58ee-fc1d-5d8841004452: failed to appendEntries to: peer="{Voter server-635ca499-91b9-6c93-17bd-4fe16483b012 635ca499-91b9-6c93-17bd-4fe16483b012}" error="failed to connect to peer: 635ca499-91b9-6c93-17bd-4fe16483b012"
2026-10-08T20:24:29.848+0800 [ERROR] server-cada0649-3457-58ee-fc1d-5d8841004452: failed to heartbeat to: peer=635ca499-91b9-6c93-17bd-4fe16483b012 backoff time=10ms error="failed to connect to peer: 635ca499-91b9-6c93-17bd-4fe16483b012"
2026-10-08T20:24:29.856+0800 [WARN]  server-cada0649-3457-58ee-fc1d-5d8841004452: failed to contact: server-id=server-635ca499-91b9-6c93-17bd-4fe16483b012 time=50.659582ms
2026-10-08T20:24:29.861+0800 [ERROR] server-cada0649-3457-58ee-fc1d-5d8841004452: failed to appendEntries to: peer="{Voter server-635ca499-91b9-6c93-17bd-4fe16483b012 635ca499-91b9-6c93-17bd-4fe16483b012}" error="failed to connect to peer: 635ca499-91b9-6c93-17bd-4fe16483b012"
2026-10-08T20:24:29.868+0800 [ERROR] server-cada0649-3457-58ee-fc1d-5d8841004452: failed to heartbeat to: peer=635ca499-91b9-6c93-17bd-4fe16483b012 backoff time=20ms error="failed to connect to peer: 635ca499-91b9-6c93-17bd-4fe16483b012"
2026-10-08T20:24:29.872+0800 [WARN]  server-635ca499-91b9-6c93-17bd-4fe16483b012: heartbeat timeout reached, starting election: last-leader-addr=cada0649-3457-58ee-fc1d-5d8841004452 last-leader-id=server-cada0649-3457-58ee-fc1d-5d8841004452
2026-10-08T20:24:29.872+0800 [INFO]  server-635ca499-91b9-6c93-17bd-4fe16483b012: entering candidate state: node="Node at 635ca499-91b9-6c93-17bd-4fe16483b012 [Candidate]" term=7
2026-10-08T20:24:29.872+0800 [DEBUG] server-635ca499-91b9-6c93-17bd-4fe16483b012: pre-voting for self: term=7 id=server-635ca499-91b9-6c93-17bd-4fe16483b012
2026-10-08T20:24:29.872+0800 [DEBUG] server-635ca499-91b9-6c93-17bd-4fe16483b012: asking for pre-vote: term=7 from=server-cada0649-3457-58ee-fc1d-5d8841004452 address=cada0649-3457-58ee-fc1d-5d8841004452
2026-10-08T20:24:29.872+0800 [DEBUG] server-635ca499-91b9-6c93-17bd-4fe16483b012: asking for pre-vote: term=7 from=server-befb3a6a-ea4f-2615-aaeb-c1cbf141d881 address=befb3a6a-ea4f-2615-aaeb-c1cbf141d881
2026-10-08T20:24:29.872+0800 [DEBUG] server-635ca499-91b9-6c93-17bd-4fe16483b012: calculated votes needed: needed=2 term=7
2026-10-08T20:24:29.872+0800 [DEBUG] server-635ca499-91b9-6c93-17bd-4fe16483b012: pre-vote received: from=server-635ca499-91b9-6c93-17bd-4fe16483b012 term=7 tally=0
2026-10-08T20:24:29.872+0800 [DEBUG] server-635ca499-91b9-6c93-17bd-4fe16483b012: pre-vote granted: from=server-635ca499-91b9-6c93-17bd-4fe16483b012 term=7 tally=1
2026-10-08T20:24:29.872+0800 [ERROR] server-635ca499-91b9-6c93-17bd-4fe16483b012: failed to make requestVote RPC: target="{Voter server-befb3a6a-ea4f-2615-aaeb-c1cbf141d881 befb3a6a-ea4f-2615-aaeb-c1cbf141d881}" error="failed to connect to peer: befb3a6a-ea4f-2615-aaeb-c1cbf141d881" term=7
2026-10-08T20:24:29.872+0800 [DEBUG] server-635ca499-91b9-6c93-17bd-4fe16483b012: pre-vote received: from=server-befb3a6a-ea4f-2615-aaeb-c1cbf141d881 term=7 tally=1
2026-10-08T20:24:29.872+0800 [DEBUG] cluster: resetting stability timeout
2026-10-08T20:24:29.872+0800 [ERROR] server-635ca499-91b9-6c93-17bd-4fe16483b012: failed to make requestVote RPC: target="{Voter server-cada0649-3457-58ee-fc1d-5d8841004452 cada0649-3457-58ee-fc1d-5d8841004452}" error="failed to connect to peer: cada0649-3457-58ee-fc1d-5d8841004452" term=7
2026-10-08T20:24:29.872+0800 [DEBUG] server-635ca499-91b9-6c93-17bd-4fe16483b012: pre-vote denied: from=server-befb3a6a-ea4f-2615-aaeb-c1cbf141d881 term=7 tally=1
2026-10-08T20:24:29.872+0800 [DEBUG] server-635ca499-91b9-6c93-17bd-4fe16483b012: pre-vote received: from=server-cada0649-3457-58ee-fc1d-5d8841004452 term=7 tally=1
2026-10-08T20:24:29.872+0800 [DEBUG] server-635ca499-91b9-6c93-17bd-4fe16483b012: pre-vote denied: from=server-cada0649-3457-58ee-fc1d-5d8841004452 term=7 tally=1
2026-10-08T20:24:29.872+0800 [INFO]  server-635ca499-91b9-6c93-17bd-4fe16483b012: pre-vote campaign failed, waiting for election timeout: term=7 tally=1 refused=2 votesNeeded=2
2026-10-08T20:24:29.890+0800 [ERROR] server-cada0649-3457-58ee-fc1d-5d8841004452: failed to appendEntries to: peer="{Voter server-635ca499-91b9-6c93-17bd-4fe16483b012 635ca499-91b9-6c93-17bd-4fe16483b012}" error="failed to connect to peer: 635ca499-91b9-6c93-17bd-4fe16483b012"
2026-10-08T20:24:29.897+0800 [ERROR] server-cada0649-3457-58ee-fc1d-5d8841004452: failed to heartbeat to: peer=635ca499-91b9-6c93-17bd-4fe16483b012 backoff time=25ms error="failed to connect to peer: 635ca499-91b9-6c93-17bd-4fe16483b012"
2026-10-08T20:24:29.906+0800 [WARN]  server-cada0649-3457-58ee-fc1d-5d8841004452: failed to contact: server-id=server-635ca499-91b9-6c93-17bd-4fe16483b012 time=100.685361ms
2026-10-08T20:24:29.932+0800 [ERROR] server-cada0649-3457-58ee-fc1d-5d8841004452: failed to heartbeat to: peer=635ca499-91b9-6c93-17bd-4fe16483b012 backoff time=25ms error="failed to connect to peer: 635ca499-91b9-6c93-17bd-4fe16483b012"
2026-10-08T20:24:29.938+0800 [ERROR] server-cada0649-3457-58ee-fc1d-5d8841004452: failed to appendEntries to: peer="{Voter server-635ca499-91b9-6c93-17bd-4fe16483b012 635ca499-91b9-6c93-17bd-4fe16483b012}" error="failed to connect to peer: 635ca499-91b9-6c93-17bd-4fe16483b012"
2026-10-08T20:24:29.954+0800 [WARN]  server-cada0649-3457-58ee-fc1d-5d8841004452: failed to contact: server-id=server-635ca499-91b9-6c93-17bd-4fe16483b012 time=148.692176ms
2026-10-08T20:24:29.957+0800 [WARN]  server-635ca499-91b9-6c93-17bd-4fe16483b012: Election timeout reached, restarting election
2026-10-08T20:24:29.957+0800 [INFO]  server-635ca499-91b9-6c93-17bd-4fe16483b012: entering candidate state: node="Node at 635ca499-91b9-6c93-17bd-4fe16483b012 [Candidate]" term=7
2026-10-08T20:24:29.957+0800 [DEBUG] server-635ca499-91b9-6c93-17bd-4fe16483b012: pre-voting for self: term=7 id=server-635ca499-91b9-6c93-17bd-4fe16483b012
2026-10-08T20:24:29.957+0800 [DEBUG] server-635ca499-91b9-6c93-17bd-4fe16483b012: asking for pre-vote: term=7 from=server-cada0649-3457-58ee-fc1d-5d8841004452 address=cada0649-3457-58ee-fc1d-5d8841004452
2026-10-08T20:24:29.957+0800 [DEBUG] server-635ca499-91b9-6c93-17bd-4fe16483b012: asking for pre-vote: term=7 from=server-befb3a6a-ea4f-2615-aaeb-c1cbf141d881 address=befb3a6a-ea4f-2615-aaeb-c1cbf141d881
2026-10-08T20:24:29.957+0800 [DEBUG] server-635ca499-91b9-6c93-17bd-4fe16483b012: calculated votes needed: needed=2 term=7
2026-10-08T20:24:29.957+0800 [DEBUG] server-635ca499-91b9-6c93-17bd-4fe16483b012: pre-vote received: from=server-635ca499-91b9-6c93-17bd-4fe16483b012 term=7 tally=0
2026-10-08T20:24:29.957+0800 [DEBUG] server-635ca499-91b9-6c93-17bd-4fe16483b012: pre-vote granted: from=server-635ca499-91b9-6c93-17bd-4fe16483b012 term=7 tally=1
2026-10-08T20:24:29.957+0800 [ERROR] server-635ca499-91b9-6c93-17bd-4fe16483b012: failed to make requestVote RPC: target="{Voter server-cada0649-3457-58ee-fc1d-5d8841004452 cada0649-3457-58ee-fc1d-5d8841004452}" error="failed to connect to peer: cada0649-3457-58ee-fc1d-5d8841004452" term=7
2026-10-08T20:24:29.957+0800 [ERROR] server-635ca499-91b9-6c93-17bd-4fe16483b012: failed to make requestVote RPC: target="{Voter server-befb3a6a-ea4f-2615-aaeb-c1cbf141d881 befb3a6a-ea4f-2615-aaeb-c1cbf141d881}" error="failed to connect to peer: befb3a6a-ea4f-2615-aaeb-c1cbf141d881" term=7
2026-10-08T20:24:29.957+0800 [DEBUG] server-635ca499-91b9-6c93-17bd-4fe16483b012: pre-vote received: from=server-cada0649-3457-58ee-fc1d-5d8841004452 term=7 tally=1
2026-10-08T20:24:29.958+0800 [DEBUG] server-635ca499-91b9-6c93-17bd-4fe16483b012: pre-vote denied: from=server-cada0649-3457-58ee-fc1d-5d8841004452 term=7 tally=1
2026-10-08T20:24:29.958+0800 [DEBUG] server-635ca499-91b9-6c93-17bd-4fe16483b012: pre-vote received: from=server-befb3a6a-ea4f-2615-aaeb-c1cbf141d881 term=7 tally=1
2026-10-08T20:24:29.958+0800 [DEBUG] server-635ca499-91b9-6c93-17bd-4fe16483b012: pre-vote denied: from=server-befb3a6a-ea4f-2615-aaeb-c1cbf141d881 term=7 tally=1
2026-10-08T20:24:29.958+0800 [INFO]  server-635ca499-91b9-6c93-17bd-4fe16483b012: pre-vote campaign failed, waiting for election timeout: term=7 tally=1 refused=2 votesNeeded=2
2026-10-08T20:24:29.968+0800 [ERROR] server-cada0649-3457-58ee-fc1d-5d8841004452: failed to heartbeat to: peer=635ca499-91b9-6c93-17bd-4fe16483b012 backoff time=25ms error="failed to connect to peer: 635ca499-91b9-6c93-17bd-4fe16483b012"
2026-10-08T20:24:29.977+0800 [INFO]  cluster: stable state for Leader reached at 2026-10-08 20:24:29.872662088 +0800 CST m=+15.052631086 (1 nodes), highestTerm is 6, 54.398834ms from start of poll, 2.729152916s from cluster start. Timeout at 2026-10-08 20:24:29.977667118 +0800 CST m=+15.157636247, 105.005161ms after stability
2026-10-08T20:24:29.979+0800 [INFO]  cluster: starting stability test: raft-state=Leader
2026-10-08T20:24:30.004+0800 [DEBUG] server-cada0649-3457-58ee-fc1d-5d8841004452: failed to contact: server-id=server-635ca499-91b9-6c93-17bd-4fe16483b012 time=198.862062ms
2026-10-08T20:24:30.004+0800 [ERROR] server-cada0649-3457-58ee-fc1d-5d8841004452: failed to heartbeat to: peer=635ca499-91b9-6c93-17bd-4fe16483b012 backoff time=25ms error="failed to connect to peer: 635ca499-91b9-6c93-17bd-4fe16483b012"
2026-10-08T20:24:30.029+0800 [ERROR] server-cada0649-3457-58ee-fc1d-5d8841004452: failed to appendEntries to: peer="{Voter server-635ca499-91b9-6c93-17bd-4fe16483b012 635ca499-91b9-6c93-17bd-4fe16483b012}" error="failed to connect to peer: 635ca499-91b9-6c93-17bd-4fe16483b012"
2026-10-08T20:24:30.034+0800 [WARN]  server-635ca499-91b9-6c93-17bd-4fe16483b012: Election timeout reached, restarting election
2026-10-08T20:24:30.034+0800 [INFO]  server-635ca499-91b9-6c93-17bd-4fe16483b012: entering candidate state: node="Node at 635ca499-91b9-6c93-17bd-4fe16483b012 [Candidate]" term=7
2026-10-08T20:24:30.034+0800 [DEBUG] server-635ca499-91b9-6c93-17bd-4fe16483b012: pre-voting for self: term=7 id=server-635ca499-91b9-6c93-17bd-4fe16483b012
2026-10-08T20:24:30.034+0800 [DEBUG] server-635ca499-91b9-6c93-17bd-4fe16483b012: asking for pre-vote: term=7 from=server-cada0649-3457-58ee-fc1d-5d8841004452 address=cada0649-3457-58ee-fc1d-5d8841004452
2026-10-08T20:24:30.034+0800 [DEBUG] server-635ca499-91b9-6c93-17bd-4fe16483b012: asking for pre-vote: term=7 from=server-befb3a6a-ea4f-2615-aaeb-c1cbf141d881 address=befb3a6a-ea4f-2615-aaeb-c1cbf141d881
2026-10-08T20:24:30.034+0800 [DEBUG] server-635ca499-91b9-6c93-17bd-4fe16483b012: calculated votes needed: needed=2 term=7
2026-10-08T20:24:30.034+0800 [DEBUG] server-635ca499-91b9-6c93-17bd-4fe16483b012: pre-vote received: from=server-635ca499-91b9-6c93-17bd-4fe16483b012 term=7 tally=0
2026-10-08T20:24:30.034+0800 [DEBUG] server-635ca499-91b9-6c93-17bd-4fe16483b012: pre-vote granted: from=server-635ca499-91b9-6c93-17bd-4fe16483b012 term=7 tally=1
2026-10-08T20:24:30.034+0800 [ERROR] server-635ca499-91b9-6c93-17bd-4fe16483b012: failed to make requestVote RPC: target="{Voter server-befb3a6a-ea4f-2615-aaeb-c1cbf141d881 befb3a6a-ea4f-2615-aaeb-c1cbf141d881}" error="failed to connect to peer: befb3a6a-ea4f-2615-aaeb-c1cbf141d881" term=7
2026-10-08T20:24:30.034+0800 [DEBUG] server-635ca499-91b9-6c93-17bd-4fe16483b012: pre-vote received: from=server-befb3a6a-ea4f-2615-aaeb-c1cbf141d881 term=7 tally=1
2026-10-08T20:24:30.034+0800 [DEBUG] server-635ca499-91b9-6c93-17bd-4fe16483b012: pre-vote denied: from=server-befb3a6a-ea4f-2615-aaeb-c1cbf141d881 term=7 tally=1
2026-10-08T20:24:30.034+0800 [ERROR] server-635ca499-91b9-6c93-17bd-4fe16483b012: failed to make requestVote RPC: target="{Voter server-cada0649-3457-58ee-fc1d-5d8841004452 cada0649-3457-58ee-fc1d-5d8841004452}" error="failed to connect to peer: cada0649-3457-58ee-fc1d-5d8841004452" term=7
2026-10-08T20:24:30.034+0800 [DEBUG] server-635ca499-91b9-6c93-17bd-4fe16483b012: pre-vote received: from=server-cada0649-3457-58ee-fc1d-5d8841004452 term=7 tally=1
2026-10-08T20:24:30.034+0800 [DEBUG] server-635ca499-91b9-6c93-17bd-4fe16483b012: pre-vote denied: from=server-cada0649-3457-58ee-fc1d-5d8841004452 term=7 tally=1
2026-10-08T20:24:30.034+0800 [INFO]  server-635ca499-91b9-6c93-17bd-4fe16483b012: pre-vote campaign failed, waiting for election timeout: term=7 tally=1 refused=2 votesNeeded=2
2026-10-08T20:24:30.040+0800 [ERROR] server-cada0649-3457-58ee-fc1d-5d8841004452: failed to heartbeat to: peer=635ca499-91b9-6c93-17bd-4fe16483b012 backoff time=25ms error="failed to connect to peer: 635ca499-91b9-6c93-17bd-4fe16483b012"
2026-10-08T20:24:30.055+0800 [DEBUG] server-cada0649-3457-58ee-fc1d-5d8841004452: failed to contact: server-id=server-635ca499-91b9-6c93-17bd-4fe16483b012 time=249.908187ms
2026-10-08T20:24:30.073+0800 [ERROR] server-cada0649-3457-58ee-fc1d-5d8841004452: failed to heartbeat to: peer=635ca499-91b9-6c93-17bd-4fe16483b012 backoff time=25ms error="failed to connect to peer: 635ca499-91b9-6c93-17bd-4fe16483b012"
2026-10-08T20:24:30.086+0800 [INFO]  cluster: stable state for Leader reached at 2026-10-08 20:24:29.979916398 +0800 CST m=+15.159885427 (1 nodes), highestTerm is 6, 1.939µs from start of poll, 2.836407257s from cluster start. Timeout at 2026-10-08 20:24:30.08493079 +0800 CST m=+15.264899762, 105.014335ms after stability
2026-10-08T20:24:30.086+0800 [INFO]  server-cada0649-3457-58ee-fc1d-5d8841004452: starting snapshot up to: index=22
2026-10-08T20:24:30.086+0800 [INFO]  creating new snapshot: path=/home/nitro/Desktop/consensus-assurance/baseline/runs/2026-10-08_19-48-15-hashicorp_raft-baseline/work/.runtime/tmp/raft2432263939/snapshots/6-22-1791462270086.tmp
2026-10-08T20:24:30.090+0800 [INFO]  server-cada0649-3457-58ee-fc1d-5d8841004452: compacting logs: from=12 to=12
2026-10-08T20:24:30.090+0800 [INFO]  server-cada0649-3457-58ee-fc1d-5d8841004452: snapshot complete up to: index=22
2026-10-08T20:24:30.094+0800 [INFO]  cluster: starting stability test: raft-state=Leader
2026-10-08T20:24:30.104+0800 [DEBUG] server-cada0649-3457-58ee-fc1d-5d8841004452: failed to contact: server-id=server-635ca499-91b9-6c93-17bd-4fe16483b012 time=298.937265ms
2026-10-08T20:24:30.110+0800 [ERROR] server-cada0649-3457-58ee-fc1d-5d8841004452: failed to heartbeat to: peer=635ca499-91b9-6c93-17bd-4fe16483b012 backoff time=25ms error="failed to connect to peer: 635ca499-91b9-6c93-17bd-4fe16483b012"
2026-10-08T20:24:30.113+0800 [WARN]  server-635ca499-91b9-6c93-17bd-4fe16483b012: Election timeout reached, restarting election
2026-10-08T20:24:30.113+0800 [INFO]  server-635ca499-91b9-6c93-17bd-4fe16483b012: entering candidate state: node="Node at 635ca499-91b9-6c93-17bd-4fe16483b012 [Candidate]" term=7
2026-10-08T20:24:30.113+0800 [DEBUG] server-635ca499-91b9-6c93-17bd-4fe16483b012: pre-voting for self: term=7 id=server-635ca499-91b9-6c93-17bd-4fe16483b012
2026-10-08T20:24:30.113+0800 [DEBUG] server-635ca499-91b9-6c93-17bd-4fe16483b012: asking for pre-vote: term=7 from=server-cada0649-3457-58ee-fc1d-5d8841004452 address=cada0649-3457-58ee-fc1d-5d8841004452
2026-10-08T20:24:30.114+0800 [DEBUG] server-635ca499-91b9-6c93-17bd-4fe16483b012: asking for pre-vote: term=7 from=server-befb3a6a-ea4f-2615-aaeb-c1cbf141d881 address=befb3a6a-ea4f-2615-aaeb-c1cbf141d881
2026-10-08T20:24:30.114+0800 [DEBUG] server-635ca499-91b9-6c93-17bd-4fe16483b012: calculated votes needed: needed=2 term=7
2026-10-08T20:24:30.114+0800 [DEBUG] server-635ca499-91b9-6c93-17bd-4fe16483b012: pre-vote received: from=server-635ca499-91b9-6c93-17bd-4fe16483b012 term=7 tally=0
2026-10-08T20:24:30.114+0800 [DEBUG] server-635ca499-91b9-6c93-17bd-4fe16483b012: pre-vote granted: from=server-635ca499-91b9-6c93-17bd-4fe16483b012 term=7 tally=1
2026-10-08T20:24:30.114+0800 [ERROR] server-635ca499-91b9-6c93-17bd-4fe16483b012: failed to make requestVote RPC: target="{Voter server-cada0649-3457-58ee-fc1d-5d8841004452 cada0649-3457-58ee-fc1d-5d8841004452}" error="failed to connect to peer: cada0649-3457-58ee-fc1d-5d8841004452" term=7
2026-10-08T20:24:30.114+0800 [DEBUG] server-635ca499-91b9-6c93-17bd-4fe16483b012: pre-vote received: from=server-cada0649-3457-58ee-fc1d-5d8841004452 term=7 tally=1
2026-10-08T20:24:30.114+0800 [DEBUG] server-635ca499-91b9-6c93-17bd-4fe16483b012: pre-vote denied: from=server-cada0649-3457-58ee-fc1d-5d8841004452 term=7 tally=1
2026-10-08T20:24:30.114+0800 [ERROR] server-635ca499-91b9-6c93-17bd-4fe16483b012: failed to make requestVote RPC: target="{Voter server-befb3a6a-ea4f-2615-aaeb-c1cbf141d881 befb3a6a-ea4f-2615-aaeb-c1cbf141d881}" error="failed to connect to peer: befb3a6a-ea4f-2615-aaeb-c1cbf141d881" term=7
2026-10-08T20:24:30.114+0800 [DEBUG] server-635ca499-91b9-6c93-17bd-4fe16483b012: pre-vote received: from=server-befb3a6a-ea4f-2615-aaeb-c1cbf141d881 term=7 tally=1
2026-10-08T20:24:30.114+0800 [DEBUG] server-635ca499-91b9-6c93-17bd-4fe16483b012: pre-vote denied: from=server-befb3a6a-ea4f-2615-aaeb-c1cbf141d881 term=7 tally=1
2026-10-08T20:24:30.114+0800 [INFO]  server-635ca499-91b9-6c93-17bd-4fe16483b012: pre-vote campaign failed, waiting for election timeout: term=7 tally=1 refused=2 votesNeeded=2
2026-10-08T20:24:30.146+0800 [ERROR] server-cada0649-3457-58ee-fc1d-5d8841004452: failed to heartbeat to: peer=635ca499-91b9-6c93-17bd-4fe16483b012 backoff time=25ms error="failed to connect to peer: 635ca499-91b9-6c93-17bd-4fe16483b012"
2026-10-08T20:24:30.150+0800 [DEBUG] server-cada0649-3457-58ee-fc1d-5d8841004452: failed to contact: server-id=server-635ca499-91b9-6c93-17bd-4fe16483b012 time=344.061767ms
2026-10-08T20:24:30.178+0800 [ERROR] server-cada0649-3457-58ee-fc1d-5d8841004452: failed to heartbeat to: peer=635ca499-91b9-6c93-17bd-4fe16483b012 backoff time=25ms error="failed to connect to peer: 635ca499-91b9-6c93-17bd-4fe16483b012"
2026-10-08T20:24:30.190+0800 [ERROR] server-cada0649-3457-58ee-fc1d-5d8841004452: failed to appendEntries to: peer="{Voter server-635ca499-91b9-6c93-17bd-4fe16483b012 635ca499-91b9-6c93-17bd-4fe16483b012}" error="failed to connect to peer: 635ca499-91b9-6c93-17bd-4fe16483b012"
2026-10-08T20:24:30.199+0800 [INFO]  cluster: stable state for Leader reached at 2026-10-08 20:24:30.094354464 +0800 CST m=+15.274323507 (1 nodes), highestTerm is 6, 1.972µs from start of poll, 2.950845337s from cluster start. Timeout at 2026-10-08 20:24:30.199388171 +0800 CST m=+15.379357222, 105.033715ms after stability
2026-10-08T20:24:30.200+0800 [DEBUG] server-cada0649-3457-58ee-fc1d-5d8841004452: failed to contact: server-id=server-635ca499-91b9-6c93-17bd-4fe16483b012 time=394.06368ms
2026-10-08T20:24:30.202+0800 [WARN]  server-635ca499-91b9-6c93-17bd-4fe16483b012: Election timeout reached, restarting election
2026-10-08T20:24:30.202+0800 [INFO]  server-635ca499-91b9-6c93-17bd-4fe16483b012: entering candidate state: node="Node at 635ca499-91b9-6c93-17bd-4fe16483b012 [Candidate]" term=7
2026-10-08T20:24:30.202+0800 [DEBUG] server-635ca499-91b9-6c93-17bd-4fe16483b012: pre-voting for self: term=7 id=server-635ca499-91b9-6c93-17bd-4fe16483b012
2026-10-08T20:24:30.202+0800 [DEBUG] server-635ca499-91b9-6c93-17bd-4fe16483b012: asking for pre-vote: term=7 from=server-cada0649-3457-58ee-fc1d-5d8841004452 address=cada0649-3457-58ee-fc1d-5d8841004452
2026-10-08T20:24:30.202+0800 [DEBUG] server-635ca499-91b9-6c93-17bd-4fe16483b012: asking for pre-vote: term=7 from=server-befb3a6a-ea4f-2615-aaeb-c1cbf141d881 address=befb3a6a-ea4f-2615-aaeb-c1cbf141d881
2026-10-08T20:24:30.202+0800 [DEBUG] server-635ca499-91b9-6c93-17bd-4fe16483b012: calculated votes needed: needed=2 term=7
2026-10-08T20:24:30.202+0800 [DEBUG] server-635ca499-91b9-6c93-17bd-4fe16483b012: pre-vote received: from=server-635ca499-91b9-6c93-17bd-4fe16483b012 term=7 tally=0
2026-10-08T20:24:30.203+0800 [DEBUG] server-635ca499-91b9-6c93-17bd-4fe16483b012: pre-vote granted: from=server-635ca499-91b9-6c93-17bd-4fe16483b012 term=7 tally=1
2026-10-08T20:24:30.203+0800 [ERROR] server-635ca499-91b9-6c93-17bd-4fe16483b012: failed to make requestVote RPC: target="{Voter server-cada0649-3457-58ee-fc1d-5d8841004452 cada0649-3457-58ee-fc1d-5d8841004452}" error="failed to connect to peer: cada0649-3457-58ee-fc1d-5d8841004452" term=7
2026-10-08T20:24:30.203+0800 [DEBUG] server-635ca499-91b9-6c93-17bd-4fe16483b012: pre-vote received: from=server-cada0649-3457-58ee-fc1d-5d8841004452 term=7 tally=1
2026-10-08T20:24:30.203+0800 [DEBUG] server-635ca499-91b9-6c93-17bd-4fe16483b012: pre-vote denied: from=server-cada0649-3457-58ee-fc1d-5d8841004452 term=7 tally=1
2026-10-08T20:24:30.203+0800 [ERROR] server-635ca499-91b9-6c93-17bd-4fe16483b012: failed to make requestVote RPC: target="{Voter server-befb3a6a-ea4f-2615-aaeb-c1cbf141d881 befb3a6a-ea4f-2615-aaeb-c1cbf141d881}" error="failed to connect to peer: befb3a6a-ea4f-2615-aaeb-c1cbf141d881" term=7
2026-10-08T20:24:30.203+0800 [DEBUG] server-635ca499-91b9-6c93-17bd-4fe16483b012: pre-vote received: from=server-befb3a6a-ea4f-2615-aaeb-c1cbf141d881 term=7 tally=1
2026-10-08T20:24:30.203+0800 [DEBUG] server-635ca499-91b9-6c93-17bd-4fe16483b012: pre-vote denied: from=server-befb3a6a-ea4f-2615-aaeb-c1cbf141d881 term=7 tally=1
2026-10-08T20:24:30.203+0800 [INFO]  server-635ca499-91b9-6c93-17bd-4fe16483b012: pre-vote campaign failed, waiting for election timeout: term=7 tally=1 refused=2 votesNeeded=2
2026-10-08T20:24:30.207+0800 [DEBUG] cluster: fully connecting
2026-10-08T20:24:30.213+0800 [INFO]  server-635ca499-91b9-6c93-17bd-4fe16483b012: entering follower state: follower="Node at 635ca499-91b9-6c93-17bd-4fe16483b012 [Follower]" leader-address=cada0649-3457-58ee-fc1d-5d8841004452 leader-id=server-cada0649-3457-58ee-fc1d-5d8841004452
2026-10-08T20:24:30.216+0800 [INFO]  cluster: starting stability test: raft-state=Leader
2026-10-08T20:24:30.216+0800 [DEBUG] cluster: resetting stability timeout
2026-10-08T20:24:30.322+0800 [INFO]  cluster: stable state for Leader reached at 2026-10-08 20:24:30.216927501 +0800 CST m=+15.396896544 (1 nodes), highestTerm is 6, 61.346µs from start of poll, 3.073418374s from cluster start. Timeout at 2026-10-08 20:24:30.321934734 +0800 CST m=+15.501903775, 105.007231ms after stability
2026-10-08T20:24:30.322+0800 [DEBUG] server-cada0649-3457-58ee-fc1d-5d8841004452: starting leadership transfer: id=<nil> address=<nil>
2026-10-08T20:24:30.322+0800 [INFO]  server-befb3a6a-ea4f-2615-aaeb-c1cbf141d881: entering candidate state: node="Node at befb3a6a-ea4f-2615-aaeb-c1cbf141d881 [Candidate]" term=7
2026-10-08T20:24:30.322+0800 [DEBUG] server-befb3a6a-ea4f-2615-aaeb-c1cbf141d881: asking for vote: term=7 from=server-635ca499-91b9-6c93-17bd-4fe16483b012 address=635ca499-91b9-6c93-17bd-4fe16483b012
2026-10-08T20:24:30.322+0800 [DEBUG] server-befb3a6a-ea4f-2615-aaeb-c1cbf141d881: asking for vote: term=7 from=server-cada0649-3457-58ee-fc1d-5d8841004452 address=cada0649-3457-58ee-fc1d-5d8841004452
2026-10-08T20:24:30.322+0800 [DEBUG] server-befb3a6a-ea4f-2615-aaeb-c1cbf141d881: voting for self: term=7 id=server-befb3a6a-ea4f-2615-aaeb-c1cbf141d881
2026-10-08T20:24:30.322+0800 [DEBUG] server-befb3a6a-ea4f-2615-aaeb-c1cbf141d881: calculated votes needed: needed=2 term=7
2026-10-08T20:24:30.322+0800 [DEBUG] server-befb3a6a-ea4f-2615-aaeb-c1cbf141d881: vote granted: from=server-befb3a6a-ea4f-2615-aaeb-c1cbf141d881 term=7 tally=1
2026-10-08T20:24:30.322+0800 [DEBUG] server-cada0649-3457-58ee-fc1d-5d8841004452: lost leadership because received a requestVote with a newer term
2026-10-08T20:24:30.322+0800 [INFO]  server-cada0649-3457-58ee-fc1d-5d8841004452: entering follower state: follower="Node at cada0649-3457-58ee-fc1d-5d8841004452 [Follower]" leader-address= leader-id=
2026-10-08T20:24:30.322+0800 [INFO]  server-cada0649-3457-58ee-fc1d-5d8841004452: aborting pipeline replication: peer="{Voter server-befb3a6a-ea4f-2615-aaeb-c1cbf141d881 befb3a6a-ea4f-2615-aaeb-c1cbf141d881}"
2026-10-08T20:24:30.322+0800 [DEBUG] server-cada0649-3457-58ee-fc1d-5d8841004452: lost leadership during transfer (expected)
2026-10-08T20:24:30.322+0800 [DEBUG] server-635ca499-91b9-6c93-17bd-4fe16483b012: lost leadership because received a requestVote with a newer term
2026-10-08T20:24:30.322+0800 [DEBUG] server-befb3a6a-ea4f-2615-aaeb-c1cbf141d881: vote granted: from=server-635ca499-91b9-6c93-17bd-4fe16483b012 term=7 tally=2
2026-10-08T20:24:30.322+0800 [INFO]  server-befb3a6a-ea4f-2615-aaeb-c1cbf141d881: election won: term=7 tally=2
2026-10-08T20:24:30.322+0800 [INFO]  server-befb3a6a-ea4f-2615-aaeb-c1cbf141d881: entering leader state: leader="Node at befb3a6a-ea4f-2615-aaeb-c1cbf141d881 [Leader]"
2026-10-08T20:24:30.323+0800 [INFO]  server-befb3a6a-ea4f-2615-aaeb-c1cbf141d881: added peer, starting replication: peer=server-635ca499-91b9-6c93-17bd-4fe16483b012
2026-10-08T20:24:30.323+0800 [INFO]  server-befb3a6a-ea4f-2615-aaeb-c1cbf141d881: added peer, starting replication: peer=server-cada0649-3457-58ee-fc1d-5d8841004452
2026-10-08T20:24:30.323+0800 [INFO]  server-befb3a6a-ea4f-2615-aaeb-c1cbf141d881: pipelining replication: peer="{Voter server-cada0649-3457-58ee-fc1d-5d8841004452 cada0649-3457-58ee-fc1d-5d8841004452}"
2026-10-08T20:24:30.323+0800 [WARN]  server-635ca499-91b9-6c93-17bd-4fe16483b012: failed to get previous log: previous-index=23 last-index=21 error="log not found"
2026-10-08T20:24:30.323+0800 [WARN]  server-befb3a6a-ea4f-2615-aaeb-c1cbf141d881: appendEntries rejected, sending older logs: peer="{Voter server-635ca499-91b9-6c93-17bd-4fe16483b012 635ca499-91b9-6c93-17bd-4fe16483b012}" next=22
2026-10-08T20:24:30.323+0800 [INFO]  server-befb3a6a-ea4f-2615-aaeb-c1cbf141d881: pipelining replication: peer="{Voter server-635ca499-91b9-6c93-17bd-4fe16483b012 635ca499-91b9-6c93-17bd-4fe16483b012}"
2026-10-08T20:24:30.324+0800 [INFO]  cluster: starting stability test: raft-state=Leader
2026-10-08T20:24:30.324+0800 [DEBUG] cluster: resetting stability timeout
2026-10-08T20:24:30.324+0800 [DEBUG] cluster: resetting stability timeout
2026-10-08T20:24:30.324+0800 [DEBUG] cluster: resetting stability timeout
2026-10-08T20:24:30.324+0800 [DEBUG] cluster: resetting stability timeout
2026-10-08T20:24:30.324+0800 [DEBUG] cluster: resetting stability timeout
2026-10-08T20:24:30.430+0800 [INFO]  cluster: stable state for Leader reached at 2026-10-08 20:24:30.324938255 +0800 CST m=+15.504907299 (1 nodes), highestTerm is 7, 95.212µs from start of poll, 3.181429129s from cluster start. Timeout at 2026-10-08 20:24:30.429946331 +0800 CST m=+15.609915350, 105.008051ms after stability
2026-10-08T20:24:30.435+0800 [INFO]  cluster: starting stability test: raft-state=Leader
2026-10-08T20:24:30.518+0800 [ERROR] server-cada0649-3457-58ee-fc1d-5d8841004452: peer has newer term, stopping replication: peer="{Voter server-635ca499-91b9-6c93-17bd-4fe16483b012 635ca499-91b9-6c93-17bd-4fe16483b012}"
2026-10-08T20:24:30.541+0800 [INFO]  cluster: stable state for Leader reached at 2026-10-08 20:24:30.435442826 +0800 CST m=+15.615411876 (1 nodes), highestTerm is 7, 1.864µs from start of poll, 3.291933706s from cluster start. Timeout at 2026-10-08 20:24:30.54045677 +0800 CST m=+15.720425884, 105.014008ms after stability
2026-10-08T20:24:30.551+0800 [INFO]  cluster: starting stability test: raft-state=Leader
2026-10-08T20:24:30.657+0800 [INFO]  cluster: stable state for Leader reached at 2026-10-08 20:24:30.55116523 +0800 CST m=+15.731134228 (1 nodes), highestTerm is 7, 1.901µs from start of poll, 3.407656058s from cluster start. Timeout at 2026-10-08 20:24:30.656180556 +0800 CST m=+15.836149663, 105.015435ms after stability
2026-10-08T20:24:30.657+0800 [INFO]  server-befb3a6a-ea4f-2615-aaeb-c1cbf141d881: starting snapshot up to: index=26
2026-10-08T20:24:30.657+0800 [INFO]  creating new snapshot: path=/home/nitro/Desktop/consensus-assurance/baseline/runs/2026-10-08_19-48-15-hashicorp_raft-baseline/work/.runtime/tmp/raft2955984702/snapshots/7-26-1791462270657.tmp
2026-10-08T20:24:30.663+0800 [INFO]  server-befb3a6a-ea4f-2615-aaeb-c1cbf141d881: compacting logs: from=1 to=16
2026-10-08T20:24:30.663+0800 [INFO]  server-befb3a6a-ea4f-2615-aaeb-c1cbf141d881: snapshot complete up to: index=26
2026-10-08T20:24:30.666+0800 [INFO]  cluster: starting stability test: raft-state=Leader
2026-10-08T20:24:30.772+0800 [INFO]  cluster: stable state for Leader reached at 2026-10-08 20:24:30.666672712 +0800 CST m=+15.846641676 (1 nodes), highestTerm is 7, 1.147µs from start of poll, 3.523163506s from cluster start. Timeout at 2026-10-08 20:24:30.771681961 +0800 CST m=+15.951650972, 105.009296ms after stability
2026-10-08T20:24:30.774+0800 [INFO]  cluster: starting stability test: raft-state=Leader
2026-10-08T20:24:30.880+0800 [INFO]  cluster: stable state for Leader reached at 2026-10-08 20:24:30.774978261 +0800 CST m=+15.954947368 (1 nodes), highestTerm is 7, 1.995µs from start of poll, 3.631469198s from cluster start. Timeout at 2026-10-08 20:24:30.879988127 +0800 CST m=+16.059957073, 105.009705ms after stability
2026-10-08T20:24:30.884+0800 [INFO]  cluster: starting stability test: raft-state=Leader
2026-10-08T20:24:30.990+0800 [INFO]  cluster: stable state for Leader reached at 2026-10-08 20:24:30.884175226 +0800 CST m=+16.064144303 (1 nodes), highestTerm is 7, 1.343µs from start of poll, 3.740666133s from cluster start. Timeout at 2026-10-08 20:24:30.989219078 +0800 CST m=+16.169188128, 105.043825ms after stability
2026-10-08T20:24:30.995+0800 [INFO]  cluster: starting stability test: raft-state=Leader
2026-10-08T20:24:31.101+0800 [INFO]  cluster: stable state for Leader reached at 2026-10-08 20:24:30.995515948 +0800 CST m=+16.175484998 (1 nodes), highestTerm is 7, 2.002µs from start of poll, 3.852006828s from cluster start. Timeout at 2026-10-08 20:24:31.1005313 +0800 CST m=+16.280500320, 105.015322ms after stability
2026-10-08T20:24:31.102+0800 [DEBUG] server-befb3a6a-ea4f-2615-aaeb-c1cbf141d881: starting leadership transfer: id=<nil> address=<nil>
2026-10-08T20:24:31.102+0800 [INFO]  server-635ca499-91b9-6c93-17bd-4fe16483b012: entering candidate state: node="Node at 635ca499-91b9-6c93-17bd-4fe16483b012 [Candidate]" term=8
2026-10-08T20:24:31.102+0800 [DEBUG] server-635ca499-91b9-6c93-17bd-4fe16483b012: voting for self: term=8 id=server-635ca499-91b9-6c93-17bd-4fe16483b012
2026-10-08T20:24:31.102+0800 [DEBUG] server-635ca499-91b9-6c93-17bd-4fe16483b012: asking for vote: term=8 from=server-cada0649-3457-58ee-fc1d-5d8841004452 address=cada0649-3457-58ee-fc1d-5d8841004452
2026-10-08T20:24:31.102+0800 [DEBUG] server-635ca499-91b9-6c93-17bd-4fe16483b012: asking for vote: term=8 from=server-befb3a6a-ea4f-2615-aaeb-c1cbf141d881 address=befb3a6a-ea4f-2615-aaeb-c1cbf141d881
2026-10-08T20:24:31.102+0800 [DEBUG] server-635ca499-91b9-6c93-17bd-4fe16483b012: calculated votes needed: needed=2 term=8
2026-10-08T20:24:31.102+0800 [DEBUG] server-635ca499-91b9-6c93-17bd-4fe16483b012: vote granted: from=server-635ca499-91b9-6c93-17bd-4fe16483b012 term=8 tally=1
2026-10-08T20:24:31.102+0800 [DEBUG] server-befb3a6a-ea4f-2615-aaeb-c1cbf141d881: lost leadership because received a requestVote with a newer term
2026-10-08T20:24:31.102+0800 [INFO]  server-befb3a6a-ea4f-2615-aaeb-c1cbf141d881: entering follower state: follower="Node at befb3a6a-ea4f-2615-aaeb-c1cbf141d881 [Follower]" leader-address= leader-id=
2026-10-08T20:24:31.102+0800 [INFO]  server-befb3a6a-ea4f-2615-aaeb-c1cbf141d881: aborting pipeline replication: peer="{Voter server-cada0649-3457-58ee-fc1d-5d8841004452 cada0649-3457-58ee-fc1d-5d8841004452}"
2026-10-08T20:24:31.102+0800 [DEBUG] server-befb3a6a-ea4f-2615-aaeb-c1cbf141d881: lost leadership during transfer (expected)
2026-10-08T20:24:31.102+0800 [DEBUG] server-cada0649-3457-58ee-fc1d-5d8841004452: lost leadership because received a requestVote with a newer term
2026-10-08T20:24:31.102+0800 [DEBUG] server-635ca499-91b9-6c93-17bd-4fe16483b012: vote granted: from=server-cada0649-3457-58ee-fc1d-5d8841004452 term=8 tally=2
2026-10-08T20:24:31.102+0800 [INFO]  server-635ca499-91b9-6c93-17bd-4fe16483b012: election won: term=8 tally=2
2026-10-08T20:24:31.102+0800 [INFO]  server-635ca499-91b9-6c93-17bd-4fe16483b012: entering leader state: leader="Node at 635ca499-91b9-6c93-17bd-4fe16483b012 [Leader]"
2026-10-08T20:24:31.102+0800 [INFO]  server-635ca499-91b9-6c93-17bd-4fe16483b012: added peer, starting replication: peer=server-cada0649-3457-58ee-fc1d-5d8841004452
2026-10-08T20:24:31.102+0800 [INFO]  server-635ca499-91b9-6c93-17bd-4fe16483b012: added peer, starting replication: peer=server-befb3a6a-ea4f-2615-aaeb-c1cbf141d881
2026-10-08T20:24:31.102+0800 [INFO]  server-635ca499-91b9-6c93-17bd-4fe16483b012: pipelining replication: peer="{Voter server-befb3a6a-ea4f-2615-aaeb-c1cbf141d881 befb3a6a-ea4f-2615-aaeb-c1cbf141d881}"
2026-10-08T20:24:31.102+0800 [INFO]  server-befb3a6a-ea4f-2615-aaeb-c1cbf141d881: aborting pipeline replication: peer="{Voter server-635ca499-91b9-6c93-17bd-4fe16483b012 635ca499-91b9-6c93-17bd-4fe16483b012}"
2026-10-08T20:24:31.102+0800 [INFO]  server-635ca499-91b9-6c93-17bd-4fe16483b012: pipelining replication: peer="{Voter server-cada0649-3457-58ee-fc1d-5d8841004452 cada0649-3457-58ee-fc1d-5d8841004452}"
2026-10-08T20:24:31.108+0800 [DEBUG] cluster: fully connecting
2026-10-08T20:24:31.114+0800 [DEBUG] cluster: fully connecting
2026-10-08T20:24:31.119+0800 [INFO]  cluster: starting stability test: raft-state=Leader
2026-10-08T20:24:31.119+0800 [DEBUG] cluster: resetting stability timeout
2026-10-08T20:24:31.119+0800 [DEBUG] cluster: resetting stability timeout
2026-10-08T20:24:31.119+0800 [DEBUG] cluster: resetting stability timeout
2026-10-08T20:24:31.120+0800 [DEBUG] cluster: resetting stability timeout
2026-10-08T20:24:31.120+0800 [DEBUG] cluster: resetting stability timeout
2026-10-08T20:24:31.227+0800 [INFO]  cluster: stable state for Leader reached at 2026-10-08 20:24:31.120255971 +0800 CST m=+16.300225089 (1 nodes), highestTerm is 8, 1.014335ms from start of poll, 3.976746919s from cluster start. Timeout at 2026-10-08 20:24:31.225397626 +0800 CST m=+16.405366598, 105.141509ms after stability
2026-10-08T20:24:31.227+0800 [DEBUG] server-635ca499-91b9-6c93-17bd-4fe16483b012: starting leadership transfer: id=<nil> address=<nil>
2026-10-08T20:24:31.227+0800 [INFO]  server-cada0649-3457-58ee-fc1d-5d8841004452: entering candidate state: node="Node at cada0649-3457-58ee-fc1d-5d8841004452 [Candidate]" term=9
2026-10-08T20:24:31.227+0800 [DEBUG] server-cada0649-3457-58ee-fc1d-5d8841004452: asking for vote: term=9 from=server-635ca499-91b9-6c93-17bd-4fe16483b012 address=635ca499-91b9-6c93-17bd-4fe16483b012
2026-10-08T20:24:31.227+0800 [DEBUG] server-cada0649-3457-58ee-fc1d-5d8841004452: voting for self: term=9 id=server-cada0649-3457-58ee-fc1d-5d8841004452
2026-10-08T20:24:31.227+0800 [DEBUG] server-cada0649-3457-58ee-fc1d-5d8841004452: asking for vote: term=9 from=server-befb3a6a-ea4f-2615-aaeb-c1cbf141d881 address=befb3a6a-ea4f-2615-aaeb-c1cbf141d881
2026-10-08T20:24:31.227+0800 [DEBUG] server-cada0649-3457-58ee-fc1d-5d8841004452: calculated votes needed: needed=2 term=9
2026-10-08T20:24:31.227+0800 [DEBUG] server-cada0649-3457-58ee-fc1d-5d8841004452: vote granted: from=server-cada0649-3457-58ee-fc1d-5d8841004452 term=9 tally=1
2026-10-08T20:24:31.227+0800 [DEBUG] server-befb3a6a-ea4f-2615-aaeb-c1cbf141d881: lost leadership because received a requestVote with a newer term
2026-10-08T20:24:31.227+0800 [DEBUG] server-cada0649-3457-58ee-fc1d-5d8841004452: vote granted: from=server-befb3a6a-ea4f-2615-aaeb-c1cbf141d881 term=9 tally=2
2026-10-08T20:24:31.227+0800 [INFO]  server-cada0649-3457-58ee-fc1d-5d8841004452: election won: term=9 tally=2
2026-10-08T20:24:31.227+0800 [INFO]  server-cada0649-3457-58ee-fc1d-5d8841004452: entering leader state: leader="Node at cada0649-3457-58ee-fc1d-5d8841004452 [Leader]"
2026-10-08T20:24:31.227+0800 [INFO]  server-cada0649-3457-58ee-fc1d-5d8841004452: added peer, starting replication: peer=server-635ca499-91b9-6c93-17bd-4fe16483b012
2026-10-08T20:24:31.227+0800 [INFO]  server-cada0649-3457-58ee-fc1d-5d8841004452: added peer, starting replication: peer=server-befb3a6a-ea4f-2615-aaeb-c1cbf141d881
2026-10-08T20:24:31.228+0800 [INFO]  server-cada0649-3457-58ee-fc1d-5d8841004452: pipelining replication: peer="{Voter server-befb3a6a-ea4f-2615-aaeb-c1cbf141d881 befb3a6a-ea4f-2615-aaeb-c1cbf141d881}"
2026-10-08T20:24:31.228+0800 [DEBUG] server-635ca499-91b9-6c93-17bd-4fe16483b012: lost leadership because received a requestVote with a newer term
2026-10-08T20:24:31.228+0800 [INFO]  server-635ca499-91b9-6c93-17bd-4fe16483b012: entering follower state: follower="Node at 635ca499-91b9-6c93-17bd-4fe16483b012 [Follower]" leader-address= leader-id=
2026-10-08T20:24:31.228+0800 [INFO]  server-635ca499-91b9-6c93-17bd-4fe16483b012: aborting pipeline replication: peer="{Voter server-cada0649-3457-58ee-fc1d-5d8841004452 cada0649-3457-58ee-fc1d-5d8841004452}"
2026-10-08T20:24:31.228+0800 [INFO]  server-cada0649-3457-58ee-fc1d-5d8841004452: pipelining replication: peer="{Voter server-635ca499-91b9-6c93-17bd-4fe16483b012 635ca499-91b9-6c93-17bd-4fe16483b012}"
2026-10-08T20:24:31.228+0800 [DEBUG] server-635ca499-91b9-6c93-17bd-4fe16483b012: lost leadership during transfer (expected)
2026-10-08T20:24:31.228+0800 [INFO]  server-635ca499-91b9-6c93-17bd-4fe16483b012: aborting pipeline replication: peer="{Voter server-befb3a6a-ea4f-2615-aaeb-c1cbf141d881 befb3a6a-ea4f-2615-aaeb-c1cbf141d881}"
2026-10-08T20:24:31.230+0800 [INFO]  cluster: starting stability test: raft-state=Leader
2026-10-08T20:24:31.230+0800 [DEBUG] cluster: resetting stability timeout
2026-10-08T20:24:31.230+0800 [DEBUG] cluster: resetting stability timeout
2026-10-08T20:24:31.230+0800 [DEBUG] cluster: resetting stability timeout
2026-10-08T20:24:31.230+0800 [DEBUG] cluster: resetting stability timeout
2026-10-08T20:24:31.230+0800 [DEBUG] cluster: resetting stability timeout
2026-10-08T20:24:31.336+0800 [INFO]  cluster: stable state for Leader reached at 2026-10-08 20:24:31.230519098 +0800 CST m=+16.410488126 (1 nodes), highestTerm is 9, 88.779µs from start of poll, 4.087009956s from cluster start. Timeout at 2026-10-08 20:24:31.335538083 +0800 CST m=+16.515507096, 105.01897ms after stability
2026-10-08T20:24:31.342+0800 [INFO]  cluster: starting stability test: raft-state=Leader
2026-10-08T20:24:31.447+0800 [INFO]  cluster: stable state for Leader reached at 2026-10-08 20:24:31.34266221 +0800 CST m=+16.522631182 (1 nodes), highestTerm is 9, 755ns from start of poll, 4.199153012s from cluster start. Timeout at 2026-10-08 20:24:31.447668187 +0800 CST m=+16.627637173, 105.005991ms after stability
2026-10-08T20:24:31.453+0800 [INFO]  cluster: starting stability test: raft-state=Leader
2026-10-08T20:24:31.558+0800 [INFO]  cluster: stable state for Leader reached at 2026-10-08 20:24:31.453087596 +0800 CST m=+16.633056605 (1 nodes), highestTerm is 9, 708ns from start of poll, 4.309578435s from cluster start. Timeout at 2026-10-08 20:24:31.558112005 +0800 CST m=+16.738081040, 105.024435ms after stability
2026-10-08T20:24:31.567+0800 [INFO]  cluster: starting stability test: raft-state=Leader
2026-10-08T20:24:31.673+0800 [INFO]  cluster: stable state for Leader reached at 2026-10-08 20:24:31.568302135 +0800 CST m=+16.748271249 (1 nodes), highestTerm is 9, 1.964µs from start of poll, 4.424793079s from cluster start. Timeout at 2026-10-08 20:24:31.673312693 +0800 CST m=+16.853281732, 105.010483ms after stability
2026-10-08T20:24:31.674+0800 [INFO]  server-cada0649-3457-58ee-fc1d-5d8841004452: starting snapshot up to: index=34
2026-10-08T20:24:31.674+0800 [INFO]  creating new snapshot: path=/home/nitro/Desktop/consensus-assurance/baseline/runs/2026-10-08_19-48-15-hashicorp_raft-baseline/work/.runtime/tmp/raft2432263939/snapshots/9-34-1791462271674.tmp
2026-10-08T20:24:31.676+0800 [INFO]  reaping snapshot: path=/home/nitro/Desktop/consensus-assurance/baseline/runs/2026-10-08_19-48-15-hashicorp_raft-baseline/work/.runtime/tmp/raft2432263939/snapshots/4-14-1791462268899
2026-10-08T20:24:31.678+0800 [INFO]  server-cada0649-3457-58ee-fc1d-5d8841004452: compacting logs: from=13 to=24
2026-10-08T20:24:31.678+0800 [INFO]  server-cada0649-3457-58ee-fc1d-5d8841004452: snapshot complete up to: index=34
2026-10-08T20:24:31.682+0800 [DEBUG] cluster: fully connecting
2026-10-08T20:24:31.690+0800 [INFO]  cluster: starting stability test: raft-state=Leader
2026-10-08T20:24:31.795+0800 [INFO]  cluster: stable state for Leader reached at 2026-10-08 20:24:31.690210198 +0800 CST m=+16.870179196 (1 nodes), highestTerm is 9, 1.359µs from start of poll, 4.546701026s from cluster start. Timeout at 2026-10-08 20:24:31.795227899 +0800 CST m=+16.975197025, 105.017829ms after stability
2026-10-08T20:24:31.798+0800 [INFO]  cluster: starting stability test: raft-state=Leader
2026-10-08T20:24:31.904+0800 [INFO]  cluster: stable state for Leader reached at 2026-10-08 20:24:31.798567078 +0800 CST m=+16.978536062 (1 nodes), highestTerm is 9, 1.401µs from start of poll, 4.655057892s from cluster start. Timeout at 2026-10-08 20:24:31.903587219 +0800 CST m=+17.083556217, 105.020155ms after stability
2026-10-08T20:24:31.907+0800 [INFO]  cluster: starting stability test: raft-state=Leader
2026-10-08T20:24:32.012+0800 [INFO]  cluster: stable state for Leader reached at 2026-10-08 20:24:31.907523211 +0800 CST m=+17.087492189 (1 nodes), highestTerm is 9, 907ns from start of poll, 4.764014019s from cluster start. Timeout at 2026-10-08 20:24:32.012536843 +0800 CST m=+17.192505950, 105.013761ms after stability
2026-10-08T20:24:32.013+0800 [DEBUG] server-cada0649-3457-58ee-fc1d-5d8841004452: starting leadership transfer: id=<nil> address=<nil>
2026-10-08T20:24:32.014+0800 [INFO]  server-635ca499-91b9-6c93-17bd-4fe16483b012: entering candidate state: node="Node at 635ca499-91b9-6c93-17bd-4fe16483b012 [Candidate]" term=10
2026-10-08T20:24:32.014+0800 [DEBUG] server-635ca499-91b9-6c93-17bd-4fe16483b012: voting for self: term=10 id=server-635ca499-91b9-6c93-17bd-4fe16483b012
2026-10-08T20:24:32.014+0800 [DEBUG] server-635ca499-91b9-6c93-17bd-4fe16483b012: asking for vote: term=10 from=server-cada0649-3457-58ee-fc1d-5d8841004452 address=cada0649-3457-58ee-fc1d-5d8841004452
2026-10-08T20:24:32.014+0800 [DEBUG] server-635ca499-91b9-6c93-17bd-4fe16483b012: asking for vote: term=10 from=server-befb3a6a-ea4f-2615-aaeb-c1cbf141d881 address=befb3a6a-ea4f-2615-aaeb-c1cbf141d881
2026-10-08T20:24:32.014+0800 [DEBUG] server-635ca499-91b9-6c93-17bd-4fe16483b012: calculated votes needed: needed=2 term=10
2026-10-08T20:24:32.014+0800 [DEBUG] server-635ca499-91b9-6c93-17bd-4fe16483b012: vote granted: from=server-635ca499-91b9-6c93-17bd-4fe16483b012 term=10 tally=1
2026-10-08T20:24:32.014+0800 [ERROR] server-cada0649-3457-58ee-fc1d-5d8841004452: peer has newer term, stopping replication: peer="{Voter server-635ca499-91b9-6c93-17bd-4fe16483b012 635ca499-91b9-6c93-17bd-4fe16483b012}"
2026-10-08T20:24:32.014+0800 [INFO]  server-cada0649-3457-58ee-fc1d-5d8841004452: aborting pipeline replication: peer="{Voter server-635ca499-91b9-6c93-17bd-4fe16483b012 635ca499-91b9-6c93-17bd-4fe16483b012}"
2026-10-08T20:24:32.014+0800 [DEBUG] server-cada0649-3457-58ee-fc1d-5d8841004452: lost leadership during transfer (expected)
2026-10-08T20:24:32.014+0800 [DEBUG] server-befb3a6a-ea4f-2615-aaeb-c1cbf141d881: lost leadership because received a requestVote with a newer term
2026-10-08T20:24:32.014+0800 [INFO]  server-cada0649-3457-58ee-fc1d-5d8841004452: aborting pipeline replication: peer="{Voter server-befb3a6a-ea4f-2615-aaeb-c1cbf141d881 befb3a6a-ea4f-2615-aaeb-c1cbf141d881}"
2026-10-08T20:24:32.014+0800 [INFO]  server-cada0649-3457-58ee-fc1d-5d8841004452: entering follower state: follower="Node at cada0649-3457-58ee-fc1d-5d8841004452 [Follower]" leader-address= leader-id=
2026-10-08T20:24:32.014+0800 [DEBUG] server-635ca499-91b9-6c93-17bd-4fe16483b012: vote granted: from=server-befb3a6a-ea4f-2615-aaeb-c1cbf141d881 term=10 tally=2
2026-10-08T20:24:32.014+0800 [DEBUG] server-cada0649-3457-58ee-fc1d-5d8841004452: lost leadership because received a requestVote with a newer term
2026-10-08T20:24:32.014+0800 [INFO]  server-635ca499-91b9-6c93-17bd-4fe16483b012: election won: term=10 tally=2
2026-10-08T20:24:32.015+0800 [INFO]  server-635ca499-91b9-6c93-17bd-4fe16483b012: entering leader state: leader="Node at 635ca499-91b9-6c93-17bd-4fe16483b012 [Leader]"
2026-10-08T20:24:32.015+0800 [INFO]  server-635ca499-91b9-6c93-17bd-4fe16483b012: added peer, starting replication: peer=server-cada0649-3457-58ee-fc1d-5d8841004452
2026-10-08T20:24:32.015+0800 [INFO]  server-635ca499-91b9-6c93-17bd-4fe16483b012: added peer, starting replication: peer=server-befb3a6a-ea4f-2615-aaeb-c1cbf141d881
2026-10-08T20:24:32.015+0800 [INFO]  server-635ca499-91b9-6c93-17bd-4fe16483b012: pipelining replication: peer="{Voter server-befb3a6a-ea4f-2615-aaeb-c1cbf141d881 befb3a6a-ea4f-2615-aaeb-c1cbf141d881}"
2026-10-08T20:24:32.015+0800 [INFO]  server-635ca499-91b9-6c93-17bd-4fe16483b012: pipelining replication: peer="{Voter server-cada0649-3457-58ee-fc1d-5d8841004452 cada0649-3457-58ee-fc1d-5d8841004452}"
2026-10-08T20:24:32.022+0800 [INFO]  cluster: starting stability test: raft-state=Leader
2026-10-08T20:24:32.022+0800 [DEBUG] cluster: resetting stability timeout
2026-10-08T20:24:32.022+0800 [DEBUG] cluster: resetting stability timeout
2026-10-08T20:24:32.022+0800 [DEBUG] cluster: resetting stability timeout
2026-10-08T20:24:32.022+0800 [DEBUG] cluster: resetting stability timeout
2026-10-08T20:24:32.022+0800 [DEBUG] cluster: resetting stability timeout
2026-10-08T20:24:32.127+0800 [INFO]  cluster: stable state for Leader reached at 2026-10-08 20:24:32.022313352 +0800 CST m=+17.202282398 (1 nodes), highestTerm is 10, 100.778µs from start of poll, 4.878804228s from cluster start. Timeout at 2026-10-08 20:24:32.127316586 +0800 CST m=+17.307285580, 105.003182ms after stability
2026-10-08T20:24:32.127+0800 [DEBUG] server-635ca499-91b9-6c93-17bd-4fe16483b012: starting leadership transfer: id=<nil> address=<nil>
2026-10-08T20:24:32.127+0800 [INFO]  server-cada0649-3457-58ee-fc1d-5d8841004452: entering candidate state: node="Node at cada0649-3457-58ee-fc1d-5d8841004452 [Candidate]" term=11
2026-10-08T20:24:32.127+0800 [DEBUG] server-cada0649-3457-58ee-fc1d-5d8841004452: asking for vote: term=11 from=server-635ca499-91b9-6c93-17bd-4fe16483b012 address=635ca499-91b9-6c93-17bd-4fe16483b012
2026-10-08T20:24:32.127+0800 [DEBUG] server-cada0649-3457-58ee-fc1d-5d8841004452: voting for self: term=11 id=server-cada0649-3457-58ee-fc1d-5d8841004452
2026-10-08T20:24:32.127+0800 [DEBUG] server-cada0649-3457-58ee-fc1d-5d8841004452: asking for vote: term=11 from=server-befb3a6a-ea4f-2615-aaeb-c1cbf141d881 address=befb3a6a-ea4f-2615-aaeb-c1cbf141d881
2026-10-08T20:24:32.127+0800 [DEBUG] server-cada0649-3457-58ee-fc1d-5d8841004452: calculated votes needed: needed=2 term=11
2026-10-08T20:24:32.127+0800 [DEBUG] server-cada0649-3457-58ee-fc1d-5d8841004452: vote granted: from=server-cada0649-3457-58ee-fc1d-5d8841004452 term=11 tally=1
2026-10-08T20:24:32.127+0800 [DEBUG] server-befb3a6a-ea4f-2615-aaeb-c1cbf141d881: lost leadership because received a requestVote with a newer term
2026-10-08T20:24:32.127+0800 [DEBUG] server-cada0649-3457-58ee-fc1d-5d8841004452: vote granted: from=server-befb3a6a-ea4f-2615-aaeb-c1cbf141d881 term=11 tally=2
2026-10-08T20:24:32.128+0800 [INFO]  server-cada0649-3457-58ee-fc1d-5d8841004452: election won: term=11 tally=2
2026-10-08T20:24:32.128+0800 [INFO]  server-cada0649-3457-58ee-fc1d-5d8841004452: entering leader state: leader="Node at cada0649-3457-58ee-fc1d-5d8841004452 [Leader]"
2026-10-08T20:24:32.128+0800 [INFO]  server-cada0649-3457-58ee-fc1d-5d8841004452: added peer, starting replication: peer=server-635ca499-91b9-6c93-17bd-4fe16483b012
2026-10-08T20:24:32.128+0800 [INFO]  server-cada0649-3457-58ee-fc1d-5d8841004452: added peer, starting replication: peer=server-befb3a6a-ea4f-2615-aaeb-c1cbf141d881
2026-10-08T20:24:32.128+0800 [DEBUG] server-635ca499-91b9-6c93-17bd-4fe16483b012: lost leadership because received a requestVote with a newer term
2026-10-08T20:24:32.128+0800 [INFO]  server-635ca499-91b9-6c93-17bd-4fe16483b012: entering follower state: follower="Node at 635ca499-91b9-6c93-17bd-4fe16483b012 [Follower]" leader-address= leader-id=
2026-10-08T20:24:32.128+0800 [INFO]  server-cada0649-3457-58ee-fc1d-5d8841004452: pipelining replication: peer="{Voter server-befb3a6a-ea4f-2615-aaeb-c1cbf141d881 befb3a6a-ea4f-2615-aaeb-c1cbf141d881}"
2026-10-08T20:24:32.128+0800 [INFO]  server-635ca499-91b9-6c93-17bd-4fe16483b012: aborting pipeline replication: peer="{Voter server-befb3a6a-ea4f-2615-aaeb-c1cbf141d881 befb3a6a-ea4f-2615-aaeb-c1cbf141d881}"
2026-10-08T20:24:32.128+0800 [DEBUG] server-635ca499-91b9-6c93-17bd-4fe16483b012: lost leadership during transfer (expected)
2026-10-08T20:24:32.128+0800 [INFO]  server-cada0649-3457-58ee-fc1d-5d8841004452: pipelining replication: peer="{Voter server-635ca499-91b9-6c93-17bd-4fe16483b012 635ca499-91b9-6c93-17bd-4fe16483b012}"
2026-10-08T20:24:32.128+0800 [INFO]  server-635ca499-91b9-6c93-17bd-4fe16483b012: aborting pipeline replication: peer="{Voter server-cada0649-3457-58ee-fc1d-5d8841004452 cada0649-3457-58ee-fc1d-5d8841004452}"
2026-10-08T20:24:32.132+0800 [INFO]  cluster: starting stability test: raft-state=Leader
2026-10-08T20:24:32.133+0800 [DEBUG] cluster: resetting stability timeout
2026-10-08T20:24:32.133+0800 [DEBUG] cluster: resetting stability timeout
2026-10-08T20:24:32.133+0800 [DEBUG] cluster: resetting stability timeout
2026-10-08T20:24:32.133+0800 [DEBUG] cluster: resetting stability timeout
2026-10-08T20:24:32.133+0800 [DEBUG] cluster: resetting stability timeout
2026-10-08T20:24:32.239+0800 [INFO]  cluster: stable state for Leader reached at 2026-10-08 20:24:32.13316262 +0800 CST m=+17.313131709 (1 nodes), highestTerm is 11, 179.409µs from start of poll, 4.989653539s from cluster start. Timeout at 2026-10-08 20:24:32.238177027 +0800 CST m=+17.418146147, 105.014438ms after stability
2026-10-08T20:24:32.245+0800 [DEBUG] cluster: fully connecting
2026-10-08T20:24:32.247+0800 [INFO]  cluster: starting stability test: raft-state=Leader
2026-10-08T20:24:32.353+0800 [INFO]  cluster: stable state for Leader reached at 2026-10-08 20:24:32.248025092 +0800 CST m=+17.427994141 (1 nodes), highestTerm is 11, 2.032µs from start of poll, 5.104515971s from cluster start. Timeout at 2026-10-08 20:24:32.353037289 +0800 CST m=+17.533006297, 105.012156ms after stability
2026-10-08T20:24:32.360+0800 [DEBUG] cluster: fully connecting
2026-10-08T20:24:32.363+0800 [INFO]  cluster: starting stability test: raft-state=Leader
2026-10-08T20:24:32.469+0800 [INFO]  cluster: stable state for Leader reached at 2026-10-08 20:24:32.363593682 +0800 CST m=+17.543562733 (1 nodes), highestTerm is 11, 1.403µs from start of poll, 5.220084563s from cluster start. Timeout at 2026-10-08 20:24:32.468630372 +0800 CST m=+17.648599425, 105.036692ms after stability
2026-10-08T20:24:32.472+0800 [INFO]  cluster: starting stability test: raft-state=Leader
2026-10-08T20:24:32.578+0800 [INFO]  cluster: stable state for Leader reached at 2026-10-08 20:24:32.472962886 +0800 CST m=+17.652931932 (1 nodes), highestTerm is 11, 1.284µs from start of poll, 5.329453762s from cluster start. Timeout at 2026-10-08 20:24:32.577981596 +0800 CST m=+17.757950676, 105.018744ms after stability
2026-10-08T20:24:32.581+0800 [DEBUG] cluster: fully connecting
2026-10-08T20:24:32.590+0800 [INFO]  cluster: starting stability test: raft-state=Leader
2026-10-08T20:24:32.695+0800 [INFO]  cluster: stable state for Leader reached at 2026-10-08 20:24:32.590272954 +0800 CST m=+17.770241922 (1 nodes), highestTerm is 11, 638ns from start of poll, 5.446763752s from cluster start. Timeout at 2026-10-08 20:24:32.695302702 +0800 CST m=+17.875271741, 105.029819ms after stability
2026-10-08T20:24:32.696+0800 [INFO]  server-cada0649-3457-58ee-fc1d-5d8841004452: starting snapshot up to: index=42
2026-10-08T20:24:32.696+0800 [INFO]  creating new snapshot: path=/home/nitro/Desktop/consensus-assurance/baseline/runs/2026-10-08_19-48-15-hashicorp_raft-baseline/work/.runtime/tmp/raft2432263939/snapshots/11-42-1791462272696.tmp
2026-10-08T20:24:32.699+0800 [INFO]  reaping snapshot: path=/home/nitro/Desktop/consensus-assurance/baseline/runs/2026-10-08_19-48-15-hashicorp_raft-baseline/work/.runtime/tmp/raft2432263939/snapshots/6-21-1791462269807
2026-10-08T20:24:32.700+0800 [INFO]  server-cada0649-3457-58ee-fc1d-5d8841004452: compacting logs: from=25 to=32
2026-10-08T20:24:32.700+0800 [INFO]  server-cada0649-3457-58ee-fc1d-5d8841004452: snapshot complete up to: index=42
2026-10-08T20:24:32.707+0800 [INFO]  cluster: starting stability test: raft-state=Leader
2026-10-08T20:24:32.813+0800 [INFO]  cluster: stable state for Leader reached at 2026-10-08 20:24:32.707748077 +0800 CST m=+17.887717128 (1 nodes), highestTerm is 11, 1.686µs from start of poll, 5.564238958s from cluster start. Timeout at 2026-10-08 20:24:32.812758302 +0800 CST m=+17.992727321, 105.010193ms after stability
2026-10-08T20:24:32.820+0800 [INFO]  cluster: starting stability test: raft-state=Leader
2026-10-08T20:24:32.925+0800 [INFO]  cluster: stable state for Leader reached at 2026-10-08 20:24:32.820180921 +0800 CST m=+18.000149964 (1 nodes), highestTerm is 11, 1.734µs from start of poll, 5.676671794s from cluster start. Timeout at 2026-10-08 20:24:32.925192163 +0800 CST m=+18.105161133, 105.011169ms after stability
2026-10-08T20:24:32.926+0800 [DEBUG] cluster: disconnecting: address=cada0649-3457-58ee-fc1d-5d8841004452
2026-10-08T20:24:32.930+0800 [INFO]  cluster: starting stability test: raft-state=Leader
2026-10-08T20:24:32.931+0800 [ERROR] server-cada0649-3457-58ee-fc1d-5d8841004452: failed to pipeline appendEntries: peer="{Voter server-befb3a6a-ea4f-2615-aaeb-c1cbf141d881 befb3a6a-ea4f-2615-aaeb-c1cbf141d881}" error="append pipeline closed"
2026-10-08T20:24:32.931+0800 [INFO]  server-cada0649-3457-58ee-fc1d-5d8841004452: aborting pipeline replication: peer="{Voter server-befb3a6a-ea4f-2615-aaeb-c1cbf141d881 befb3a6a-ea4f-2615-aaeb-c1cbf141d881}"
2026-10-08T20:24:32.932+0800 [ERROR] server-cada0649-3457-58ee-fc1d-5d8841004452: failed to heartbeat to: peer=befb3a6a-ea4f-2615-aaeb-c1cbf141d881 backoff time=10ms error="failed to connect to peer: befb3a6a-ea4f-2615-aaeb-c1cbf141d881"
2026-10-08T20:24:32.933+0800 [ERROR] server-cada0649-3457-58ee-fc1d-5d8841004452: failed to heartbeat to: peer=635ca499-91b9-6c93-17bd-4fe16483b012 backoff time=10ms error="failed to connect to peer: 635ca499-91b9-6c93-17bd-4fe16483b012"
2026-10-08T20:24:32.934+0800 [ERROR] server-cada0649-3457-58ee-fc1d-5d8841004452: failed to pipeline appendEntries: peer="{Voter server-635ca499-91b9-6c93-17bd-4fe16483b012 635ca499-91b9-6c93-17bd-4fe16483b012}" error="append pipeline closed"
2026-10-08T20:24:32.934+0800 [INFO]  server-cada0649-3457-58ee-fc1d-5d8841004452: aborting pipeline replication: peer="{Voter server-635ca499-91b9-6c93-17bd-4fe16483b012 635ca499-91b9-6c93-17bd-4fe16483b012}"
2026-10-08T20:24:32.938+0800 [ERROR] server-cada0649-3457-58ee-fc1d-5d8841004452: failed to appendEntries to: peer="{Voter server-befb3a6a-ea4f-2615-aaeb-c1cbf141d881 befb3a6a-ea4f-2615-aaeb-c1cbf141d881}" error="failed to connect to peer: befb3a6a-ea4f-2615-aaeb-c1cbf141d881"
2026-10-08T20:24:32.944+0800 [ERROR] server-cada0649-3457-58ee-fc1d-5d8841004452: failed to appendEntries to: peer="{Voter server-635ca499-91b9-6c93-17bd-4fe16483b012 635ca499-91b9-6c93-17bd-4fe16483b012}" error="failed to connect to peer: 635ca499-91b9-6c93-17bd-4fe16483b012"
2026-10-08T20:24:32.952+0800 [ERROR] server-cada0649-3457-58ee-fc1d-5d8841004452: failed to heartbeat to: peer=635ca499-91b9-6c93-17bd-4fe16483b012 backoff time=10ms error="failed to connect to peer: 635ca499-91b9-6c93-17bd-4fe16483b012"
2026-10-08T20:24:32.954+0800 [ERROR] server-cada0649-3457-58ee-fc1d-5d8841004452: failed to heartbeat to: peer=befb3a6a-ea4f-2615-aaeb-c1cbf141d881 backoff time=10ms error="failed to connect to peer: befb3a6a-ea4f-2615-aaeb-c1cbf141d881"
2026-10-08T20:24:32.958+0800 [ERROR] server-cada0649-3457-58ee-fc1d-5d8841004452: failed to appendEntries to: peer="{Voter server-befb3a6a-ea4f-2615-aaeb-c1cbf141d881 befb3a6a-ea4f-2615-aaeb-c1cbf141d881}" error="failed to connect to peer: befb3a6a-ea4f-2615-aaeb-c1cbf141d881"
2026-10-08T20:24:32.961+0800 [ERROR] server-cada0649-3457-58ee-fc1d-5d8841004452: failed to appendEntries to: peer="{Voter server-635ca499-91b9-6c93-17bd-4fe16483b012 635ca499-91b9-6c93-17bd-4fe16483b012}" error="failed to connect to peer: 635ca499-91b9-6c93-17bd-4fe16483b012"
2026-10-08T20:24:32.973+0800 [ERROR] server-cada0649-3457-58ee-fc1d-5d8841004452: failed to heartbeat to: peer=635ca499-91b9-6c93-17bd-4fe16483b012 backoff time=10ms error="failed to connect to peer: 635ca499-91b9-6c93-17bd-4fe16483b012"
2026-10-08T20:24:32.975+0800 [WARN]  server-cada0649-3457-58ee-fc1d-5d8841004452: failed to contact: server-id=server-635ca499-91b9-6c93-17bd-4fe16483b012 time=50.167344ms
2026-10-08T20:24:32.975+0800 [WARN]  server-cada0649-3457-58ee-fc1d-5d8841004452: failed to contact: server-id=server-befb3a6a-ea4f-2615-aaeb-c1cbf141d881 time=50.206846ms
2026-10-08T20:24:32.975+0800 [WARN]  server-cada0649-3457-58ee-fc1d-5d8841004452: failed to contact quorum of nodes, stepping down
2026-10-08T20:24:32.975+0800 [INFO]  server-cada0649-3457-58ee-fc1d-5d8841004452: entering follower state: follower="Node at cada0649-3457-58ee-fc1d-5d8841004452 [Follower]" leader-address= leader-id=
2026-10-08T20:24:32.975+0800 [DEBUG] cluster: resetting stability timeout
2026-10-08T20:24:32.975+0800 [ERROR] server-cada0649-3457-58ee-fc1d-5d8841004452: failed to heartbeat to: peer=befb3a6a-ea4f-2615-aaeb-c1cbf141d881 backoff time=10ms error="failed to connect to peer: befb3a6a-ea4f-2615-aaeb-c1cbf141d881"
2026-10-08T20:24:32.976+0800 [ERROR] server-cada0649-3457-58ee-fc1d-5d8841004452: failed to appendEntries to: peer="{Voter server-befb3a6a-ea4f-2615-aaeb-c1cbf141d881 befb3a6a-ea4f-2615-aaeb-c1cbf141d881}" error="failed to connect to peer: befb3a6a-ea4f-2615-aaeb-c1cbf141d881"
2026-10-08T20:24:32.979+0800 [ERROR] server-cada0649-3457-58ee-fc1d-5d8841004452: failed to appendEntries to: peer="{Voter server-635ca499-91b9-6c93-17bd-4fe16483b012 635ca499-91b9-6c93-17bd-4fe16483b012}" error="failed to connect to peer: 635ca499-91b9-6c93-17bd-4fe16483b012"
2026-10-08T20:24:33.010+0800 [WARN]  server-635ca499-91b9-6c93-17bd-4fe16483b012: heartbeat timeout reached, starting election: last-leader-addr=cada0649-3457-58ee-fc1d-5d8841004452 last-leader-id=server-cada0649-3457-58ee-fc1d-5d8841004452
2026-10-08T20:24:33.010+0800 [INFO]  server-635ca499-91b9-6c93-17bd-4fe16483b012: entering candidate state: node="Node at 635ca499-91b9-6c93-17bd-4fe16483b012 [Candidate]" term=12
2026-10-08T20:24:33.010+0800 [DEBUG] server-635ca499-91b9-6c93-17bd-4fe16483b012: pre-voting for self: term=12 id=server-635ca499-91b9-6c93-17bd-4fe16483b012
2026-10-08T20:24:33.010+0800 [DEBUG] server-635ca499-91b9-6c93-17bd-4fe16483b012: asking for pre-vote: term=12 from=server-cada0649-3457-58ee-fc1d-5d8841004452 address=cada0649-3457-58ee-fc1d-5d8841004452
2026-10-08T20:24:33.010+0800 [DEBUG] server-635ca499-91b9-6c93-17bd-4fe16483b012: asking for pre-vote: term=12 from=server-befb3a6a-ea4f-2615-aaeb-c1cbf141d881 address=befb3a6a-ea4f-2615-aaeb-c1cbf141d881
2026-10-08T20:24:33.010+0800 [DEBUG] server-635ca499-91b9-6c93-17bd-4fe16483b012: calculated votes needed: needed=2 term=12
2026-10-08T20:24:33.010+0800 [DEBUG] server-635ca499-91b9-6c93-17bd-4fe16483b012: pre-vote received: from=server-635ca499-91b9-6c93-17bd-4fe16483b012 term=12 tally=0
2026-10-08T20:24:33.010+0800 [DEBUG] server-635ca499-91b9-6c93-17bd-4fe16483b012: pre-vote granted: from=server-635ca499-91b9-6c93-17bd-4fe16483b012 term=12 tally=1
2026-10-08T20:24:33.010+0800 [WARN]  server-befb3a6a-ea4f-2615-aaeb-c1cbf141d881: rejecting pre-vote request since we have a leader: from=635ca499-91b9-6c93-17bd-4fe16483b012 leader=cada0649-3457-58ee-fc1d-5d8841004452 leader-id=server-cada0649-3457-58ee-fc1d-5d8841004452
2026-10-08T20:24:33.010+0800 [DEBUG] server-635ca499-91b9-6c93-17bd-4fe16483b012: pre-vote received: from=server-befb3a6a-ea4f-2615-aaeb-c1cbf141d881 term=11 tally=1
2026-10-08T20:24:33.010+0800 [DEBUG] server-635ca499-91b9-6c93-17bd-4fe16483b012: pre-vote denied: from=server-befb3a6a-ea4f-2615-aaeb-c1cbf141d881 term=11 tally=1
2026-10-08T20:24:33.010+0800 [DEBUG] cluster: resetting stability timeout
2026-10-08T20:24:33.010+0800 [ERROR] server-635ca499-91b9-6c93-17bd-4fe16483b012: failed to make requestVote RPC: target="{Voter server-cada0649-3457-58ee-fc1d-5d8841004452 cada0649-3457-58ee-fc1d-5d8841004452}" error="failed to connect to peer: cada0649-3457-58ee-fc1d-5d8841004452" term=12
2026-10-08T20:24:33.010+0800 [DEBUG] server-635ca499-91b9-6c93-17bd-4fe16483b012: pre-vote received: from=server-cada0649-3457-58ee-fc1d-5d8841004452 term=12 tally=1
2026-10-08T20:24:33.010+0800 [DEBUG] server-635ca499-91b9-6c93-17bd-4fe16483b012: pre-vote denied: from=server-cada0649-3457-58ee-fc1d-5d8841004452 term=12 tally=1
2026-10-08T20:24:33.011+0800 [INFO]  server-635ca499-91b9-6c93-17bd-4fe16483b012: pre-vote campaign failed, waiting for election timeout: term=12 tally=1 refused=2 votesNeeded=2
2026-10-08T20:24:33.021+0800 [WARN]  server-befb3a6a-ea4f-2615-aaeb-c1cbf141d881: heartbeat timeout reached, starting election: last-leader-addr=cada0649-3457-58ee-fc1d-5d8841004452 last-leader-id=server-cada0649-3457-58ee-fc1d-5d8841004452
2026-10-08T20:24:33.021+0800 [INFO]  server-befb3a6a-ea4f-2615-aaeb-c1cbf141d881: entering candidate state: node="Node at befb3a6a-ea4f-2615-aaeb-c1cbf141d881 [Candidate]" term=12
2026-10-08T20:24:33.021+0800 [DEBUG] server-befb3a6a-ea4f-2615-aaeb-c1cbf141d881: asking for pre-vote: term=12 from=server-635ca499-91b9-6c93-17bd-4fe16483b012 address=635ca499-91b9-6c93-17bd-4fe16483b012
2026-10-08T20:24:33.021+0800 [DEBUG] server-befb3a6a-ea4f-2615-aaeb-c1cbf141d881: asking for pre-vote: term=12 from=server-cada0649-3457-58ee-fc1d-5d8841004452 address=cada0649-3457-58ee-fc1d-5d8841004452
2026-10-08T20:24:33.021+0800 [DEBUG] server-befb3a6a-ea4f-2615-aaeb-c1cbf141d881: pre-voting for self: term=12 id=server-befb3a6a-ea4f-2615-aaeb-c1cbf141d881
2026-10-08T20:24:33.021+0800 [DEBUG] server-befb3a6a-ea4f-2615-aaeb-c1cbf141d881: calculated votes needed: needed=2 term=12
2026-10-08T20:24:33.021+0800 [DEBUG] server-befb3a6a-ea4f-2615-aaeb-c1cbf141d881: pre-vote received: from=server-befb3a6a-ea4f-2615-aaeb-c1cbf141d881 term=12 tally=0
2026-10-08T20:24:33.021+0800 [DEBUG] server-befb3a6a-ea4f-2615-aaeb-c1cbf141d881: pre-vote granted: from=server-befb3a6a-ea4f-2615-aaeb-c1cbf141d881 term=12 tally=1
2026-10-08T20:24:33.022+0800 [DEBUG] cluster: resetting stability timeout
2026-10-08T20:24:33.022+0800 [ERROR] server-befb3a6a-ea4f-2615-aaeb-c1cbf141d881: failed to make requestVote RPC: target="{Voter server-cada0649-3457-58ee-fc1d-5d8841004452 cada0649-3457-58ee-fc1d-5d8841004452}" error="failed to connect to peer: cada0649-3457-58ee-fc1d-5d8841004452" term=12
2026-10-08T20:24:33.022+0800 [DEBUG] server-befb3a6a-ea4f-2615-aaeb-c1cbf141d881: pre-vote received: from=server-cada0649-3457-58ee-fc1d-5d8841004452 term=12 tally=1
2026-10-08T20:24:33.022+0800 [DEBUG] server-befb3a6a-ea4f-2615-aaeb-c1cbf141d881: pre-vote denied: from=server-cada0649-3457-58ee-fc1d-5d8841004452 term=12 tally=1
2026-10-08T20:24:33.022+0800 [DEBUG] server-635ca499-91b9-6c93-17bd-4fe16483b012: received a requestPreVote with a newer term, grant the pre-vote
2026-10-08T20:24:33.022+0800 [DEBUG] server-befb3a6a-ea4f-2615-aaeb-c1cbf141d881: pre-vote received: from=server-635ca499-91b9-6c93-17bd-4fe16483b012 term=12 tally=1
2026-10-08T20:24:33.022+0800 [DEBUG] server-befb3a6a-ea4f-2615-aaeb-c1cbf141d881: pre-vote granted: from=server-635ca499-91b9-6c93-17bd-4fe16483b012 term=12 tally=2
2026-10-08T20:24:33.022+0800 [INFO]  server-befb3a6a-ea4f-2615-aaeb-c1cbf141d881: pre-vote successful, starting election: term=12 tally=2 refused=1 votesNeeded=2
2026-10-08T20:24:33.022+0800 [DEBUG] server-befb3a6a-ea4f-2615-aaeb-c1cbf141d881: asking for vote: term=12 from=server-635ca499-91b9-6c93-17bd-4fe16483b012 address=635ca499-91b9-6c93-17bd-4fe16483b012
2026-10-08T20:24:33.022+0800 [DEBUG] server-befb3a6a-ea4f-2615-aaeb-c1cbf141d881: asking for vote: term=12 from=server-cada0649-3457-58ee-fc1d-5d8841004452 address=cada0649-3457-58ee-fc1d-5d8841004452
2026-10-08T20:24:33.022+0800 [DEBUG] server-befb3a6a-ea4f-2615-aaeb-c1cbf141d881: voting for self: term=12 id=server-befb3a6a-ea4f-2615-aaeb-c1cbf141d881
2026-10-08T20:24:33.022+0800 [DEBUG] server-befb3a6a-ea4f-2615-aaeb-c1cbf141d881: vote granted: from=server-befb3a6a-ea4f-2615-aaeb-c1cbf141d881 term=12 tally=1
2026-10-08T20:24:33.022+0800 [ERROR] server-befb3a6a-ea4f-2615-aaeb-c1cbf141d881: failed to make requestVote RPC: target="{Voter server-cada0649-3457-58ee-fc1d-5d8841004452 cada0649-3457-58ee-fc1d-5d8841004452}" error="failed to connect to peer: cada0649-3457-58ee-fc1d-5d8841004452" term=12
2026-10-08T20:24:33.022+0800 [DEBUG] server-635ca499-91b9-6c93-17bd-4fe16483b012: lost leadership because received a requestVote with a newer term
2026-10-08T20:24:33.022+0800 [INFO]  server-635ca499-91b9-6c93-17bd-4fe16483b012: entering follower state: follower="Node at 635ca499-91b9-6c93-17bd-4fe16483b012 [Follower]" leader-address= leader-id=
2026-10-08T20:24:33.022+0800 [DEBUG] server-befb3a6a-ea4f-2615-aaeb-c1cbf141d881: vote granted: from=server-635ca499-91b9-6c93-17bd-4fe16483b012 term=12 tally=2
2026-10-08T20:24:33.022+0800 [INFO]  server-befb3a6a-ea4f-2615-aaeb-c1cbf141d881: election won: term=12 tally=2
2026-10-08T20:24:33.022+0800 [INFO]  server-befb3a6a-ea4f-2615-aaeb-c1cbf141d881: entering leader state: leader="Node at befb3a6a-ea4f-2615-aaeb-c1cbf141d881 [Leader]"
2026-10-08T20:24:33.022+0800 [INFO]  server-befb3a6a-ea4f-2615-aaeb-c1cbf141d881: added peer, starting replication: peer=server-635ca499-91b9-6c93-17bd-4fe16483b012
2026-10-08T20:24:33.022+0800 [INFO]  server-befb3a6a-ea4f-2615-aaeb-c1cbf141d881: added peer, starting replication: peer=server-cada0649-3457-58ee-fc1d-5d8841004452
2026-10-08T20:24:33.023+0800 [DEBUG] cluster: resetting stability timeout
2026-10-08T20:24:33.023+0800 [DEBUG] cluster: resetting stability timeout
2026-10-08T20:24:33.023+0800 [DEBUG] cluster: resetting stability timeout
2026-10-08T20:24:33.023+0800 [ERROR] server-befb3a6a-ea4f-2615-aaeb-c1cbf141d881: failed to appendEntries to: peer="{Voter server-cada0649-3457-58ee-fc1d-5d8841004452 cada0649-3457-58ee-fc1d-5d8841004452}" error="failed to connect to peer: cada0649-3457-58ee-fc1d-5d8841004452"
2026-10-08T20:24:33.023+0800 [INFO]  server-befb3a6a-ea4f-2615-aaeb-c1cbf141d881: pipelining replication: peer="{Voter server-635ca499-91b9-6c93-17bd-4fe16483b012 635ca499-91b9-6c93-17bd-4fe16483b012}"
2026-10-08T20:24:33.028+0800 [ERROR] server-befb3a6a-ea4f-2615-aaeb-c1cbf141d881: failed to heartbeat to: peer=cada0649-3457-58ee-fc1d-5d8841004452 backoff time=10ms error="failed to connect to peer: cada0649-3457-58ee-fc1d-5d8841004452"
2026-10-08T20:24:33.039+0800 [ERROR] server-befb3a6a-ea4f-2615-aaeb-c1cbf141d881: failed to appendEntries to: peer="{Voter server-cada0649-3457-58ee-fc1d-5d8841004452 cada0649-3457-58ee-fc1d-5d8841004452}" error="failed to connect to peer: cada0649-3457-58ee-fc1d-5d8841004452"
2026-10-08T20:24:33.046+0800 [ERROR] server-befb3a6a-ea4f-2615-aaeb-c1cbf141d881: failed to heartbeat to: peer=cada0649-3457-58ee-fc1d-5d8841004452 backoff time=10ms error="failed to connect to peer: cada0649-3457-58ee-fc1d-5d8841004452"
2026-10-08T20:24:33.057+0800 [ERROR] server-befb3a6a-ea4f-2615-aaeb-c1cbf141d881: failed to appendEntries to: peer="{Voter server-cada0649-3457-58ee-fc1d-5d8841004452 cada0649-3457-58ee-fc1d-5d8841004452}" error="failed to connect to peer: cada0649-3457-58ee-fc1d-5d8841004452"
2026-10-08T20:24:33.066+0800 [WARN]  server-cada0649-3457-58ee-fc1d-5d8841004452: heartbeat timeout reached, starting election: last-leader-addr= last-leader-id=
2026-10-08T20:24:33.066+0800 [INFO]  server-cada0649-3457-58ee-fc1d-5d8841004452: entering candidate state: node="Node at cada0649-3457-58ee-fc1d-5d8841004452 [Candidate]" term=12
2026-10-08T20:24:33.066+0800 [DEBUG] server-cada0649-3457-58ee-fc1d-5d8841004452: asking for pre-vote: term=12 from=server-635ca499-91b9-6c93-17bd-4fe16483b012 address=635ca499-91b9-6c93-17bd-4fe16483b012
2026-10-08T20:24:33.066+0800 [DEBUG] server-cada0649-3457-58ee-fc1d-5d8841004452: pre-voting for self: term=12 id=server-cada0649-3457-58ee-fc1d-5d8841004452
2026-10-08T20:24:33.066+0800 [DEBUG] server-cada0649-3457-58ee-fc1d-5d8841004452: asking for pre-vote: term=12 from=server-befb3a6a-ea4f-2615-aaeb-c1cbf141d881 address=befb3a6a-ea4f-2615-aaeb-c1cbf141d881
2026-10-08T20:24:33.066+0800 [DEBUG] server-cada0649-3457-58ee-fc1d-5d8841004452: calculated votes needed: needed=2 term=12
2026-10-08T20:24:33.066+0800 [DEBUG] server-cada0649-3457-58ee-fc1d-5d8841004452: pre-vote received: from=server-cada0649-3457-58ee-fc1d-5d8841004452 term=12 tally=0
2026-10-08T20:24:33.066+0800 [DEBUG] server-cada0649-3457-58ee-fc1d-5d8841004452: pre-vote granted: from=server-cada0649-3457-58ee-fc1d-5d8841004452 term=12 tally=1
2026-10-08T20:24:33.066+0800 [ERROR] server-befb3a6a-ea4f-2615-aaeb-c1cbf141d881: failed to heartbeat to: peer=cada0649-3457-58ee-fc1d-5d8841004452 backoff time=10ms error="failed to connect to peer: cada0649-3457-58ee-fc1d-5d8841004452"
2026-10-08T20:24:33.066+0800 [ERROR] server-cada0649-3457-58ee-fc1d-5d8841004452: failed to make requestVote RPC: target="{Voter server-befb3a6a-ea4f-2615-aaeb-c1cbf141d881 befb3a6a-ea4f-2615-aaeb-c1cbf141d881}" error="failed to connect to peer: befb3a6a-ea4f-2615-aaeb-c1cbf141d881" term=12
2026-10-08T20:24:33.066+0800 [DEBUG] cluster: resetting stability timeout
2026-10-08T20:24:33.066+0800 [DEBUG] server-cada0649-3457-58ee-fc1d-5d8841004452: pre-vote received: from=server-befb3a6a-ea4f-2615-aaeb-c1cbf141d881 term=12 tally=1
2026-10-08T20:24:33.066+0800 [DEBUG] server-cada0649-3457-58ee-fc1d-5d8841004452: pre-vote denied: from=server-befb3a6a-ea4f-2615-aaeb-c1cbf141d881 term=12 tally=1
2026-10-08T20:24:33.066+0800 [ERROR] server-cada0649-3457-58ee-fc1d-5d8841004452: failed to make requestVote RPC: target="{Voter server-635ca499-91b9-6c93-17bd-4fe16483b012 635ca499-91b9-6c93-17bd-4fe16483b012}" error="failed to connect to peer: 635ca499-91b9-6c93-17bd-4fe16483b012" term=12
2026-10-08T20:24:33.067+0800 [DEBUG] server-cada0649-3457-58ee-fc1d-5d8841004452: pre-vote received: from=server-635ca499-91b9-6c93-17bd-4fe16483b012 term=12 tally=1
2026-10-08T20:24:33.067+0800 [DEBUG] server-cada0649-3457-58ee-fc1d-5d8841004452: pre-vote denied: from=server-635ca499-91b9-6c93-17bd-4fe16483b012 term=12 tally=1
2026-10-08T20:24:33.067+0800 [INFO]  server-cada0649-3457-58ee-fc1d-5d8841004452: pre-vote campaign failed, waiting for election timeout: term=12 tally=1 refused=2 votesNeeded=2
2026-10-08T20:24:33.074+0800 [WARN]  server-befb3a6a-ea4f-2615-aaeb-c1cbf141d881: failed to contact: server-id=server-cada0649-3457-58ee-fc1d-5d8841004452 time=51.808353ms
2026-10-08T20:24:33.083+0800 [ERROR] server-befb3a6a-ea4f-2615-aaeb-c1cbf141d881: failed to heartbeat to: peer=cada0649-3457-58ee-fc1d-5d8841004452 backoff time=20ms error="failed to connect to peer: cada0649-3457-58ee-fc1d-5d8841004452"
2026-10-08T20:24:33.083+0800 [ERROR] server-befb3a6a-ea4f-2615-aaeb-c1cbf141d881: failed to appendEntries to: peer="{Voter server-cada0649-3457-58ee-fc1d-5d8841004452 cada0649-3457-58ee-fc1d-5d8841004452}" error="failed to connect to peer: cada0649-3457-58ee-fc1d-5d8841004452"
2026-10-08T20:24:33.114+0800 [ERROR] server-befb3a6a-ea4f-2615-aaeb-c1cbf141d881: failed to heartbeat to: peer=cada0649-3457-58ee-fc1d-5d8841004452 backoff time=25ms error="failed to connect to peer: cada0649-3457-58ee-fc1d-5d8841004452"
2026-10-08T20:24:33.122+0800 [WARN]  server-cada0649-3457-58ee-fc1d-5d8841004452: Election timeout reached, restarting election
2026-10-08T20:24:33.122+0800 [INFO]  server-cada0649-3457-58ee-fc1d-5d8841004452: entering candidate state: node="Node at cada0649-3457-58ee-fc1d-5d8841004452 [Candidate]" term=12
2026-10-08T20:24:33.122+0800 [DEBUG] server-cada0649-3457-58ee-fc1d-5d8841004452: asking for pre-vote: term=12 from=server-635ca499-91b9-6c93-17bd-4fe16483b012 address=635ca499-91b9-6c93-17bd-4fe16483b012
2026-10-08T20:24:33.122+0800 [DEBUG] server-cada0649-3457-58ee-fc1d-5d8841004452: pre-voting for self: term=12 id=server-cada0649-3457-58ee-fc1d-5d8841004452
2026-10-08T20:24:33.122+0800 [DEBUG] server-cada0649-3457-58ee-fc1d-5d8841004452: asking for pre-vote: term=12 from=server-befb3a6a-ea4f-2615-aaeb-c1cbf141d881 address=befb3a6a-ea4f-2615-aaeb-c1cbf141d881
2026-10-08T20:24:33.122+0800 [DEBUG] server-cada0649-3457-58ee-fc1d-5d8841004452: calculated votes needed: needed=2 term=12
2026-10-08T20:24:33.122+0800 [DEBUG] server-cada0649-3457-58ee-fc1d-5d8841004452: pre-vote received: from=server-cada0649-3457-58ee-fc1d-5d8841004452 term=12 tally=0
2026-10-08T20:24:33.122+0800 [DEBUG] server-cada0649-3457-58ee-fc1d-5d8841004452: pre-vote granted: from=server-cada0649-3457-58ee-fc1d-5d8841004452 term=12 tally=1
2026-10-08T20:24:33.122+0800 [ERROR] server-cada0649-3457-58ee-fc1d-5d8841004452: failed to make requestVote RPC: target="{Voter server-befb3a6a-ea4f-2615-aaeb-c1cbf141d881 befb3a6a-ea4f-2615-aaeb-c1cbf141d881}" error="failed to connect to peer: befb3a6a-ea4f-2615-aaeb-c1cbf141d881" term=12
2026-10-08T20:24:33.122+0800 [ERROR] server-cada0649-3457-58ee-fc1d-5d8841004452: failed to make requestVote RPC: target="{Voter server-635ca499-91b9-6c93-17bd-4fe16483b012 635ca499-91b9-6c93-17bd-4fe16483b012}" error="failed to connect to peer: 635ca499-91b9-6c93-17bd-4fe16483b012" term=12
2026-10-08T20:24:33.122+0800 [DEBUG] server-cada0649-3457-58ee-fc1d-5d8841004452: pre-vote received: from=server-befb3a6a-ea4f-2615-aaeb-c1cbf141d881 term=12 tally=1
2026-10-08T20:24:33.123+0800 [DEBUG] server-cada0649-3457-58ee-fc1d-5d8841004452: pre-vote denied: from=server-befb3a6a-ea4f-2615-aaeb-c1cbf141d881 term=12 tally=1
2026-10-08T20:24:33.123+0800 [DEBUG] server-cada0649-3457-58ee-fc1d-5d8841004452: pre-vote received: from=server-635ca499-91b9-6c93-17bd-4fe16483b012 term=12 tally=1
2026-10-08T20:24:33.123+0800 [DEBUG] server-cada0649-3457-58ee-fc1d-5d8841004452: pre-vote denied: from=server-635ca499-91b9-6c93-17bd-4fe16483b012 term=12 tally=1
2026-10-08T20:24:33.123+0800 [INFO]  server-cada0649-3457-58ee-fc1d-5d8841004452: pre-vote campaign failed, waiting for election timeout: term=12 tally=1 refused=2 votesNeeded=2
2026-10-08T20:24:33.125+0800 [WARN]  server-befb3a6a-ea4f-2615-aaeb-c1cbf141d881: failed to contact: server-id=server-cada0649-3457-58ee-fc1d-5d8841004452 time=102.988279ms
2026-10-08T20:24:33.134+0800 [ERROR] server-befb3a6a-ea4f-2615-aaeb-c1cbf141d881: failed to appendEntries to: peer="{Voter server-cada0649-3457-58ee-fc1d-5d8841004452 cada0649-3457-58ee-fc1d-5d8841004452}" error="failed to connect to peer: cada0649-3457-58ee-fc1d-5d8841004452"
2026-10-08T20:24:33.148+0800 [ERROR] server-befb3a6a-ea4f-2615-aaeb-c1cbf141d881: failed to heartbeat to: peer=cada0649-3457-58ee-fc1d-5d8841004452 backoff time=25ms error="failed to connect to peer: cada0649-3457-58ee-fc1d-5d8841004452"
2026-10-08T20:24:33.172+0800 [INFO]  cluster: stable state for Leader reached at 2026-10-08 20:24:33.066851157 +0800 CST m=+18.246820282 (1 nodes), highestTerm is 12, 136.442235ms from start of poll, 5.923342112s from cluster start. Timeout at 2026-10-08 20:24:33.171860407 +0800 CST m=+18.351829417, 105.009135ms after stability
2026-10-08T20:24:33.174+0800 [DEBUG] server-befb3a6a-ea4f-2615-aaeb-c1cbf141d881: failed to contact: server-id=server-cada0649-3457-58ee-fc1d-5d8841004452 time=151.358674ms
2026-10-08T20:24:33.178+0800 [DEBUG] cluster: fully connecting
2026-10-08T20:24:33.180+0800 [INFO]  server-cada0649-3457-58ee-fc1d-5d8841004452: entering follower state: follower="Node at cada0649-3457-58ee-fc1d-5d8841004452 [Follower]" leader-address=befb3a6a-ea4f-2615-aaeb-c1cbf141d881 leader-id=server-befb3a6a-ea4f-2615-aaeb-c1cbf141d881
2026-10-08T20:24:33.187+0800 [INFO]  cluster: starting stability test: raft-state=Leader
2026-10-08T20:24:33.187+0800 [DEBUG] cluster: resetting stability timeout
2026-10-08T20:24:33.222+0800 [INFO]  server-befb3a6a-ea4f-2615-aaeb-c1cbf141d881: pipelining replication: peer="{Voter server-cada0649-3457-58ee-fc1d-5d8841004452 cada0649-3457-58ee-fc1d-5d8841004452}"
2026-10-08T20:24:33.292+0800 [INFO]  cluster: stable state for Leader reached at 2026-10-08 20:24:33.187467627 +0800 CST m=+18.367436636 (1 nodes), highestTerm is 12, 60.403µs from start of poll, 6.043958466s from cluster start. Timeout at 2026-10-08 20:24:33.292488221 +0800 CST m=+18.472457271, 105.020635ms after stability
2026-10-08T20:24:33.292+0800 [DEBUG] server-befb3a6a-ea4f-2615-aaeb-c1cbf141d881: starting leadership transfer: id=<nil> address=<nil>
2026-10-08T20:24:33.292+0800 [INFO]  server-635ca499-91b9-6c93-17bd-4fe16483b012: entering candidate state: node="Node at 635ca499-91b9-6c93-17bd-4fe16483b012 [Candidate]" term=13
2026-10-08T20:24:33.292+0800 [DEBUG] server-635ca499-91b9-6c93-17bd-4fe16483b012: voting for self: term=13 id=server-635ca499-91b9-6c93-17bd-4fe16483b012
2026-10-08T20:24:33.292+0800 [DEBUG] server-635ca499-91b9-6c93-17bd-4fe16483b012: asking for vote: term=13 from=server-cada0649-3457-58ee-fc1d-5d8841004452 address=cada0649-3457-58ee-fc1d-5d8841004452
2026-10-08T20:24:33.292+0800 [DEBUG] server-635ca499-91b9-6c93-17bd-4fe16483b012: asking for vote: term=13 from=server-befb3a6a-ea4f-2615-aaeb-c1cbf141d881 address=befb3a6a-ea4f-2615-aaeb-c1cbf141d881
2026-10-08T20:24:33.293+0800 [DEBUG] server-635ca499-91b9-6c93-17bd-4fe16483b012: calculated votes needed: needed=2 term=13
2026-10-08T20:24:33.293+0800 [DEBUG] server-635ca499-91b9-6c93-17bd-4fe16483b012: vote granted: from=server-635ca499-91b9-6c93-17bd-4fe16483b012 term=13 tally=1
2026-10-08T20:24:33.293+0800 [DEBUG] server-befb3a6a-ea4f-2615-aaeb-c1cbf141d881: lost leadership because received a requestVote with a newer term
2026-10-08T20:24:33.293+0800 [INFO]  server-befb3a6a-ea4f-2615-aaeb-c1cbf141d881: entering follower state: follower="Node at befb3a6a-ea4f-2615-aaeb-c1cbf141d881 [Follower]" leader-address= leader-id=
2026-10-08T20:24:33.293+0800 [INFO]  server-befb3a6a-ea4f-2615-aaeb-c1cbf141d881: aborting pipeline replication: peer="{Voter server-cada0649-3457-58ee-fc1d-5d8841004452 cada0649-3457-58ee-fc1d-5d8841004452}"
2026-10-08T20:24:33.293+0800 [DEBUG] server-cada0649-3457-58ee-fc1d-5d8841004452: lost leadership because received a requestVote with a newer term
2026-10-08T20:24:33.293+0800 [DEBUG] server-635ca499-91b9-6c93-17bd-4fe16483b012: vote granted: from=server-befb3a6a-ea4f-2615-aaeb-c1cbf141d881 term=13 tally=2
2026-10-08T20:24:33.293+0800 [INFO]  server-635ca499-91b9-6c93-17bd-4fe16483b012: election won: term=13 tally=2
2026-10-08T20:24:33.293+0800 [DEBUG] server-befb3a6a-ea4f-2615-aaeb-c1cbf141d881: lost leadership during transfer (expected)
2026-10-08T20:24:33.293+0800 [INFO]  server-635ca499-91b9-6c93-17bd-4fe16483b012: entering leader state: leader="Node at 635ca499-91b9-6c93-17bd-4fe16483b012 [Leader]"
2026-10-08T20:24:33.293+0800 [INFO]  server-635ca499-91b9-6c93-17bd-4fe16483b012: added peer, starting replication: peer=server-cada0649-3457-58ee-fc1d-5d8841004452
2026-10-08T20:24:33.293+0800 [INFO]  server-635ca499-91b9-6c93-17bd-4fe16483b012: added peer, starting replication: peer=server-befb3a6a-ea4f-2615-aaeb-c1cbf141d881
2026-10-08T20:24:33.293+0800 [INFO]  server-befb3a6a-ea4f-2615-aaeb-c1cbf141d881: aborting pipeline replication: peer="{Voter server-635ca499-91b9-6c93-17bd-4fe16483b012 635ca499-91b9-6c93-17bd-4fe16483b012}"
2026-10-08T20:24:33.293+0800 [INFO]  server-635ca499-91b9-6c93-17bd-4fe16483b012: pipelining replication: peer="{Voter server-befb3a6a-ea4f-2615-aaeb-c1cbf141d881 befb3a6a-ea4f-2615-aaeb-c1cbf141d881}"
2026-10-08T20:24:33.293+0800 [INFO]  server-635ca499-91b9-6c93-17bd-4fe16483b012: pipelining replication: peer="{Voter server-cada0649-3457-58ee-fc1d-5d8841004452 cada0649-3457-58ee-fc1d-5d8841004452}"
2026-10-08T20:24:33.296+0800 [INFO]  cluster: starting stability test: raft-state=Leader
2026-10-08T20:24:33.297+0800 [DEBUG] cluster: resetting stability timeout
2026-10-08T20:24:33.297+0800 [DEBUG] cluster: resetting stability timeout
2026-10-08T20:24:33.297+0800 [DEBUG] cluster: resetting stability timeout
2026-10-08T20:24:33.297+0800 [DEBUG] cluster: resetting stability timeout
2026-10-08T20:24:33.297+0800 [DEBUG] cluster: resetting stability timeout
2026-10-08T20:24:33.402+0800 [INFO]  cluster: stable state for Leader reached at 2026-10-08 20:24:33.297151319 +0800 CST m=+18.477120253 (1 nodes), highestTerm is 13, 410.522µs from start of poll, 6.153642083s from cluster start. Timeout at 2026-10-08 20:24:33.402152784 +0800 CST m=+18.582121826, 105.001573ms after stability
2026-10-08T20:24:33.407+0800 [INFO]  cluster: starting stability test: raft-state=Leader
2026-10-08T20:24:33.513+0800 [INFO]  cluster: stable state for Leader reached at 2026-10-08 20:24:33.407656274 +0800 CST m=+18.587625257 (1 nodes), highestTerm is 13, 1.245µs from start of poll, 6.264147087s from cluster start. Timeout at 2026-10-08 20:24:33.512669007 +0800 CST m=+18.692638054, 105.012797ms after stability
2026-10-08T20:24:33.521+0800 [INFO]  cluster: starting stability test: raft-state=Leader
2026-10-08T20:24:33.626+0800 [INFO]  cluster: stable state for Leader reached at 2026-10-08 20:24:33.521070368 +0800 CST m=+18.701039284 (1 nodes), highestTerm is 13, 448ns from start of poll, 6.377561114s from cluster start. Timeout at 2026-10-08 20:24:33.626088866 +0800 CST m=+18.806057920, 105.018636ms after stability
2026-10-08T20:24:33.633+0800 [INFO]  cluster: starting stability test: raft-state=Leader
2026-10-08T20:24:33.738+0800 [INFO]  cluster: stable state for Leader reached at 2026-10-08 20:24:33.633169177 +0800 CST m=+18.813138192 (1 nodes), highestTerm is 13, 1.066µs from start of poll, 6.489660022s from cluster start. Timeout at 2026-10-08 20:24:33.738182252 +0800 CST m=+18.918151256, 105.013064ms after stability
2026-10-08T20:24:33.747+0800 [INFO]  cluster: starting stability test: raft-state=Leader
2026-10-08T20:24:33.853+0800 [INFO]  cluster: stable state for Leader reached at 2026-10-08 20:24:33.74706178 +0800 CST m=+18.927030715 (1 nodes), highestTerm is 13, 515ns from start of poll, 6.603552545s from cluster start. Timeout at 2026-10-08 20:24:33.852075745 +0800 CST m=+19.032044770, 105.014055ms after stability
2026-10-08T20:24:33.854+0800 [INFO]  cluster: starting stability test: raft-state=Leader
2026-10-08T20:24:33.960+0800 [INFO]  cluster: stable state for Leader reached at 2026-10-08 20:24:33.854819581 +0800 CST m=+19.034788581 (1 nodes), highestTerm is 13, 1.455µs from start of poll, 6.711310411s from cluster start. Timeout at 2026-10-08 20:24:33.959827327 +0800 CST m=+19.139796313, 105.007732ms after stability
2026-10-08T20:24:33.968+0800 [INFO]  cluster: starting stability test: raft-state=Leader
2026-10-08T20:24:34.074+0800 [INFO]  cluster: stable state for Leader reached at 2026-10-08 20:24:33.968984933 +0800 CST m=+19.148953915 (1 nodes), highestTerm is 13, 885ns from start of poll, 6.825475745s from cluster start. Timeout at 2026-10-08 20:24:34.073993672 +0800 CST m=+19.253962679, 105.008764ms after stability
2026-10-08T20:24:34.082+0800 [INFO]  cluster: starting stability test: raft-state=Leader
2026-10-08T20:24:34.188+0800 [INFO]  cluster: stable state for Leader reached at 2026-10-08 20:24:34.082473118 +0800 CST m=+19.262442157 (1 nodes), highestTerm is 13, 1.235µs from start of poll, 6.938963987s from cluster start. Timeout at 2026-10-08 20:24:34.18749562 +0800 CST m=+19.367464663, 105.022506ms after stability
2026-10-08T20:24:34.190+0800 [INFO]  cluster: starting stability test: raft-state=Leader
2026-10-08T20:24:34.297+0800 [INFO]  cluster: stable state for Leader reached at 2026-10-08 20:24:34.191056287 +0800 CST m=+19.371025337 (1 nodes), highestTerm is 13, 1.667µs from start of poll, 7.047547167s from cluster start. Timeout at 2026-10-08 20:24:34.296072941 +0800 CST m=+19.476042057, 105.01672ms after stability
2026-10-08T20:24:34.299+0800 [INFO]  cluster: starting stability test: raft-state=Leader
2026-10-08T20:24:34.406+0800 [INFO]  cluster: stable state for Leader reached at 2026-10-08 20:24:34.299744606 +0800 CST m=+19.479713584 (1 nodes), highestTerm is 13, 891ns from start of poll, 7.156235414s from cluster start. Timeout at 2026-10-08 20:24:34.404853646 +0800 CST m=+19.584822676, 105.109092ms after stability
2026-10-08T20:24:34.409+0800 [INFO]  cluster: starting stability test: raft-state=Leader
2026-10-08T20:24:34.515+0800 [INFO]  cluster: stable state for Leader reached at 2026-10-08 20:24:34.409922195 +0800 CST m=+19.589891178 (1 nodes), highestTerm is 13, 820ns from start of poll, 7.266413008s from cluster start. Timeout at 2026-10-08 20:24:34.51493658 +0800 CST m=+19.694905638, 105.01446ms after stability
2026-10-08T20:24:34.523+0800 [INFO]  cluster: starting stability test: raft-state=Leader
2026-10-08T20:24:34.629+0800 [INFO]  cluster: stable state for Leader reached at 2026-10-08 20:24:34.523536563 +0800 CST m=+19.703505509 (1 nodes), highestTerm is 13, 689ns from start of poll, 7.380027339s from cluster start. Timeout at 2026-10-08 20:24:34.628557842 +0800 CST m=+19.808526854, 105.021345ms after stability
2026-10-08T20:24:34.634+0800 [DEBUG] cluster: disconnecting: address=cada0649-3457-58ee-fc1d-5d8841004452
2026-10-08T20:24:34.636+0800 [ERROR] server-635ca499-91b9-6c93-17bd-4fe16483b012: failed to pipeline appendEntries: peer="{Voter server-cada0649-3457-58ee-fc1d-5d8841004452 cada0649-3457-58ee-fc1d-5d8841004452}" error="append pipeline closed"
2026-10-08T20:24:34.636+0800 [INFO]  server-635ca499-91b9-6c93-17bd-4fe16483b012: aborting pipeline replication: peer="{Voter server-cada0649-3457-58ee-fc1d-5d8841004452 cada0649-3457-58ee-fc1d-5d8841004452}"
2026-10-08T20:24:34.637+0800 [DEBUG] cluster: fully connecting
2026-10-08T20:24:34.638+0800 [INFO]  cluster: starting stability test: raft-state=Leader
2026-10-08T20:24:34.642+0800 [INFO]  server-635ca499-91b9-6c93-17bd-4fe16483b012: pipelining replication: peer="{Voter server-cada0649-3457-58ee-fc1d-5d8841004452 cada0649-3457-58ee-fc1d-5d8841004452}"
2026-10-08T20:24:34.743+0800 [INFO]  cluster: stable state for Leader reached at 2026-10-08 20:24:34.638615035 +0800 CST m=+19.818584017 (1 nodes), highestTerm is 13, 741ns from start of poll, 7.495105847s from cluster start. Timeout at 2026-10-08 20:24:34.743625204 +0800 CST m=+19.923594136, 105.010119ms after stability
2026-10-08T20:24:34.752+0800 [INFO]  cluster: starting stability test: raft-state=Leader
2026-10-08T20:24:34.857+0800 [INFO]  cluster: stable state for Leader reached at 2026-10-08 20:24:34.752720257 +0800 CST m=+19.932689227 (1 nodes), highestTerm is 13, 623ns from start of poll, 7.609211057s from cluster start. Timeout at 2026-10-08 20:24:34.85773109 +0800 CST m=+20.037700064, 105.010837ms after stability
2026-10-08T20:24:34.858+0800 [INFO]  server-635ca499-91b9-6c93-17bd-4fe16483b012: starting snapshot up to: index=60
2026-10-08T20:24:34.858+0800 [INFO]  creating new snapshot: path=/home/nitro/Desktop/consensus-assurance/baseline/runs/2026-10-08_19-48-15-hashicorp_raft-baseline/work/.runtime/tmp/raft3137451491/snapshots/13-60-1791462274858.tmp
2026-10-08T20:24:34.859+0800 [INFO]  server-635ca499-91b9-6c93-17bd-4fe16483b012: compacting logs: from=1 to=50
2026-10-08T20:24:34.859+0800 [INFO]  server-635ca499-91b9-6c93-17bd-4fe16483b012: snapshot complete up to: index=60
2026-10-08T20:24:34.866+0800 [DEBUG] cluster: fully connecting
2026-10-08T20:24:34.872+0800 [INFO]  cluster: starting stability test: raft-state=Leader
2026-10-08T20:24:34.977+0800 [INFO]  cluster: stable state for Leader reached at 2026-10-08 20:24:34.872118723 +0800 CST m=+20.052087663 (1 nodes), highestTerm is 13, 896ns from start of poll, 7.728609493s from cluster start. Timeout at 2026-10-08 20:24:34.977130982 +0800 CST m=+20.157100058, 105.012395ms after stability
2026-10-08T20:24:34.980+0800 [INFO]  cluster: starting stability test: raft-state=Leader
2026-10-08T20:24:35.085+0800 [INFO]  cluster: stable state for Leader reached at 2026-10-08 20:24:34.980674003 +0800 CST m=+20.160642943 (1 nodes), highestTerm is 13, 330ns from start of poll, 7.837164773s from cluster start. Timeout at 2026-10-08 20:24:35.085678606 +0800 CST m=+20.265647533, 105.00459ms after stability
2026-10-08T20:24:35.088+0800 [INFO]  cluster: starting stability test: raft-state=Leader
2026-10-08T20:24:35.195+0800 [INFO]  cluster: stable state for Leader reached at 2026-10-08 20:24:35.088998867 +0800 CST m=+20.268967882 (1 nodes), highestTerm is 13, 995ns from start of poll, 7.945489712s from cluster start. Timeout at 2026-10-08 20:24:35.194011682 +0800 CST m=+20.373980760, 105.012878ms after stability
2026-10-08T20:24:35.198+0800 [INFO]  cluster: starting stability test: raft-state=Leader
2026-10-08T20:24:35.304+0800 [INFO]  cluster: stable state for Leader reached at 2026-10-08 20:24:35.198689409 +0800 CST m=+20.378658459 (1 nodes), highestTerm is 13, 1.443µs from start of poll, 8.055180289s from cluster start. Timeout at 2026-10-08 20:24:35.303697128 +0800 CST m=+20.483666168, 105.007709ms after stability
2026-10-08T20:24:35.310+0800 [INFO]  cluster: starting stability test: raft-state=Leader
2026-10-08T20:24:35.416+0800 [INFO]  cluster: stable state for Leader reached at 2026-10-08 20:24:35.310342962 +0800 CST m=+20.490312009 (1 nodes), highestTerm is 13, 1.328µs from start of poll, 8.166833839s from cluster start. Timeout at 2026-10-08 20:24:35.415353125 +0800 CST m=+20.595322124, 105.010115ms after stability
2026-10-08T20:24:35.423+0800 [DEBUG] cluster: fully connecting
2026-10-08T20:24:35.432+0800 [INFO]  cluster: starting stability test: raft-state=Leader
2026-10-08T20:24:35.538+0800 [INFO]  cluster: stable state for Leader reached at 2026-10-08 20:24:35.432337803 +0800 CST m=+20.612306822 (1 nodes), highestTerm is 13, 1.536µs from start of poll, 8.288828652s from cluster start. Timeout at 2026-10-08 20:24:35.537355174 +0800 CST m=+20.717324250, 105.017428ms after stability
2026-10-08T20:24:35.539+0800 [DEBUG] cluster: disconnecting: address=cada0649-3457-58ee-fc1d-5d8841004452
2026-10-08T20:24:35.545+0800 [DEBUG] cluster: fully connecting
2026-10-08T20:24:35.547+0800 [ERROR] server-635ca499-91b9-6c93-17bd-4fe16483b012: failed to pipeline appendEntries: peer="{Voter server-cada0649-3457-58ee-fc1d-5d8841004452 cada0649-3457-58ee-fc1d-5d8841004452}" error="append pipeline closed"
2026-10-08T20:24:35.547+0800 [INFO]  server-635ca499-91b9-6c93-17bd-4fe16483b012: aborting pipeline replication: peer="{Voter server-cada0649-3457-58ee-fc1d-5d8841004452 cada0649-3457-58ee-fc1d-5d8841004452}"
2026-10-08T20:24:35.549+0800 [INFO]  cluster: starting stability test: raft-state=Leader
2026-10-08T20:24:35.554+0800 [INFO]  server-635ca499-91b9-6c93-17bd-4fe16483b012: pipelining replication: peer="{Voter server-cada0649-3457-58ee-fc1d-5d8841004452 cada0649-3457-58ee-fc1d-5d8841004452}"
2026-10-08T20:24:35.654+0800 [INFO]  cluster: stable state for Leader reached at 2026-10-08 20:24:35.549048962 +0800 CST m=+20.729017918 (1 nodes), highestTerm is 13, 721ns from start of poll, 8.405539748s from cluster start. Timeout at 2026-10-08 20:24:35.654059639 +0800 CST m=+20.834028593, 105.010675ms after stability
2026-10-08T20:24:35.654+0800 [DEBUG] server-635ca499-91b9-6c93-17bd-4fe16483b012: starting leadership transfer: id=<nil> address=<nil>
2026-10-08T20:24:35.654+0800 [INFO]  server-cada0649-3457-58ee-fc1d-5d8841004452: entering candidate state: node="Node at cada0649-3457-58ee-fc1d-5d8841004452 [Candidate]" term=14
2026-10-08T20:24:35.654+0800 [DEBUG] server-cada0649-3457-58ee-fc1d-5d8841004452: asking for vote: term=14 from=server-635ca499-91b9-6c93-17bd-4fe16483b012 address=635ca499-91b9-6c93-17bd-4fe16483b012
2026-10-08T20:24:35.654+0800 [DEBUG] server-cada0649-3457-58ee-fc1d-5d8841004452: voting for self: term=14 id=server-cada0649-3457-58ee-fc1d-5d8841004452
2026-10-08T20:24:35.654+0800 [DEBUG] server-cada0649-3457-58ee-fc1d-5d8841004452: asking for vote: term=14 from=server-befb3a6a-ea4f-2615-aaeb-c1cbf141d881 address=befb3a6a-ea4f-2615-aaeb-c1cbf141d881
2026-10-08T20:24:35.654+0800 [DEBUG] server-cada0649-3457-58ee-fc1d-5d8841004452: calculated votes needed: needed=2 term=14
2026-10-08T20:24:35.654+0800 [DEBUG] server-cada0649-3457-58ee-fc1d-5d8841004452: vote granted: from=server-cada0649-3457-58ee-fc1d-5d8841004452 term=14 tally=1
2026-10-08T20:24:35.654+0800 [DEBUG] server-befb3a6a-ea4f-2615-aaeb-c1cbf141d881: lost leadership because received a requestVote with a newer term
2026-10-08T20:24:35.654+0800 [DEBUG] server-cada0649-3457-58ee-fc1d-5d8841004452: vote granted: from=server-befb3a6a-ea4f-2615-aaeb-c1cbf141d881 term=14 tally=2
2026-10-08T20:24:35.654+0800 [INFO]  server-cada0649-3457-58ee-fc1d-5d8841004452: election won: term=14 tally=2
2026-10-08T20:24:35.654+0800 [INFO]  server-cada0649-3457-58ee-fc1d-5d8841004452: entering leader state: leader="Node at cada0649-3457-58ee-fc1d-5d8841004452 [Leader]"
2026-10-08T20:24:35.654+0800 [INFO]  server-cada0649-3457-58ee-fc1d-5d8841004452: added peer, starting replication: peer=server-635ca499-91b9-6c93-17bd-4fe16483b012
2026-10-08T20:24:35.654+0800 [INFO]  server-cada0649-3457-58ee-fc1d-5d8841004452: added peer, starting replication: peer=server-befb3a6a-ea4f-2615-aaeb-c1cbf141d881
2026-10-08T20:24:35.654+0800 [DEBUG] server-635ca499-91b9-6c93-17bd-4fe16483b012: lost leadership because received a requestVote with a newer term
2026-10-08T20:24:35.654+0800 [INFO]  server-cada0649-3457-58ee-fc1d-5d8841004452: pipelining replication: peer="{Voter server-befb3a6a-ea4f-2615-aaeb-c1cbf141d881 befb3a6a-ea4f-2615-aaeb-c1cbf141d881}"
2026-10-08T20:24:35.654+0800 [INFO]  server-635ca499-91b9-6c93-17bd-4fe16483b012: entering follower state: follower="Node at 635ca499-91b9-6c93-17bd-4fe16483b012 [Follower]" leader-address= leader-id=
2026-10-08T20:24:35.654+0800 [DEBUG] server-635ca499-91b9-6c93-17bd-4fe16483b012: lost leadership during transfer (expected)
2026-10-08T20:24:35.654+0800 [INFO]  server-635ca499-91b9-6c93-17bd-4fe16483b012: aborting pipeline replication: peer="{Voter server-cada0649-3457-58ee-fc1d-5d8841004452 cada0649-3457-58ee-fc1d-5d8841004452}"
2026-10-08T20:24:35.654+0800 [INFO]  server-635ca499-91b9-6c93-17bd-4fe16483b012: aborting pipeline replication: peer="{Voter server-befb3a6a-ea4f-2615-aaeb-c1cbf141d881 befb3a6a-ea4f-2615-aaeb-c1cbf141d881}"
2026-10-08T20:24:35.654+0800 [INFO]  server-cada0649-3457-58ee-fc1d-5d8841004452: pipelining replication: peer="{Voter server-635ca499-91b9-6c93-17bd-4fe16483b012 635ca499-91b9-6c93-17bd-4fe16483b012}"
2026-10-08T20:24:35.661+0800 [INFO]  cluster: starting stability test: raft-state=Leader
2026-10-08T20:24:35.661+0800 [DEBUG] cluster: resetting stability timeout
2026-10-08T20:24:35.661+0800 [DEBUG] cluster: resetting stability timeout
2026-10-08T20:24:35.661+0800 [DEBUG] cluster: resetting stability timeout
2026-10-08T20:24:35.661+0800 [DEBUG] cluster: resetting stability timeout
2026-10-08T20:24:35.661+0800 [DEBUG] cluster: resetting stability timeout
2026-10-08T20:24:35.766+0800 [INFO]  cluster: stable state for Leader reached at 2026-10-08 20:24:35.661224832 +0800 CST m=+20.841193767 (1 nodes), highestTerm is 14, 37.465µs from start of poll, 8.517715597s from cluster start. Timeout at 2026-10-08 20:24:35.766242383 +0800 CST m=+20.946211383, 105.017616ms after stability
2026-10-08T20:24:35.773+0800 [INFO]  cluster: starting stability test: raft-state=Leader
2026-10-08T20:24:35.878+0800 [INFO]  cluster: stable state for Leader reached at 2026-10-08 20:24:35.773224837 +0800 CST m=+20.953193756 (1 nodes), highestTerm is 14, 727ns from start of poll, 8.629715586s from cluster start. Timeout at 2026-10-08 20:24:35.878228751 +0800 CST m=+21.058197680, 105.003924ms after stability
2026-10-08T20:24:35.887+0800 [DEBUG] cluster: fully connecting
2026-10-08T20:24:35.891+0800 [INFO]  cluster: starting stability test: raft-state=Leader
2026-10-08T20:24:35.997+0800 [INFO]  cluster: stable state for Leader reached at 2026-10-08 20:24:35.891226762 +0800 CST m=+21.071195706 (1 nodes), highestTerm is 14, 931ns from start of poll, 8.747717536s from cluster start. Timeout at 2026-10-08 20:24:35.996230422 +0800 CST m=+21.176199357, 105.003651ms after stability
2026-10-08T20:24:36.005+0800 [INFO]  cluster: starting stability test: raft-state=Leader
2026-10-08T20:24:36.111+0800 [INFO]  cluster: stable state for Leader reached at 2026-10-08 20:24:36.005943871 +0800 CST m=+21.185912890 (1 nodes), highestTerm is 14, 1.441µs from start of poll, 8.86243472s from cluster start. Timeout at 2026-10-08 20:24:36.110973768 +0800 CST m=+21.290942783, 105.029893ms after stability
2026-10-08T20:24:36.118+0800 [INFO]  cluster: starting stability test: raft-state=Leader
2026-10-08T20:24:36.224+0800 [INFO]  cluster: stable state for Leader reached at 2026-10-08 20:24:36.1182081 +0800 CST m=+21.298177038 (1 nodes), highestTerm is 14, 692ns from start of poll, 8.974698868s from cluster start. Timeout at 2026-10-08 20:24:36.223214309 +0800 CST m=+21.403183270, 105.006232ms after stability
2026-10-08T20:24:36.232+0800 [INFO]  cluster: starting stability test: raft-state=Leader
2026-10-08T20:24:36.338+0800 [INFO]  cluster: stable state for Leader reached at 2026-10-08 20:24:36.232485983 +0800 CST m=+21.412454901 (1 nodes), highestTerm is 14, 500ns from start of poll, 9.088976731s from cluster start. Timeout at 2026-10-08 20:24:36.337501113 +0800 CST m=+21.517470193, 105.015292ms after stability
2026-10-08T20:24:36.343+0800 [INFO]  cluster: starting stability test: raft-state=Leader
2026-10-08T20:24:36.448+0800 [INFO]  cluster: stable state for Leader reached at 2026-10-08 20:24:36.343190853 +0800 CST m=+21.523159805 (1 nodes), highestTerm is 14, 875ns from start of poll, 9.199681635s from cluster start. Timeout at 2026-10-08 20:24:36.448196657 +0800 CST m=+21.628165624, 105.005819ms after stability
2026-10-08T20:24:36.457+0800 [INFO]  cluster: starting stability test: raft-state=Leader
2026-10-08T20:24:36.563+0800 [INFO]  cluster: stable state for Leader reached at 2026-10-08 20:24:36.457819088 +0800 CST m=+21.637788074 (1 nodes), highestTerm is 14, 1.068µs from start of poll, 9.314309904s from cluster start. Timeout at 2026-10-08 20:24:36.562825831 +0800 CST m=+21.742794798, 105.006724ms after stability
2026-10-08T20:24:36.569+0800 [INFO]  cluster: starting stability test: raft-state=Leader
2026-10-08T20:24:36.674+0800 [INFO]  cluster: stable state for Leader reached at 2026-10-08 20:24:36.569423791 +0800 CST m=+21.749392713 (1 nodes), highestTerm is 14, 802ns from start of poll, 9.425914543s from cluster start. Timeout at 2026-10-08 20:24:36.674455841 +0800 CST m=+21.854424881, 105.032168ms after stability
2026-10-08T20:24:36.674+0800 [INFO]  server-cada0649-3457-58ee-fc1d-5d8841004452: starting snapshot up to: index=75
2026-10-08T20:24:36.674+0800 [INFO]  creating new snapshot: path=/home/nitro/Desktop/consensus-assurance/baseline/runs/2026-10-08_19-48-15-hashicorp_raft-baseline/work/.runtime/tmp/raft2432263939/snapshots/14-75-1791462276674.tmp
2026-10-08T20:24:36.678+0800 [INFO]  reaping snapshot: path=/home/nitro/Desktop/consensus-assurance/baseline/runs/2026-10-08_19-48-15-hashicorp_raft-baseline/work/.runtime/tmp/raft2432263939/snapshots/6-22-1791462270086
2026-10-08T20:24:36.678+0800 [INFO]  server-cada0649-3457-58ee-fc1d-5d8841004452: compacting logs: from=33 to=65
2026-10-08T20:24:36.678+0800 [INFO]  server-cada0649-3457-58ee-fc1d-5d8841004452: snapshot complete up to: index=75
2026-10-08T20:24:36.679+0800 [INFO]  cluster: starting stability test: raft-state=Leader
2026-10-08T20:24:36.785+0800 [INFO]  cluster: stable state for Leader reached at 2026-10-08 20:24:36.679938289 +0800 CST m=+21.859907289 (1 nodes), highestTerm is 14, 1.04µs from start of poll, 9.536429119s from cluster start. Timeout at 2026-10-08 20:24:36.784948376 +0800 CST m=+21.964917313, 105.010024ms after stability
2026-10-08T20:24:36.786+0800 [DEBUG] server-cada0649-3457-58ee-fc1d-5d8841004452: starting leadership transfer: id=<nil> address=<nil>
2026-10-08T20:24:36.786+0800 [INFO]  server-635ca499-91b9-6c93-17bd-4fe16483b012: entering candidate state: node="Node at 635ca499-91b9-6c93-17bd-4fe16483b012 [Candidate]" term=15
2026-10-08T20:24:36.786+0800 [DEBUG] server-635ca499-91b9-6c93-17bd-4fe16483b012: voting for self: term=15 id=server-635ca499-91b9-6c93-17bd-4fe16483b012
2026-10-08T20:24:36.787+0800 [DEBUG] server-635ca499-91b9-6c93-17bd-4fe16483b012: asking for vote: term=15 from=server-cada0649-3457-58ee-fc1d-5d8841004452 address=cada0649-3457-58ee-fc1d-5d8841004452
2026-10-08T20:24:36.787+0800 [DEBUG] server-635ca499-91b9-6c93-17bd-4fe16483b012: asking for vote: term=15 from=server-befb3a6a-ea4f-2615-aaeb-c1cbf141d881 address=befb3a6a-ea4f-2615-aaeb-c1cbf141d881
2026-10-08T20:24:36.787+0800 [DEBUG] server-635ca499-91b9-6c93-17bd-4fe16483b012: calculated votes needed: needed=2 term=15
2026-10-08T20:24:36.787+0800 [DEBUG] server-635ca499-91b9-6c93-17bd-4fe16483b012: vote granted: from=server-635ca499-91b9-6c93-17bd-4fe16483b012 term=15 tally=1
2026-10-08T20:24:36.787+0800 [DEBUG] server-befb3a6a-ea4f-2615-aaeb-c1cbf141d881: lost leadership because received a requestVote with a newer term
2026-10-08T20:24:36.787+0800 [DEBUG] server-635ca499-91b9-6c93-17bd-4fe16483b012: vote granted: from=server-befb3a6a-ea4f-2615-aaeb-c1cbf141d881 term=15 tally=2
2026-10-08T20:24:36.787+0800 [INFO]  server-635ca499-91b9-6c93-17bd-4fe16483b012: election won: term=15 tally=2
2026-10-08T20:24:36.787+0800 [INFO]  server-635ca499-91b9-6c93-17bd-4fe16483b012: entering leader state: leader="Node at 635ca499-91b9-6c93-17bd-4fe16483b012 [Leader]"
2026-10-08T20:24:36.787+0800 [INFO]  server-635ca499-91b9-6c93-17bd-4fe16483b012: added peer, starting replication: peer=server-cada0649-3457-58ee-fc1d-5d8841004452
2026-10-08T20:24:36.787+0800 [INFO]  server-635ca499-91b9-6c93-17bd-4fe16483b012: added peer, starting replication: peer=server-befb3a6a-ea4f-2615-aaeb-c1cbf141d881
2026-10-08T20:24:36.787+0800 [DEBUG] server-cada0649-3457-58ee-fc1d-5d8841004452: lost leadership because received a requestVote with a newer term
2026-10-08T20:24:36.787+0800 [INFO]  server-635ca499-91b9-6c93-17bd-4fe16483b012: pipelining replication: peer="{Voter server-befb3a6a-ea4f-2615-aaeb-c1cbf141d881 befb3a6a-ea4f-2615-aaeb-c1cbf141d881}"
2026-10-08T20:24:36.787+0800 [INFO]  server-cada0649-3457-58ee-fc1d-5d8841004452: entering follower state: follower="Node at cada0649-3457-58ee-fc1d-5d8841004452 [Follower]" leader-address= leader-id=
2026-10-08T20:24:36.787+0800 [DEBUG] server-cada0649-3457-58ee-fc1d-5d8841004452: lost leadership during transfer (expected)
2026-10-08T20:24:36.787+0800 [INFO]  server-635ca499-91b9-6c93-17bd-4fe16483b012: pipelining replication: peer="{Voter server-cada0649-3457-58ee-fc1d-5d8841004452 cada0649-3457-58ee-fc1d-5d8841004452}"
2026-10-08T20:24:36.787+0800 [INFO]  server-cada0649-3457-58ee-fc1d-5d8841004452: aborting pipeline replication: peer="{Voter server-635ca499-91b9-6c93-17bd-4fe16483b012 635ca499-91b9-6c93-17bd-4fe16483b012}"
2026-10-08T20:24:36.787+0800 [INFO]  server-cada0649-3457-58ee-fc1d-5d8841004452: aborting pipeline replication: peer="{Voter server-befb3a6a-ea4f-2615-aaeb-c1cbf141d881 befb3a6a-ea4f-2615-aaeb-c1cbf141d881}"
2026-10-08T20:24:36.793+0800 [INFO]  cluster: starting stability test: raft-state=Leader
2026-10-08T20:24:36.793+0800 [DEBUG] cluster: resetting stability timeout
2026-10-08T20:24:36.793+0800 [DEBUG] cluster: resetting stability timeout
2026-10-08T20:24:36.793+0800 [DEBUG] cluster: resetting stability timeout
2026-10-08T20:24:36.793+0800 [DEBUG] cluster: resetting stability timeout
2026-10-08T20:24:36.793+0800 [DEBUG] cluster: resetting stability timeout
2026-10-08T20:24:36.899+0800 [INFO]  cluster: stable state for Leader reached at 2026-10-08 20:24:36.793356159 +0800 CST m=+21.973325140 (1 nodes), highestTerm is 15, 60.199µs from start of poll, 9.64984697s from cluster start. Timeout at 2026-10-08 20:24:36.898374682 +0800 CST m=+22.078343803, 105.018663ms after stability
2026-10-08T20:24:36.907+0800 [INFO]  cluster: starting stability test: raft-state=Leader
2026-10-08T20:24:37.014+0800 [INFO]  cluster: stable state for Leader reached at 2026-10-08 20:24:36.908007989 +0800 CST m=+22.087976933 (1 nodes), highestTerm is 15, 392ns from start of poll, 9.764498763s from cluster start. Timeout at 2026-10-08 20:24:37.01301625 +0800 CST m=+22.192985239, 105.008306ms after stability
2026-10-08T20:24:37.015+0800 [INFO]  cluster: starting stability test: raft-state=Leader
2026-10-08T20:24:37.120+0800 [INFO]  cluster: stable state for Leader reached at 2026-10-08 20:24:37.015551657 +0800 CST m=+22.195520628 (1 nodes), highestTerm is 15, 839ns from start of poll, 9.872042458s from cluster start. Timeout at 2026-10-08 20:24:37.120564342 +0800 CST m=+22.300533440, 105.012812ms after stability
2026-10-08T20:24:37.120+0800 [DEBUG] server-635ca499-91b9-6c93-17bd-4fe16483b012: starting leadership transfer: id=<nil> address=<nil>
2026-10-08T20:24:37.120+0800 [INFO]  server-cada0649-3457-58ee-fc1d-5d8841004452: entering candidate state: node="Node at cada0649-3457-58ee-fc1d-5d8841004452 [Candidate]" term=16
2026-10-08T20:24:37.121+0800 [DEBUG] server-cada0649-3457-58ee-fc1d-5d8841004452: asking for vote: term=16 from=server-635ca499-91b9-6c93-17bd-4fe16483b012 address=635ca499-91b9-6c93-17bd-4fe16483b012
2026-10-08T20:24:37.121+0800 [DEBUG] server-cada0649-3457-58ee-fc1d-5d8841004452: voting for self: term=16 id=server-cada0649-3457-58ee-fc1d-5d8841004452
2026-10-08T20:24:37.121+0800 [DEBUG] server-cada0649-3457-58ee-fc1d-5d8841004452: asking for vote: term=16 from=server-befb3a6a-ea4f-2615-aaeb-c1cbf141d881 address=befb3a6a-ea4f-2615-aaeb-c1cbf141d881
2026-10-08T20:24:37.121+0800 [DEBUG] server-cada0649-3457-58ee-fc1d-5d8841004452: calculated votes needed: needed=2 term=16
2026-10-08T20:24:37.121+0800 [DEBUG] server-cada0649-3457-58ee-fc1d-5d8841004452: vote granted: from=server-cada0649-3457-58ee-fc1d-5d8841004452 term=16 tally=1
2026-10-08T20:24:37.121+0800 [DEBUG] server-befb3a6a-ea4f-2615-aaeb-c1cbf141d881: lost leadership because received a requestVote with a newer term
2026-10-08T20:24:37.121+0800 [DEBUG] server-cada0649-3457-58ee-fc1d-5d8841004452: vote granted: from=server-befb3a6a-ea4f-2615-aaeb-c1cbf141d881 term=16 tally=2
2026-10-08T20:24:37.121+0800 [DEBUG] server-635ca499-91b9-6c93-17bd-4fe16483b012: lost leadership because received a requestVote with a newer term
2026-10-08T20:24:37.121+0800 [INFO]  server-635ca499-91b9-6c93-17bd-4fe16483b012: entering follower state: follower="Node at 635ca499-91b9-6c93-17bd-4fe16483b012 [Follower]" leader-address= leader-id=
2026-10-08T20:24:37.121+0800 [INFO]  server-635ca499-91b9-6c93-17bd-4fe16483b012: aborting pipeline replication: peer="{Voter server-befb3a6a-ea4f-2615-aaeb-c1cbf141d881 befb3a6a-ea4f-2615-aaeb-c1cbf141d881}"
2026-10-08T20:24:37.121+0800 [INFO]  server-cada0649-3457-58ee-fc1d-5d8841004452: election won: term=16 tally=2
2026-10-08T20:24:37.121+0800 [INFO]  server-cada0649-3457-58ee-fc1d-5d8841004452: entering leader state: leader="Node at cada0649-3457-58ee-fc1d-5d8841004452 [Leader]"
2026-10-08T20:24:37.121+0800 [INFO]  server-cada0649-3457-58ee-fc1d-5d8841004452: added peer, starting replication: peer=server-635ca499-91b9-6c93-17bd-4fe16483b012
2026-10-08T20:24:37.121+0800 [INFO]  server-cada0649-3457-58ee-fc1d-5d8841004452: added peer, starting replication: peer=server-befb3a6a-ea4f-2615-aaeb-c1cbf141d881
2026-10-08T20:24:37.121+0800 [DEBUG] server-635ca499-91b9-6c93-17bd-4fe16483b012: lost leadership during transfer (expected)
2026-10-08T20:24:37.121+0800 [INFO]  server-635ca499-91b9-6c93-17bd-4fe16483b012: aborting pipeline replication: peer="{Voter server-cada0649-3457-58ee-fc1d-5d8841004452 cada0649-3457-58ee-fc1d-5d8841004452}"
2026-10-08T20:24:37.121+0800 [INFO]  server-cada0649-3457-58ee-fc1d-5d8841004452: pipelining replication: peer="{Voter server-befb3a6a-ea4f-2615-aaeb-c1cbf141d881 befb3a6a-ea4f-2615-aaeb-c1cbf141d881}"
2026-10-08T20:24:37.122+0800 [INFO]  server-cada0649-3457-58ee-fc1d-5d8841004452: pipelining replication: peer="{Voter server-635ca499-91b9-6c93-17bd-4fe16483b012 635ca499-91b9-6c93-17bd-4fe16483b012}"
2026-10-08T20:24:37.126+0800 [INFO]  cluster: starting stability test: raft-state=Leader
2026-10-08T20:24:37.126+0800 [DEBUG] cluster: resetting stability timeout
2026-10-08T20:24:37.127+0800 [DEBUG] cluster: resetting stability timeout
2026-10-08T20:24:37.127+0800 [DEBUG] cluster: resetting stability timeout
2026-10-08T20:24:37.127+0800 [DEBUG] cluster: resetting stability timeout
2026-10-08T20:24:37.127+0800 [DEBUG] cluster: resetting stability timeout
2026-10-08T20:24:37.232+0800 [INFO]  cluster: stable state for Leader reached at 2026-10-08 20:24:37.127048651 +0800 CST m=+22.307017664 (1 nodes), highestTerm is 16, 80.126µs from start of poll, 9.983539494s from cluster start. Timeout at 2026-10-08 20:24:37.232055056 +0800 CST m=+22.412024026, 105.006362ms after stability
2026-10-08T20:24:37.236+0800 [INFO]  cluster: starting stability test: raft-state=Leader
2026-10-08T20:24:37.341+0800 [INFO]  cluster: stable state for Leader reached at 2026-10-08 20:24:37.236259517 +0800 CST m=+22.416228567 (1 nodes), highestTerm is 16, 1.38µs from start of poll, 10.092750397s from cluster start. Timeout at 2026-10-08 20:24:37.34126526 +0800 CST m=+22.521234205, 105.005638ms after stability
2026-10-08T20:24:37.350+0800 [INFO]  cluster: starting stability test: raft-state=Leader
2026-10-08T20:24:37.455+0800 [INFO]  cluster: stable state for Leader reached at 2026-10-08 20:24:37.350605415 +0800 CST m=+22.530574343 (1 nodes), highestTerm is 16, 486ns from start of poll, 10.207096173s from cluster start. Timeout at 2026-10-08 20:24:37.45561178 +0800 CST m=+22.635580705, 105.006362ms after stability
2026-10-08T20:24:37.457+0800 [DEBUG] cluster: fully connecting
    zz_audit_crash_test.go:315: acked=66, randomized safety check passed
2026-10-08T20:24:37.508+0800 [INFO]  server-cada0649-3457-58ee-fc1d-5d8841004452: aborting pipeline replication: peer="{Voter server-befb3a6a-ea4f-2615-aaeb-c1cbf141d881 befb3a6a-ea4f-2615-aaeb-c1cbf141d881}"
2026-10-08T20:24:37.508+0800 [INFO]  server-cada0649-3457-58ee-fc1d-5d8841004452: aborting pipeline replication: peer="{Voter server-635ca499-91b9-6c93-17bd-4fe16483b012 635ca499-91b9-6c93-17bd-4fe16483b012}"
--- PASS: TestAudit_RandomizedSafety (10.37s)
=== RUN   TestAudit_NetTransportPipe
--- PASS: TestAudit_NetTransportPipe (0.00s)
PASS
ok  	github.com/hashicorp/raft	22.706s
