{"Time":"2026-10-10T16:35:33.928607028+08:00","Action":"start","Package":"github.com/hashicorp/raft"}
{"Time":"2026-10-10T16:35:33.936265966+08:00","Action":"run","Package":"github.com/hashicorp/raft","Test":"TestAssuranceConfigPublishedWithoutPersist"}
{"Time":"2026-10-10T16:35:33.936398749+08:00","Action":"output","Package":"github.com/hashicorp/raft","Test":"TestAssuranceConfigPublishedWithoutPersist","Output":"=== RUN   TestAssuranceConfigPublishedWithoutPersist\n"}
{"Time":"2026-10-10T16:35:33.936472585+08:00","Action":"output","Package":"github.com/hashicorp/raft","Test":"TestAssuranceConfigPublishedWithoutPersist","Output":"2026-10-10T16:35:33.936+0800 [INFO]  initial configuration: index=1 servers=\"[{Suffrage:Voter ID:765a0912-9ffb-437a-3f73-4cc2604f46ea Address:765a0912-9ffb-437a-3f73-4cc2604f46ea}]\"\n"}
{"Time":"2026-10-10T16:35:33.936489962+08:00","Action":"output","Package":"github.com/hashicorp/raft","Test":"TestAssuranceConfigPublishedWithoutPersist","Output":"2026-10-10T16:35:33.936+0800 [INFO]  entering follower state: follower=\"Node at 765a0912-9ffb-437a-3f73-4cc2604f46ea [Follower]\" leader-address= leader-id=\n"}
{"Time":"2026-10-10T16:35:34.011300724+08:00","Action":"output","Package":"github.com/hashicorp/raft","Test":"TestAssuranceConfigPublishedWithoutPersist","Output":"2026-10-10T16:35:34.011+0800 [WARN]  heartbeat timeout reached, starting election: last-leader-addr= last-leader-id=\n"}
{"Time":"2026-10-10T16:35:34.011442499+08:00","Action":"output","Package":"github.com/hashicorp/raft","Test":"TestAssuranceConfigPublishedWithoutPersist","Output":"2026-10-10T16:35:34.011+0800 [INFO]  entering candidate state: node=\"Node at 765a0912-9ffb-437a-3f73-4cc2604f46ea [Candidate]\" term=2\n"}
{"Time":"2026-10-10T16:35:34.011456984+08:00","Action":"output","Package":"github.com/hashicorp/raft","Test":"TestAssuranceConfigPublishedWithoutPersist","Output":"2026-10-10T16:35:34.011+0800 [DEBUG] pre-voting for self: term=2 id=765a0912-9ffb-437a-3f73-4cc2604f46ea\n"}
{"Time":"2026-10-10T16:35:34.01146223+08:00","Action":"output","Package":"github.com/hashicorp/raft","Test":"TestAssuranceConfigPublishedWithoutPersist","Output":"2026-10-10T16:35:34.011+0800 [DEBUG] calculated votes needed: needed=1 term=2\n"}
{"Time":"2026-10-10T16:35:34.011469325+08:00","Action":"output","Package":"github.com/hashicorp/raft","Test":"TestAssuranceConfigPublishedWithoutPersist","Output":"2026-10-10T16:35:34.011+0800 [DEBUG] pre-vote received: from=765a0912-9ffb-437a-3f73-4cc2604f46ea term=2 tally=0\n"}
{"Time":"2026-10-10T16:35:34.011473145+08:00","Action":"output","Package":"github.com/hashicorp/raft","Test":"TestAssuranceConfigPublishedWithoutPersist","Output":"2026-10-10T16:35:34.011+0800 [DEBUG] pre-vote granted: from=765a0912-9ffb-437a-3f73-4cc2604f46ea term=2 tally=1\n"}
{"Time":"2026-10-10T16:35:34.011476797+08:00","Action":"output","Package":"github.com/hashicorp/raft","Test":"TestAssuranceConfigPublishedWithoutPersist","Output":"2026-10-10T16:35:34.011+0800 [INFO]  pre-vote successful, starting election: term=2 tally=1 refused=0 votesNeeded=1\n"}
{"Time":"2026-10-10T16:35:34.011481482+08:00","Action":"output","Package":"github.com/hashicorp/raft","Test":"TestAssuranceConfigPublishedWithoutPersist","Output":"2026-10-10T16:35:34.011+0800 [DEBUG] voting for self: term=2 id=765a0912-9ffb-437a-3f73-4cc2604f46ea\n"}
{"Time":"2026-10-10T16:35:34.01148498+08:00","Action":"output","Package":"github.com/hashicorp/raft","Test":"TestAssuranceConfigPublishedWithoutPersist","Output":"2026-10-10T16:35:34.011+0800 [DEBUG] vote granted: from=765a0912-9ffb-437a-3f73-4cc2604f46ea term=2 tally=1\n"}
{"Time":"2026-10-10T16:35:34.011488705+08:00","Action":"output","Package":"github.com/hashicorp/raft","Test":"TestAssuranceConfigPublishedWithoutPersist","Output":"2026-10-10T16:35:34.011+0800 [INFO]  election won: term=2 tally=1\n"}
{"Time":"2026-10-10T16:35:34.011492674+08:00","Action":"output","Package":"github.com/hashicorp/raft","Test":"TestAssuranceConfigPublishedWithoutPersist","Output":"2026-10-10T16:35:34.011+0800 [INFO]  entering leader state: leader=\"Node at 765a0912-9ffb-437a-3f73-4cc2604f46ea [Leader]\"\n"}
{"Time":"2026-10-10T16:35:34.021066192+08:00","Action":"output","Package":"github.com/hashicorp/raft","Test":"TestAssuranceConfigPublishedWithoutPersist","Output":"CA_EVENT {\"event\":\"assurance_leader_established\",\"node\":\"765a0912-9ffb-437a-3f73-4cc2604f46ea\",\"term\":2}\n"}
{"Time":"2026-10-10T16:35:34.021122111+08:00","Action":"output","Package":"github.com/hashicorp/raft","Test":"TestAssuranceConfigPublishedWithoutPersist","Output":"CA_EVENT {\"attempted\":true,\"event\":\"assurance_config_change_attempt\",\"node\":\"765a0912-9ffb-437a-3f73-4cc2604f46ea\"}\n"}
{"Time":"2026-10-10T16:35:34.021713464+08:00","Action":"output","Package":"github.com/hashicorp/raft","Test":"TestAssuranceConfigPublishedWithoutPersist","Output":"2026-10-10T16:35:34.021+0800 [INFO]  updating configuration: command=AddVoter server-id=phantom server-addr=phantom-addr servers=\"[{Suffrage:Voter ID:765a0912-9ffb-437a-3f73-4cc2604f46ea Address:765a0912-9ffb-437a-3f73-4cc2604f46ea} {Suffrage:Voter ID:phantom Address:phantom-addr}]\"\n"}
{"Time":"2026-10-10T16:35:34.021801341+08:00","Action":"output","Package":"github.com/hashicorp/raft","Test":"TestAssuranceConfigPublishedWithoutPersist","Output":"2026-10-10T16:35:34.021+0800 [ERROR] failed to commit logs: error=\"injected LogStore.StoreLogs failure\"\n"}
{"Time":"2026-10-10T16:35:34.021859454+08:00","Action":"output","Package":"github.com/hashicorp/raft","Test":"TestAssuranceConfigPublishedWithoutPersist","Output":"2026-10-10T16:35:34.021+0800 [INFO]  added peer, starting replication: peer=phantom\n"}
{"Time":"2026-10-10T16:35:34.021876434+08:00","Action":"output","Package":"github.com/hashicorp/raft","Test":"TestAssuranceConfigPublishedWithoutPersist","Output":"CA_EVENT {\"durable_last_index\":3,\"entry_durable\":false,\"event\":\"assurance_config_published\",\"node\":\"765a0912-9ffb-437a-3f73-4cc2604f46ea\",\"published_ahead_of_durable\":true,\"published_voters\":2}\n"}
{"Time":"2026-10-10T16:35:34.021896+08:00","Action":"output","Package":"github.com/hashicorp/raft","Test":"TestAssuranceConfigPublishedWithoutPersist","Output":"2026-10-10T16:35:34.021+0800 [INFO]  entering follower state: follower=\"Node at 765a0912-9ffb-437a-3f73-4cc2604f46ea [Follower]\" leader-address= leader-id=\n"}
{"Time":"2026-10-10T16:35:34.021926217+08:00","Action":"output","Package":"github.com/hashicorp/raft","Test":"TestAssuranceConfigPublishedWithoutPersist","Output":"CA_EVENT {\"add_voter_error\":\"injected LogStore.StoreLogs failure\",\"assigned_config_index\":4,\"config_index_after\":0,\"config_index_before\":0,\"config_servers_after\":[\"765a0912-9ffb-437a-3f73-4cc2604f46ea/765a0912-9ffb-437a-3f73-4cc2604f46ea/Voter\",\"phantom/phantom-addr/Voter\"],\"config_servers_before\":[\"765a0912-9ffb-437a-3f73-4cc2604f46ea/765a0912-9ffb-437a-3f73-4cc2604f46ea/Voter\"],\"durable_last_index_after\":3,\"durable_last_index_before\":3,\"event\":\"config_publish_after_failed_durable_write\",\"getlog_at_assigned_idx_err\":\"log not found\",\"published_ahead_of_durable\":true,\"published_config_index_api\":0,\"raft_last_index\":3}\n"}
{"Time":"2026-10-10T16:35:34.090193876+08:00","Action":"output","Package":"github.com/hashicorp/raft","Test":"TestAssuranceConfigPublishedWithoutPersist","Output":"2026-10-10T16:35:34.089+0800 [WARN]  heartbeat timeout reached, starting election: last-leader-addr= last-leader-id=\n"}
{"Time":"2026-10-10T16:35:34.090278675+08:00","Action":"output","Package":"github.com/hashicorp/raft","Test":"TestAssuranceConfigPublishedWithoutPersist","Output":"2026-10-10T16:35:34.089+0800 [INFO]  entering candidate state: node=\"Node at 765a0912-9ffb-437a-3f73-4cc2604f46ea [Candidate]\" term=3\n"}
{"Time":"2026-10-10T16:35:34.090299372+08:00","Action":"output","Package":"github.com/hashicorp/raft","Test":"TestAssuranceConfigPublishedWithoutPersist","Output":"2026-10-10T16:35:34.089+0800 [DEBUG] pre-voting for self: term=3 id=765a0912-9ffb-437a-3f73-4cc2604f46ea\n"}
{"Time":"2026-10-10T16:35:34.090326795+08:00","Action":"output","Package":"github.com/hashicorp/raft","Test":"TestAssuranceConfigPublishedWithoutPersist","Output":"2026-10-10T16:35:34.089+0800 [DEBUG] asking for pre-vote: term=3 from=phantom address=phantom-addr\n"}
{"Time":"2026-10-10T16:35:34.09033914+08:00","Action":"output","Package":"github.com/hashicorp/raft","Test":"TestAssuranceConfigPublishedWithoutPersist","Output":"2026-10-10T16:35:34.089+0800 [DEBUG] calculated votes needed: needed=2 term=3\n"}
{"Time":"2026-10-10T16:35:34.090352117+08:00","Action":"output","Package":"github.com/hashicorp/raft","Test":"TestAssuranceConfigPublishedWithoutPersist","Output":"2026-10-10T16:35:34.089+0800 [DEBUG] pre-vote received: from=765a0912-9ffb-437a-3f73-4cc2604f46ea term=3 tally=0\n"}
{"Time":"2026-10-10T16:35:34.090363207+08:00","Action":"output","Package":"github.com/hashicorp/raft","Test":"TestAssuranceConfigPublishedWithoutPersist","Output":"2026-10-10T16:35:34.089+0800 [DEBUG] pre-vote granted: from=765a0912-9ffb-437a-3f73-4cc2604f46ea term=3 tally=1\n"}
{"Time":"2026-10-10T16:35:34.090374584+08:00","Action":"output","Package":"github.com/hashicorp/raft","Test":"TestAssuranceConfigPublishedWithoutPersist","Output":"2026-10-10T16:35:34.089+0800 [ERROR] failed to make requestVote RPC: target=\"{Voter phantom phantom-addr}\" error=\"failed to connect to peer: phantom-addr\" term=3\n"}
{"Time":"2026-10-10T16:35:34.090386806+08:00","Action":"output","Package":"github.com/hashicorp/raft","Test":"TestAssuranceConfigPublishedWithoutPersist","Output":"2026-10-10T16:35:34.089+0800 [DEBUG] pre-vote received: from=phantom term=3 tally=1\n"}
{"Time":"2026-10-10T16:35:34.090401294+08:00","Action":"output","Package":"github.com/hashicorp/raft","Test":"TestAssuranceConfigPublishedWithoutPersist","Output":"2026-10-10T16:35:34.089+0800 [DEBUG] pre-vote denied: from=phantom term=3 tally=1\n"}
{"Time":"2026-10-10T16:35:34.188618265+08:00","Action":"output","Package":"github.com/hashicorp/raft","Test":"TestAssuranceConfigPublishedWithoutPersist","Output":"2026-10-10T16:35:34.188+0800 [WARN]  Election timeout reached, restarting election\n"}
{"Time":"2026-10-10T16:35:34.188861753+08:00","Action":"output","Package":"github.com/hashicorp/raft","Test":"TestAssuranceConfigPublishedWithoutPersist","Output":"2026-10-10T16:35:34.188+0800 [INFO]  entering candidate state: node=\"Node at 765a0912-9ffb-437a-3f73-4cc2604f46ea [Candidate]\" term=3\n"}
{"Time":"2026-10-10T16:35:34.188889979+08:00","Action":"output","Package":"github.com/hashicorp/raft","Test":"TestAssuranceConfigPublishedWithoutPersist","Output":"2026-10-10T16:35:34.188+0800 [DEBUG] pre-voting for self: term=3 id=765a0912-9ffb-437a-3f73-4cc2604f46ea\n"}
{"Time":"2026-10-10T16:35:34.188902376+08:00","Action":"output","Package":"github.com/hashicorp/raft","Test":"TestAssuranceConfigPublishedWithoutPersist","Output":"2026-10-10T16:35:34.188+0800 [DEBUG] asking for pre-vote: term=3 from=phantom address=phantom-addr\n"}
{"Time":"2026-10-10T16:35:34.188912067+08:00","Action":"output","Package":"github.com/hashicorp/raft","Test":"TestAssuranceConfigPublishedWithoutPersist","Output":"2026-10-10T16:35:34.188+0800 [DEBUG] calculated votes needed: needed=2 term=3\n"}
{"Time":"2026-10-10T16:35:34.188937912+08:00","Action":"output","Package":"github.com/hashicorp/raft","Test":"TestAssuranceConfigPublishedWithoutPersist","Output":"2026-10-10T16:35:34.188+0800 [DEBUG] pre-vote received: from=765a0912-9ffb-437a-3f73-4cc2604f46ea term=3 tally=0\n"}
{"Time":"2026-10-10T16:35:34.188946498+08:00","Action":"output","Package":"github.com/hashicorp/raft","Test":"TestAssuranceConfigPublishedWithoutPersist","Output":"2026-10-10T16:35:34.188+0800 [DEBUG] pre-vote granted: from=765a0912-9ffb-437a-3f73-4cc2604f46ea term=3 tally=1\n"}
{"Time":"2026-10-10T16:35:34.188954116+08:00","Action":"output","Package":"github.com/hashicorp/raft","Test":"TestAssuranceConfigPublishedWithoutPersist","Output":"2026-10-10T16:35:34.188+0800 [ERROR] failed to make requestVote RPC: target=\"{Voter phantom phantom-addr}\" error=\"failed to connect to peer: phantom-addr\" term=3\n"}
{"Time":"2026-10-10T16:35:34.188964548+08:00","Action":"output","Package":"github.com/hashicorp/raft","Test":"TestAssuranceConfigPublishedWithoutPersist","Output":"2026-10-10T16:35:34.188+0800 [DEBUG] pre-vote received: from=phantom term=3 tally=1\n"}
{"Time":"2026-10-10T16:35:34.188973598+08:00","Action":"output","Package":"github.com/hashicorp/raft","Test":"TestAssuranceConfigPublishedWithoutPersist","Output":"2026-10-10T16:35:34.188+0800 [DEBUG] pre-vote denied: from=phantom term=3 tally=1\n"}
{"Time":"2026-10-10T16:35:34.24081239+08:00","Action":"output","Package":"github.com/hashicorp/raft","Test":"TestAssuranceConfigPublishedWithoutPersist","Output":"2026-10-10T16:35:34.240+0800 [WARN]  Election timeout reached, restarting election\n"}
{"Time":"2026-10-10T16:35:34.240927657+08:00","Action":"output","Package":"github.com/hashicorp/raft","Test":"TestAssuranceConfigPublishedWithoutPersist","Output":"2026-10-10T16:35:34.240+0800 [INFO]  entering candidate state: node=\"Node at 765a0912-9ffb-437a-3f73-4cc2604f46ea [Candidate]\" term=3\n"}
{"Time":"2026-10-10T16:35:34.240954593+08:00","Action":"output","Package":"github.com/hashicorp/raft","Test":"TestAssuranceConfigPublishedWithoutPersist","Output":"2026-10-10T16:35:34.240+0800 [DEBUG] pre-voting for self: term=3 id=765a0912-9ffb-437a-3f73-4cc2604f46ea\n"}
{"Time":"2026-10-10T16:35:34.240973596+08:00","Action":"output","Package":"github.com/hashicorp/raft","Test":"TestAssuranceConfigPublishedWithoutPersist","Output":"2026-10-10T16:35:34.240+0800 [DEBUG] asking for pre-vote: term=3 from=phantom address=phantom-addr\n"}
{"Time":"2026-10-10T16:35:34.240990465+08:00","Action":"output","Package":"github.com/hashicorp/raft","Test":"TestAssuranceConfigPublishedWithoutPersist","Output":"2026-10-10T16:35:34.240+0800 [DEBUG] calculated votes needed: needed=2 term=3\n"}
{"Time":"2026-10-10T16:35:34.241018044+08:00","Action":"output","Package":"github.com/hashicorp/raft","Test":"TestAssuranceConfigPublishedWithoutPersist","Output":"2026-10-10T16:35:34.240+0800 [DEBUG] pre-vote received: from=765a0912-9ffb-437a-3f73-4cc2604f46ea term=3 tally=0\n"}
{"Time":"2026-10-10T16:35:34.241033722+08:00","Action":"output","Package":"github.com/hashicorp/raft","Test":"TestAssuranceConfigPublishedWithoutPersist","Output":"2026-10-10T16:35:34.240+0800 [DEBUG] pre-vote granted: from=765a0912-9ffb-437a-3f73-4cc2604f46ea term=3 tally=1\n"}
{"Time":"2026-10-10T16:35:34.241049843+08:00","Action":"output","Package":"github.com/hashicorp/raft","Test":"TestAssuranceConfigPublishedWithoutPersist","Output":"2026-10-10T16:35:34.240+0800 [ERROR] failed to make requestVote RPC: target=\"{Voter phantom phantom-addr}\" error=\"failed to connect to peer: phantom-addr\" term=3\n"}
{"Time":"2026-10-10T16:35:34.24106651+08:00","Action":"output","Package":"github.com/hashicorp/raft","Test":"TestAssuranceConfigPublishedWithoutPersist","Output":"2026-10-10T16:35:34.240+0800 [DEBUG] pre-vote received: from=phantom term=3 tally=1\n"}
{"Time":"2026-10-10T16:35:34.242679148+08:00","Action":"output","Package":"github.com/hashicorp/raft","Test":"TestAssuranceConfigPublishedWithoutPersist","Output":"2026-10-10T16:35:34.240+0800 [DEBUG] pre-vote denied: from=phantom term=3 tally=1\n"}
{"Time":"2026-10-10T16:35:34.328855016+08:00","Action":"output","Package":"github.com/hashicorp/raft","Test":"TestAssuranceConfigPublishedWithoutPersist","Output":"2026-10-10T16:35:34.328+0800 [WARN]  Election timeout reached, restarting election\n"}
{"Time":"2026-10-10T16:35:34.328971833+08:00","Action":"output","Package":"github.com/hashicorp/raft","Test":"TestAssuranceConfigPublishedWithoutPersist","Output":"2026-10-10T16:35:34.328+0800 [INFO]  entering candidate state: node=\"Node at 765a0912-9ffb-437a-3f73-4cc2604f46ea [Candidate]\" term=3\n"}
{"Time":"2026-10-10T16:35:34.329002319+08:00","Action":"output","Package":"github.com/hashicorp/raft","Test":"TestAssuranceConfigPublishedWithoutPersist","Output":"2026-10-10T16:35:34.328+0800 [DEBUG] pre-voting for self: term=3 id=765a0912-9ffb-437a-3f73-4cc2604f46ea\n"}
{"Time":"2026-10-10T16:35:34.329024943+08:00","Action":"output","Package":"github.com/hashicorp/raft","Test":"TestAssuranceConfigPublishedWithoutPersist","Output":"2026-10-10T16:35:34.328+0800 [DEBUG] asking for pre-vote: term=3 from=phantom address=phantom-addr\n"}
{"Time":"2026-10-10T16:35:34.329042277+08:00","Action":"output","Package":"github.com/hashicorp/raft","Test":"TestAssuranceConfigPublishedWithoutPersist","Output":"2026-10-10T16:35:34.328+0800 [DEBUG] calculated votes needed: needed=2 term=3\n"}
{"Time":"2026-10-10T16:35:34.329058504+08:00","Action":"output","Package":"github.com/hashicorp/raft","Test":"TestAssuranceConfigPublishedWithoutPersist","Output":"2026-10-10T16:35:34.328+0800 [DEBUG] pre-vote received: from=765a0912-9ffb-437a-3f73-4cc2604f46ea term=3 tally=0\n"}
{"Time":"2026-10-10T16:35:34.329109093+08:00","Action":"output","Package":"github.com/hashicorp/raft","Test":"TestAssuranceConfigPublishedWithoutPersist","Output":"2026-10-10T16:35:34.328+0800 [DEBUG] pre-vote granted: from=765a0912-9ffb-437a-3f73-4cc2604f46ea term=3 tally=1\n"}
{"Time":"2026-10-10T16:35:34.329125565+08:00","Action":"output","Package":"github.com/hashicorp/raft","Test":"TestAssuranceConfigPublishedWithoutPersist","Output":"2026-10-10T16:35:34.328+0800 [ERROR] failed to make requestVote RPC: target=\"{Voter phantom phantom-addr}\" error=\"failed to connect to peer: phantom-addr\" term=3\n"}
{"Time":"2026-10-10T16:35:34.329754735+08:00","Action":"output","Package":"github.com/hashicorp/raft","Test":"TestAssuranceConfigPublishedWithoutPersist","Output":"2026-10-10T16:35:34.329+0800 [DEBUG] pre-vote received: from=phantom term=3 tally=1\n"}
{"Time":"2026-10-10T16:35:34.329864276+08:00","Action":"output","Package":"github.com/hashicorp/raft","Test":"TestAssuranceConfigPublishedWithoutPersist","Output":"2026-10-10T16:35:34.329+0800 [DEBUG] pre-vote denied: from=phantom term=3 tally=1\n"}
{"Time":"2026-10-10T16:35:34.381432005+08:00","Action":"output","Package":"github.com/hashicorp/raft","Test":"TestAssuranceConfigPublishedWithoutPersist","Output":"2026-10-10T16:35:34.380+0800 [WARN]  Election timeout reached, restarting election\n"}
{"Time":"2026-10-10T16:35:34.381543651+08:00","Action":"output","Package":"github.com/hashicorp/raft","Test":"TestAssuranceConfigPublishedWithoutPersist","Output":"2026-10-10T16:35:34.380+0800 [INFO]  entering candidate state: node=\"Node at 765a0912-9ffb-437a-3f73-4cc2604f46ea [Candidate]\" term=3\n"}
{"Time":"2026-10-10T16:35:34.381575063+08:00","Action":"output","Package":"github.com/hashicorp/raft","Test":"TestAssuranceConfigPublishedWithoutPersist","Output":"2026-10-10T16:35:34.380+0800 [DEBUG] pre-voting for self: term=3 id=765a0912-9ffb-437a-3f73-4cc2604f46ea\n"}
{"Time":"2026-10-10T16:35:34.381596969+08:00","Action":"output","Package":"github.com/hashicorp/raft","Test":"TestAssuranceConfigPublishedWithoutPersist","Output":"2026-10-10T16:35:34.380+0800 [DEBUG] asking for pre-vote: term=3 from=phantom address=phantom-addr\n"}
{"Time":"2026-10-10T16:35:34.381613707+08:00","Action":"output","Package":"github.com/hashicorp/raft","Test":"TestAssuranceConfigPublishedWithoutPersist","Output":"2026-10-10T16:35:34.380+0800 [DEBUG] calculated votes needed: needed=2 term=3\n"}
{"Time":"2026-10-10T16:35:34.381629924+08:00","Action":"output","Package":"github.com/hashicorp/raft","Test":"TestAssuranceConfigPublishedWithoutPersist","Output":"2026-10-10T16:35:34.380+0800 [DEBUG] pre-vote received: from=765a0912-9ffb-437a-3f73-4cc2604f46ea term=3 tally=0\n"}
{"Time":"2026-10-10T16:35:34.381646305+08:00","Action":"output","Package":"github.com/hashicorp/raft","Test":"TestAssuranceConfigPublishedWithoutPersist","Output":"2026-10-10T16:35:34.380+0800 [DEBUG] pre-vote granted: from=765a0912-9ffb-437a-3f73-4cc2604f46ea term=3 tally=1\n"}
{"Time":"2026-10-10T16:35:34.38166171+08:00","Action":"output","Package":"github.com/hashicorp/raft","Test":"TestAssuranceConfigPublishedWithoutPersist","Output":"2026-10-10T16:35:34.380+0800 [ERROR] failed to make requestVote RPC: target=\"{Voter phantom phantom-addr}\" error=\"failed to connect to peer: phantom-addr\" term=3\n"}
{"Time":"2026-10-10T16:35:34.381738587+08:00","Action":"output","Package":"github.com/hashicorp/raft","Test":"TestAssuranceConfigPublishedWithoutPersist","Output":"2026-10-10T16:35:34.380+0800 [DEBUG] pre-vote received: from=phantom term=3 tally=1\n"}
{"Time":"2026-10-10T16:35:34.381753811+08:00","Action":"output","Package":"github.com/hashicorp/raft","Test":"TestAssuranceConfigPublishedWithoutPersist","Output":"2026-10-10T16:35:34.380+0800 [DEBUG] pre-vote denied: from=phantom term=3 tally=1\n"}
{"Time":"2026-10-10T16:35:34.45027271+08:00","Action":"output","Package":"github.com/hashicorp/raft","Test":"TestAssuranceConfigPublishedWithoutPersist","Output":"2026-10-10T16:35:34.449+0800 [WARN]  Election timeout reached, restarting election\n"}
{"Time":"2026-10-10T16:35:34.450494844+08:00","Action":"output","Package":"github.com/hashicorp/raft","Test":"TestAssuranceConfigPublishedWithoutPersist","Output":"2026-10-10T16:35:34.450+0800 [INFO]  entering candidate state: node=\"Node at 765a0912-9ffb-437a-3f73-4cc2604f46ea [Candidate]\" term=3\n"}
{"Time":"2026-10-10T16:35:34.450589461+08:00","Action":"output","Package":"github.com/hashicorp/raft","Test":"TestAssuranceConfigPublishedWithoutPersist","Output":"2026-10-10T16:35:34.450+0800 [DEBUG] pre-voting for self: term=3 id=765a0912-9ffb-437a-3f73-4cc2604f46ea\n"}
{"Time":"2026-10-10T16:35:34.450699477+08:00","Action":"output","Package":"github.com/hashicorp/raft","Test":"TestAssuranceConfigPublishedWithoutPersist","Output":"2026-10-10T16:35:34.450+0800 [DEBUG] asking for pre-vote: term=3 from=phantom address=phantom-addr\n"}
{"Time":"2026-10-10T16:35:34.450827364+08:00","Action":"output","Package":"github.com/hashicorp/raft","Test":"TestAssuranceConfigPublishedWithoutPersist","Output":"2026-10-10T16:35:34.450+0800 [DEBUG] calculated votes needed: needed=2 term=3\n"}
{"Time":"2026-10-10T16:35:34.450840195+08:00","Action":"output","Package":"github.com/hashicorp/raft","Test":"TestAssuranceConfigPublishedWithoutPersist","Output":"2026-10-10T16:35:34.450+0800 [DEBUG] pre-vote received: from=765a0912-9ffb-437a-3f73-4cc2604f46ea term=3 tally=0\n"}
{"Time":"2026-10-10T16:35:34.45084934+08:00","Action":"output","Package":"github.com/hashicorp/raft","Test":"TestAssuranceConfigPublishedWithoutPersist","Output":"2026-10-10T16:35:34.450+0800 [DEBUG] pre-vote granted: from=765a0912-9ffb-437a-3f73-4cc2604f46ea term=3 tally=1\n"}
{"Time":"2026-10-10T16:35:34.451587493+08:00","Action":"output","Package":"github.com/hashicorp/raft","Test":"TestAssuranceConfigPublishedWithoutPersist","Output":"2026-10-10T16:35:34.450+0800 [ERROR] failed to make requestVote RPC: target=\"{Voter phantom phantom-addr}\" error=\"failed to connect to peer: phantom-addr\" term=3\n"}
{"Time":"2026-10-10T16:35:34.451623708+08:00","Action":"output","Package":"github.com/hashicorp/raft","Test":"TestAssuranceConfigPublishedWithoutPersist","Output":"2026-10-10T16:35:34.450+0800 [DEBUG] pre-vote received: from=phantom term=3 tally=1\n"}
{"Time":"2026-10-10T16:35:34.451637149+08:00","Action":"output","Package":"github.com/hashicorp/raft","Test":"TestAssuranceConfigPublishedWithoutPersist","Output":"2026-10-10T16:35:34.450+0800 [DEBUG] pre-vote denied: from=phantom term=3 tally=1\n"}
{"Time":"2026-10-10T16:35:34.514082001+08:00","Action":"output","Package":"github.com/hashicorp/raft","Test":"TestAssuranceConfigPublishedWithoutPersist","Output":"2026-10-10T16:35:34.513+0800 [WARN]  Election timeout reached, restarting election\n"}
{"Time":"2026-10-10T16:35:34.514187587+08:00","Action":"output","Package":"github.com/hashicorp/raft","Test":"TestAssuranceConfigPublishedWithoutPersist","Output":"2026-10-10T16:35:34.513+0800 [INFO]  entering candidate state: node=\"Node at 765a0912-9ffb-437a-3f73-4cc2604f46ea [Candidate]\" term=3\n"}
{"Time":"2026-10-10T16:35:34.51419982+08:00","Action":"output","Package":"github.com/hashicorp/raft","Test":"TestAssuranceConfigPublishedWithoutPersist","Output":"2026-10-10T16:35:34.513+0800 [DEBUG] pre-voting for self: term=3 id=765a0912-9ffb-437a-3f73-4cc2604f46ea\n"}
{"Time":"2026-10-10T16:35:34.514208133+08:00","Action":"output","Package":"github.com/hashicorp/raft","Test":"TestAssuranceConfigPublishedWithoutPersist","Output":"2026-10-10T16:35:34.513+0800 [DEBUG] asking for pre-vote: term=3 from=phantom address=phantom-addr\n"}
{"Time":"2026-10-10T16:35:34.514214483+08:00","Action":"output","Package":"github.com/hashicorp/raft","Test":"TestAssuranceConfigPublishedWithoutPersist","Output":"2026-10-10T16:35:34.514+0800 [DEBUG] calculated votes needed: needed=2 term=3\n"}
{"Time":"2026-10-10T16:35:34.514221816+08:00","Action":"output","Package":"github.com/hashicorp/raft","Test":"TestAssuranceConfigPublishedWithoutPersist","Output":"2026-10-10T16:35:34.514+0800 [DEBUG] pre-vote received: from=765a0912-9ffb-437a-3f73-4cc2604f46ea term=3 tally=0\n"}
{"Time":"2026-10-10T16:35:34.514234135+08:00","Action":"output","Package":"github.com/hashicorp/raft","Test":"TestAssuranceConfigPublishedWithoutPersist","Output":"2026-10-10T16:35:34.514+0800 [DEBUG] pre-vote granted: from=765a0912-9ffb-437a-3f73-4cc2604f46ea term=3 tally=1\n"}
{"Time":"2026-10-10T16:35:34.514250369+08:00","Action":"output","Package":"github.com/hashicorp/raft","Test":"TestAssuranceConfigPublishedWithoutPersist","Output":"2026-10-10T16:35:34.514+0800 [ERROR] failed to make requestVote RPC: target=\"{Voter phantom phantom-addr}\" error=\"failed to connect to peer: phantom-addr\" term=3\n"}
{"Time":"2026-10-10T16:35:34.514260091+08:00","Action":"output","Package":"github.com/hashicorp/raft","Test":"TestAssuranceConfigPublishedWithoutPersist","Output":"2026-10-10T16:35:34.514+0800 [DEBUG] pre-vote received: from=phantom term=3 tally=1\n"}
{"Time":"2026-10-10T16:35:34.514268146+08:00","Action":"output","Package":"github.com/hashicorp/raft","Test":"TestAssuranceConfigPublishedWithoutPersist","Output":"2026-10-10T16:35:34.514+0800 [DEBUG] pre-vote denied: from=phantom term=3 tally=1\n"}
{"Time":"2026-10-10T16:35:34.567830991+08:00","Action":"output","Package":"github.com/hashicorp/raft","Test":"TestAssuranceConfigPublishedWithoutPersist","Output":"2026-10-10T16:35:34.567+0800 [WARN]  Election timeout reached, restarting election\n"}
{"Time":"2026-10-10T16:35:34.567995635+08:00","Action":"output","Package":"github.com/hashicorp/raft","Test":"TestAssuranceConfigPublishedWithoutPersist","Output":"2026-10-10T16:35:34.567+0800 [INFO]  entering candidate state: node=\"Node at 765a0912-9ffb-437a-3f73-4cc2604f46ea [Candidate]\" term=3\n"}
{"Time":"2026-10-10T16:35:34.56802908+08:00","Action":"output","Package":"github.com/hashicorp/raft","Test":"TestAssuranceConfigPublishedWithoutPersist","Output":"2026-10-10T16:35:34.567+0800 [DEBUG] pre-voting for self: term=3 id=765a0912-9ffb-437a-3f73-4cc2604f46ea\n"}
{"Time":"2026-10-10T16:35:34.568035658+08:00","Action":"output","Package":"github.com/hashicorp/raft","Test":"TestAssuranceConfigPublishedWithoutPersist","Output":"2026-10-10T16:35:34.567+0800 [DEBUG] asking for pre-vote: term=3 from=phantom address=phantom-addr\n"}
{"Time":"2026-10-10T16:35:34.568044851+08:00","Action":"output","Package":"github.com/hashicorp/raft","Test":"TestAssuranceConfigPublishedWithoutPersist","Output":"2026-10-10T16:35:34.567+0800 [DEBUG] calculated votes needed: needed=2 term=3\n"}
{"Time":"2026-10-10T16:35:34.568050843+08:00","Action":"output","Package":"github.com/hashicorp/raft","Test":"TestAssuranceConfigPublishedWithoutPersist","Output":"2026-10-10T16:35:34.567+0800 [DEBUG] pre-vote received: from=765a0912-9ffb-437a-3f73-4cc2604f46ea term=3 tally=0\n"}
{"Time":"2026-10-10T16:35:34.568054301+08:00","Action":"output","Package":"github.com/hashicorp/raft","Test":"TestAssuranceConfigPublishedWithoutPersist","Output":"2026-10-10T16:35:34.567+0800 [DEBUG] pre-vote granted: from=765a0912-9ffb-437a-3f73-4cc2604f46ea term=3 tally=1\n"}
{"Time":"2026-10-10T16:35:34.568057725+08:00","Action":"output","Package":"github.com/hashicorp/raft","Test":"TestAssuranceConfigPublishedWithoutPersist","Output":"2026-10-10T16:35:34.567+0800 [ERROR] failed to make requestVote RPC: target=\"{Voter phantom phantom-addr}\" error=\"failed to connect to peer: phantom-addr\" term=3\n"}
{"Time":"2026-10-10T16:35:34.56806249+08:00","Action":"output","Package":"github.com/hashicorp/raft","Test":"TestAssuranceConfigPublishedWithoutPersist","Output":"2026-10-10T16:35:34.567+0800 [DEBUG] pre-vote received: from=phantom term=3 tally=1\n"}
{"Time":"2026-10-10T16:35:34.568070105+08:00","Action":"output","Package":"github.com/hashicorp/raft","Test":"TestAssuranceConfigPublishedWithoutPersist","Output":"2026-10-10T16:35:34.567+0800 [DEBUG] pre-vote denied: from=phantom term=3 tally=1\n"}
{"Time":"2026-10-10T16:35:34.623177863+08:00","Action":"output","Package":"github.com/hashicorp/raft","Test":"TestAssuranceConfigPublishedWithoutPersist","Output":"2026-10-10T16:35:34.622+0800 [WARN]  Election timeout reached, restarting election\n"}
{"Time":"2026-10-10T16:35:34.623256147+08:00","Action":"output","Package":"github.com/hashicorp/raft","Test":"TestAssuranceConfigPublishedWithoutPersist","Output":"2026-10-10T16:35:34.622+0800 [INFO]  entering candidate state: node=\"Node at 765a0912-9ffb-437a-3f73-4cc2604f46ea [Candidate]\" term=3\n"}
{"Time":"2026-10-10T16:35:34.623268493+08:00","Action":"output","Package":"github.com/hashicorp/raft","Test":"TestAssuranceConfigPublishedWithoutPersist","Output":"2026-10-10T16:35:34.622+0800 [DEBUG] pre-voting for self: term=3 id=765a0912-9ffb-437a-3f73-4cc2604f46ea\n"}
{"Time":"2026-10-10T16:35:34.623274439+08:00","Action":"output","Package":"github.com/hashicorp/raft","Test":"TestAssuranceConfigPublishedWithoutPersist","Output":"2026-10-10T16:35:34.622+0800 [DEBUG] asking for pre-vote: term=3 from=phantom address=phantom-addr\n"}
{"Time":"2026-10-10T16:35:34.623278011+08:00","Action":"output","Package":"github.com/hashicorp/raft","Test":"TestAssuranceConfigPublishedWithoutPersist","Output":"2026-10-10T16:35:34.622+0800 [DEBUG] calculated votes needed: needed=2 term=3\n"}
{"Time":"2026-10-10T16:35:34.62328159+08:00","Action":"output","Package":"github.com/hashicorp/raft","Test":"TestAssuranceConfigPublishedWithoutPersist","Output":"2026-10-10T16:35:34.622+0800 [DEBUG] pre-vote received: from=765a0912-9ffb-437a-3f73-4cc2604f46ea term=3 tally=0\n"}
{"Time":"2026-10-10T16:35:34.623284911+08:00","Action":"output","Package":"github.com/hashicorp/raft","Test":"TestAssuranceConfigPublishedWithoutPersist","Output":"2026-10-10T16:35:34.622+0800 [DEBUG] pre-vote granted: from=765a0912-9ffb-437a-3f73-4cc2604f46ea term=3 tally=1\n"}
{"Time":"2026-10-10T16:35:34.623288436+08:00","Action":"output","Package":"github.com/hashicorp/raft","Test":"TestAssuranceConfigPublishedWithoutPersist","Output":"2026-10-10T16:35:34.623+0800 [ERROR] failed to make requestVote RPC: target=\"{Voter phantom phantom-addr}\" error=\"failed to connect to peer: phantom-addr\" term=3\n"}
{"Time":"2026-10-10T16:35:34.62329387+08:00","Action":"output","Package":"github.com/hashicorp/raft","Test":"TestAssuranceConfigPublishedWithoutPersist","Output":"2026-10-10T16:35:34.623+0800 [DEBUG] pre-vote received: from=phantom term=3 tally=1\n"}
{"Time":"2026-10-10T16:35:34.623299635+08:00","Action":"output","Package":"github.com/hashicorp/raft","Test":"TestAssuranceConfigPublishedWithoutPersist","Output":"2026-10-10T16:35:34.623+0800 [DEBUG] pre-vote denied: from=phantom term=3 tally=1\n"}
{"Time":"2026-10-10T16:35:34.67439363+08:00","Action":"output","Package":"github.com/hashicorp/raft","Test":"TestAssuranceConfigPublishedWithoutPersist","Output":"2026-10-10T16:35:34.674+0800 [WARN]  Election timeout reached, restarting election\n"}
{"Time":"2026-10-10T16:35:34.674453555+08:00","Action":"output","Package":"github.com/hashicorp/raft","Test":"TestAssuranceConfigPublishedWithoutPersist","Output":"2026-10-10T16:35:34.674+0800 [INFO]  entering candidate state: node=\"Node at 765a0912-9ffb-437a-3f73-4cc2604f46ea [Candidate]\" term=3\n"}
{"Time":"2026-10-10T16:35:34.674469422+08:00","Action":"output","Package":"github.com/hashicorp/raft","Test":"TestAssuranceConfigPublishedWithoutPersist","Output":"2026-10-10T16:35:34.674+0800 [DEBUG] pre-voting for self: term=3 id=765a0912-9ffb-437a-3f73-4cc2604f46ea\n"}
{"Time":"2026-10-10T16:35:34.674489054+08:00","Action":"output","Package":"github.com/hashicorp/raft","Test":"TestAssuranceConfigPublishedWithoutPersist","Output":"2026-10-10T16:35:34.674+0800 [DEBUG] asking for pre-vote: term=3 from=phantom address=phantom-addr\n"}
{"Time":"2026-10-10T16:35:34.674497802+08:00","Action":"output","Package":"github.com/hashicorp/raft","Test":"TestAssuranceConfigPublishedWithoutPersist","Output":"2026-10-10T16:35:34.674+0800 [DEBUG] calculated votes needed: needed=2 term=3\n"}
{"Time":"2026-10-10T16:35:34.674506042+08:00","Action":"output","Package":"github.com/hashicorp/raft","Test":"TestAssuranceConfigPublishedWithoutPersist","Output":"2026-10-10T16:35:34.674+0800 [DEBUG] pre-vote received: from=765a0912-9ffb-437a-3f73-4cc2604f46ea term=3 tally=0\n"}
{"Time":"2026-10-10T16:35:34.674513647+08:00","Action":"output","Package":"github.com/hashicorp/raft","Test":"TestAssuranceConfigPublishedWithoutPersist","Output":"2026-10-10T16:35:34.674+0800 [DEBUG] pre-vote granted: from=765a0912-9ffb-437a-3f73-4cc2604f46ea term=3 tally=1\n"}
{"Time":"2026-10-10T16:35:34.674616572+08:00","Action":"output","Package":"github.com/hashicorp/raft","Test":"TestAssuranceConfigPublishedWithoutPersist","Output":"2026-10-10T16:35:34.674+0800 [ERROR] failed to make requestVote RPC: target=\"{Voter phantom phantom-addr}\" error=\"failed to connect to peer: phantom-addr\" term=3\n"}
{"Time":"2026-10-10T16:35:34.674634203+08:00","Action":"output","Package":"github.com/hashicorp/raft","Test":"TestAssuranceConfigPublishedWithoutPersist","Output":"2026-10-10T16:35:34.674+0800 [DEBUG] pre-vote received: from=phantom term=3 tally=1\n"}
{"Time":"2026-10-10T16:35:34.674648393+08:00","Action":"output","Package":"github.com/hashicorp/raft","Test":"TestAssuranceConfigPublishedWithoutPersist","Output":"2026-10-10T16:35:34.674+0800 [DEBUG] pre-vote denied: from=phantom term=3 tally=1\n"}
{"Time":"2026-10-10T16:35:34.727540933+08:00","Action":"output","Package":"github.com/hashicorp/raft","Test":"TestAssuranceConfigPublishedWithoutPersist","Output":"2026-10-10T16:35:34.727+0800 [WARN]  Election timeout reached, restarting election\n"}
{"Time":"2026-10-10T16:35:34.727654589+08:00","Action":"output","Package":"github.com/hashicorp/raft","Test":"TestAssuranceConfigPublishedWithoutPersist","Output":"2026-10-10T16:35:34.727+0800 [INFO]  entering candidate state: node=\"Node at 765a0912-9ffb-437a-3f73-4cc2604f46ea [Candidate]\" term=3\n"}
{"Time":"2026-10-10T16:35:34.727686052+08:00","Action":"output","Package":"github.com/hashicorp/raft","Test":"TestAssuranceConfigPublishedWithoutPersist","Output":"2026-10-10T16:35:34.727+0800 [DEBUG] pre-voting for self: term=3 id=765a0912-9ffb-437a-3f73-4cc2604f46ea\n"}
{"Time":"2026-10-10T16:35:34.727708431+08:00","Action":"output","Package":"github.com/hashicorp/raft","Test":"TestAssuranceConfigPublishedWithoutPersist","Output":"2026-10-10T16:35:34.727+0800 [DEBUG] asking for pre-vote: term=3 from=phantom address=phantom-addr\n"}
{"Time":"2026-10-10T16:35:34.727740266+08:00","Action":"output","Package":"github.com/hashicorp/raft","Test":"TestAssuranceConfigPublishedWithoutPersist","Output":"2026-10-10T16:35:34.727+0800 [DEBUG] calculated votes needed: needed=2 term=3\n"}
{"Time":"2026-10-10T16:35:34.727757961+08:00","Action":"output","Package":"github.com/hashicorp/raft","Test":"TestAssuranceConfigPublishedWithoutPersist","Output":"2026-10-10T16:35:34.727+0800 [DEBUG] pre-vote received: from=765a0912-9ffb-437a-3f73-4cc2604f46ea term=3 tally=0\n"}
{"Time":"2026-10-10T16:35:34.727792412+08:00","Action":"output","Package":"github.com/hashicorp/raft","Test":"TestAssuranceConfigPublishedWithoutPersist","Output":"2026-10-10T16:35:34.727+0800 [DEBUG] pre-vote granted: from=765a0912-9ffb-437a-3f73-4cc2604f46ea term=3 tally=1\n"}
{"Time":"2026-10-10T16:35:34.727810906+08:00","Action":"output","Package":"github.com/hashicorp/raft","Test":"TestAssuranceConfigPublishedWithoutPersist","Output":"2026-10-10T16:35:34.727+0800 [ERROR] failed to make requestVote RPC: target=\"{Voter phantom phantom-addr}\" error=\"failed to connect to peer: phantom-addr\" term=3\n"}
{"Time":"2026-10-10T16:35:34.727829177+08:00","Action":"output","Package":"github.com/hashicorp/raft","Test":"TestAssuranceConfigPublishedWithoutPersist","Output":"2026-10-10T16:35:34.727+0800 [DEBUG] pre-vote received: from=phantom term=3 tally=1\n"}
{"Time":"2026-10-10T16:35:34.727844751+08:00","Action":"output","Package":"github.com/hashicorp/raft","Test":"TestAssuranceConfigPublishedWithoutPersist","Output":"2026-10-10T16:35:34.727+0800 [DEBUG] pre-vote denied: from=phantom term=3 tally=1\n"}
{"Time":"2026-10-10T16:35:34.789685163+08:00","Action":"output","Package":"github.com/hashicorp/raft","Test":"TestAssuranceConfigPublishedWithoutPersist","Output":"2026-10-10T16:35:34.789+0800 [WARN]  Election timeout reached, restarting election\n"}
{"Time":"2026-10-10T16:35:34.789737704+08:00","Action":"output","Package":"github.com/hashicorp/raft","Test":"TestAssuranceConfigPublishedWithoutPersist","Output":"2026-10-10T16:35:34.789+0800 [INFO]  entering candidate state: node=\"Node at 765a0912-9ffb-437a-3f73-4cc2604f46ea [Candidate]\" term=3\n"}
{"Time":"2026-10-10T16:35:34.789750713+08:00","Action":"output","Package":"github.com/hashicorp/raft","Test":"TestAssuranceConfigPublishedWithoutPersist","Output":"2026-10-10T16:35:34.789+0800 [DEBUG] pre-voting for self: term=3 id=765a0912-9ffb-437a-3f73-4cc2604f46ea\n"}
{"Time":"2026-10-10T16:35:34.789759985+08:00","Action":"output","Package":"github.com/hashicorp/raft","Test":"TestAssuranceConfigPublishedWithoutPersist","Output":"2026-10-10T16:35:34.789+0800 [DEBUG] asking for pre-vote: term=3 from=phantom address=phantom-addr\n"}
{"Time":"2026-10-10T16:35:34.7897738+08:00","Action":"output","Package":"github.com/hashicorp/raft","Test":"TestAssuranceConfigPublishedWithoutPersist","Output":"2026-10-10T16:35:34.789+0800 [DEBUG] calculated votes needed: needed=2 term=3\n"}
{"Time":"2026-10-10T16:35:34.789813311+08:00","Action":"output","Package":"github.com/hashicorp/raft","Test":"TestAssuranceConfigPublishedWithoutPersist","Output":"2026-10-10T16:35:34.789+0800 [DEBUG] pre-vote received: from=765a0912-9ffb-437a-3f73-4cc2604f46ea term=3 tally=0\n"}
{"Time":"2026-10-10T16:35:34.789820883+08:00","Action":"output","Package":"github.com/hashicorp/raft","Test":"TestAssuranceConfigPublishedWithoutPersist","Output":"2026-10-10T16:35:34.789+0800 [DEBUG] pre-vote granted: from=765a0912-9ffb-437a-3f73-4cc2604f46ea term=3 tally=1\n"}
{"Time":"2026-10-10T16:35:34.789830822+08:00","Action":"output","Package":"github.com/hashicorp/raft","Test":"TestAssuranceConfigPublishedWithoutPersist","Output":"2026-10-10T16:35:34.789+0800 [ERROR] failed to make requestVote RPC: target=\"{Voter phantom phantom-addr}\" error=\"failed to connect to peer: phantom-addr\" term=3\n"}
{"Time":"2026-10-10T16:35:34.790193803+08:00","Action":"output","Package":"github.com/hashicorp/raft","Test":"TestAssuranceConfigPublishedWithoutPersist","Output":"2026-10-10T16:35:34.789+0800 [DEBUG] pre-vote received: from=phantom term=3 tally=1\n"}
{"Time":"2026-10-10T16:35:34.790354121+08:00","Action":"output","Package":"github.com/hashicorp/raft","Test":"TestAssuranceConfigPublishedWithoutPersist","Output":"2026-10-10T16:35:34.789+0800 [DEBUG] pre-vote denied: from=phantom term=3 tally=1\n"}
{"Time":"2026-10-10T16:35:34.887923489+08:00","Action":"output","Package":"github.com/hashicorp/raft","Test":"TestAssuranceConfigPublishedWithoutPersist","Output":"2026-10-10T16:35:34.887+0800 [WARN]  Election timeout reached, restarting election\n"}
{"Time":"2026-10-10T16:35:34.887992131+08:00","Action":"output","Package":"github.com/hashicorp/raft","Test":"TestAssuranceConfigPublishedWithoutPersist","Output":"2026-10-10T16:35:34.887+0800 [INFO]  entering candidate state: node=\"Node at 765a0912-9ffb-437a-3f73-4cc2604f46ea [Candidate]\" term=3\n"}
{"Time":"2026-10-10T16:35:34.888009847+08:00","Action":"output","Package":"github.com/hashicorp/raft","Test":"TestAssuranceConfigPublishedWithoutPersist","Output":"2026-10-10T16:35:34.887+0800 [DEBUG] pre-voting for self: term=3 id=765a0912-9ffb-437a-3f73-4cc2604f46ea\n"}
{"Time":"2026-10-10T16:35:34.888021503+08:00","Action":"output","Package":"github.com/hashicorp/raft","Test":"TestAssuranceConfigPublishedWithoutPersist","Output":"2026-10-10T16:35:34.887+0800 [DEBUG] asking for pre-vote: term=3 from=phantom address=phantom-addr\n"}
{"Time":"2026-10-10T16:35:34.888265238+08:00","Action":"output","Package":"github.com/hashicorp/raft","Test":"TestAssuranceConfigPublishedWithoutPersist","Output":"2026-10-10T16:35:34.888+0800 [DEBUG] calculated votes needed: needed=2 term=3\n"}
{"Time":"2026-10-10T16:35:34.888430189+08:00","Action":"output","Package":"github.com/hashicorp/raft","Test":"TestAssuranceConfigPublishedWithoutPersist","Output":"2026-10-10T16:35:34.888+0800 [DEBUG] pre-vote received: from=765a0912-9ffb-437a-3f73-4cc2604f46ea term=3 tally=0\n"}
{"Time":"2026-10-10T16:35:34.888705959+08:00","Action":"output","Package":"github.com/hashicorp/raft","Test":"TestAssuranceConfigPublishedWithoutPersist","Output":"2026-10-10T16:35:34.888+0800 [DEBUG] pre-vote granted: from=765a0912-9ffb-437a-3f73-4cc2604f46ea term=3 tally=1\n"}
{"Time":"2026-10-10T16:35:34.888761896+08:00","Action":"output","Package":"github.com/hashicorp/raft","Test":"TestAssuranceConfigPublishedWithoutPersist","Output":"2026-10-10T16:35:34.888+0800 [ERROR] failed to make requestVote RPC: target=\"{Voter phantom phantom-addr}\" error=\"failed to connect to peer: phantom-addr\" term=3\n"}
{"Time":"2026-10-10T16:35:34.888772738+08:00","Action":"output","Package":"github.com/hashicorp/raft","Test":"TestAssuranceConfigPublishedWithoutPersist","Output":"2026-10-10T16:35:34.888+0800 [DEBUG] pre-vote received: from=phantom term=3 tally=1\n"}
{"Time":"2026-10-10T16:35:34.888781698+08:00","Action":"output","Package":"github.com/hashicorp/raft","Test":"TestAssuranceConfigPublishedWithoutPersist","Output":"2026-10-10T16:35:34.888+0800 [DEBUG] pre-vote denied: from=phantom term=3 tally=1\n"}
{"Time":"2026-10-10T16:35:34.9434083+08:00","Action":"output","Package":"github.com/hashicorp/raft","Test":"TestAssuranceConfigPublishedWithoutPersist","Output":"2026-10-10T16:35:34.943+0800 [WARN]  Election timeout reached, restarting election\n"}
{"Time":"2026-10-10T16:35:34.943504648+08:00","Action":"output","Package":"github.com/hashicorp/raft","Test":"TestAssuranceConfigPublishedWithoutPersist","Output":"2026-10-10T16:35:34.943+0800 [INFO]  entering candidate state: node=\"Node at 765a0912-9ffb-437a-3f73-4cc2604f46ea [Candidate]\" term=3\n"}
{"Time":"2026-10-10T16:35:34.943532071+08:00","Action":"output","Package":"github.com/hashicorp/raft","Test":"TestAssuranceConfigPublishedWithoutPersist","Output":"2026-10-10T16:35:34.943+0800 [DEBUG] pre-voting for self: term=3 id=765a0912-9ffb-437a-3f73-4cc2604f46ea\n"}
{"Time":"2026-10-10T16:35:34.943575797+08:00","Action":"output","Package":"github.com/hashicorp/raft","Test":"TestAssuranceConfigPublishedWithoutPersist","Output":"2026-10-10T16:35:34.943+0800 [DEBUG] asking for pre-vote: term=3 from=phantom address=phantom-addr\n"}
{"Time":"2026-10-10T16:35:34.943600069+08:00","Action":"output","Package":"github.com/hashicorp/raft","Test":"TestAssuranceConfigPublishedWithoutPersist","Output":"2026-10-10T16:35:34.943+0800 [DEBUG] calculated votes needed: needed=2 term=3\n"}
{"Time":"2026-10-10T16:35:34.943623143+08:00","Action":"output","Package":"github.com/hashicorp/raft","Test":"TestAssuranceConfigPublishedWithoutPersist","Output":"2026-10-10T16:35:34.943+0800 [DEBUG] pre-vote received: from=765a0912-9ffb-437a-3f73-4cc2604f46ea term=3 tally=0\n"}
{"Time":"2026-10-10T16:35:34.943638863+08:00","Action":"output","Package":"github.com/hashicorp/raft","Test":"TestAssuranceConfigPublishedWithoutPersist","Output":"2026-10-10T16:35:34.943+0800 [DEBUG] pre-vote granted: from=765a0912-9ffb-437a-3f73-4cc2604f46ea term=3 tally=1\n"}
{"Time":"2026-10-10T16:35:34.943773125+08:00","Action":"output","Package":"github.com/hashicorp/raft","Test":"TestAssuranceConfigPublishedWithoutPersist","Output":"2026-10-10T16:35:34.943+0800 [ERROR] failed to make requestVote RPC: target=\"{Voter phantom phantom-addr}\" error=\"failed to connect to peer: phantom-addr\" term=3\n"}
{"Time":"2026-10-10T16:35:34.943792981+08:00","Action":"output","Package":"github.com/hashicorp/raft","Test":"TestAssuranceConfigPublishedWithoutPersist","Output":"2026-10-10T16:35:34.943+0800 [DEBUG] pre-vote received: from=phantom term=3 tally=1\n"}
{"Time":"2026-10-10T16:35:34.943808633+08:00","Action":"output","Package":"github.com/hashicorp/raft","Test":"TestAssuranceConfigPublishedWithoutPersist","Output":"2026-10-10T16:35:34.943+0800 [DEBUG] pre-vote denied: from=phantom term=3 tally=1\n"}
{"Time":"2026-10-10T16:35:35.007521753+08:00","Action":"output","Package":"github.com/hashicorp/raft","Test":"TestAssuranceConfigPublishedWithoutPersist","Output":"2026-10-10T16:35:35.007+0800 [WARN]  Election timeout reached, restarting election\n"}
{"Time":"2026-10-10T16:35:35.007576589+08:00","Action":"output","Package":"github.com/hashicorp/raft","Test":"TestAssuranceConfigPublishedWithoutPersist","Output":"2026-10-10T16:35:35.007+0800 [INFO]  entering candidate state: node=\"Node at 765a0912-9ffb-437a-3f73-4cc2604f46ea [Candidate]\" term=3\n"}
{"Time":"2026-10-10T16:35:35.007590028+08:00","Action":"output","Package":"github.com/hashicorp/raft","Test":"TestAssuranceConfigPublishedWithoutPersist","Output":"2026-10-10T16:35:35.007+0800 [DEBUG] pre-voting for self: term=3 id=765a0912-9ffb-437a-3f73-4cc2604f46ea\n"}
{"Time":"2026-10-10T16:35:35.007596305+08:00","Action":"output","Package":"github.com/hashicorp/raft","Test":"TestAssuranceConfigPublishedWithoutPersist","Output":"2026-10-10T16:35:35.007+0800 [DEBUG] asking for pre-vote: term=3 from=phantom address=phantom-addr\n"}
{"Time":"2026-10-10T16:35:35.007603649+08:00","Action":"output","Package":"github.com/hashicorp/raft","Test":"TestAssuranceConfigPublishedWithoutPersist","Output":"2026-10-10T16:35:35.007+0800 [DEBUG] calculated votes needed: needed=2 term=3\n"}
{"Time":"2026-10-10T16:35:35.007648426+08:00","Action":"output","Package":"github.com/hashicorp/raft","Test":"TestAssuranceConfigPublishedWithoutPersist","Output":"2026-10-10T16:35:35.007+0800 [DEBUG] pre-vote received: from=765a0912-9ffb-437a-3f73-4cc2604f46ea term=3 tally=0\n"}
{"Time":"2026-10-10T16:35:35.007655604+08:00","Action":"output","Package":"github.com/hashicorp/raft","Test":"TestAssuranceConfigPublishedWithoutPersist","Output":"2026-10-10T16:35:35.007+0800 [DEBUG] pre-vote granted: from=765a0912-9ffb-437a-3f73-4cc2604f46ea term=3 tally=1\n"}
{"Time":"2026-10-10T16:35:35.007807244+08:00","Action":"output","Package":"github.com/hashicorp/raft","Test":"TestAssuranceConfigPublishedWithoutPersist","Output":"2026-10-10T16:35:35.007+0800 [ERROR] failed to make requestVote RPC: target=\"{Voter phantom phantom-addr}\" error=\"failed to connect to peer: phantom-addr\" term=3\n"}
{"Time":"2026-10-10T16:35:35.007815759+08:00","Action":"output","Package":"github.com/hashicorp/raft","Test":"TestAssuranceConfigPublishedWithoutPersist","Output":"2026-10-10T16:35:35.007+0800 [DEBUG] pre-vote received: from=phantom term=3 tally=1\n"}
{"Time":"2026-10-10T16:35:35.007820194+08:00","Action":"output","Package":"github.com/hashicorp/raft","Test":"TestAssuranceConfigPublishedWithoutPersist","Output":"2026-10-10T16:35:35.007+0800 [DEBUG] pre-vote denied: from=phantom term=3 tally=1\n"}
{"Time":"2026-10-10T16:35:35.091653385+08:00","Action":"output","Package":"github.com/hashicorp/raft","Test":"TestAssuranceConfigPublishedWithoutPersist","Output":"2026-10-10T16:35:35.090+0800 [WARN]  Election timeout reached, restarting election\n"}
{"Time":"2026-10-10T16:35:35.091757657+08:00","Action":"output","Package":"github.com/hashicorp/raft","Test":"TestAssuranceConfigPublishedWithoutPersist","Output":"2026-10-10T16:35:35.091+0800 [INFO]  entering candidate state: node=\"Node at 765a0912-9ffb-437a-3f73-4cc2604f46ea [Candidate]\" term=3\n"}
{"Time":"2026-10-10T16:35:35.09184531+08:00","Action":"output","Package":"github.com/hashicorp/raft","Test":"TestAssuranceConfigPublishedWithoutPersist","Output":"2026-10-10T16:35:35.091+0800 [DEBUG] pre-voting for self: term=3 id=765a0912-9ffb-437a-3f73-4cc2604f46ea\n"}
{"Time":"2026-10-10T16:35:35.091877578+08:00","Action":"output","Package":"github.com/hashicorp/raft","Test":"TestAssuranceConfigPublishedWithoutPersist","Output":"2026-10-10T16:35:35.091+0800 [DEBUG] asking for pre-vote: term=3 from=phantom address=phantom-addr\n"}
{"Time":"2026-10-10T16:35:35.092011959+08:00","Action":"output","Package":"github.com/hashicorp/raft","Test":"TestAssuranceConfigPublishedWithoutPersist","Output":"2026-10-10T16:35:35.091+0800 [DEBUG] calculated votes needed: needed=2 term=3\n"}
{"Time":"2026-10-10T16:35:35.092044655+08:00","Action":"output","Package":"github.com/hashicorp/raft","Test":"TestAssuranceConfigPublishedWithoutPersist","Output":"2026-10-10T16:35:35.091+0800 [DEBUG] pre-vote received: from=765a0912-9ffb-437a-3f73-4cc2604f46ea term=3 tally=0\n"}
{"Time":"2026-10-10T16:35:35.092069816+08:00","Action":"output","Package":"github.com/hashicorp/raft","Test":"TestAssuranceConfigPublishedWithoutPersist","Output":"2026-10-10T16:35:35.091+0800 [DEBUG] pre-vote granted: from=765a0912-9ffb-437a-3f73-4cc2604f46ea term=3 tally=1\n"}
{"Time":"2026-10-10T16:35:35.092349879+08:00","Action":"output","Package":"github.com/hashicorp/raft","Test":"TestAssuranceConfigPublishedWithoutPersist","Output":"2026-10-10T16:35:35.092+0800 [ERROR] failed to make requestVote RPC: target=\"{Voter phantom phantom-addr}\" error=\"failed to connect to peer: phantom-addr\" term=3\n"}
{"Time":"2026-10-10T16:35:35.092377681+08:00","Action":"output","Package":"github.com/hashicorp/raft","Test":"TestAssuranceConfigPublishedWithoutPersist","Output":"2026-10-10T16:35:35.092+0800 [DEBUG] pre-vote received: from=phantom term=3 tally=1\n"}
{"Time":"2026-10-10T16:35:35.092394401+08:00","Action":"output","Package":"github.com/hashicorp/raft","Test":"TestAssuranceConfigPublishedWithoutPersist","Output":"2026-10-10T16:35:35.092+0800 [DEBUG] pre-vote denied: from=phantom term=3 tally=1\n"}
{"Time":"2026-10-10T16:35:35.169751436+08:00","Action":"output","Package":"github.com/hashicorp/raft","Test":"TestAssuranceConfigPublishedWithoutPersist","Output":"2026-10-10T16:35:35.169+0800 [WARN]  Election timeout reached, restarting election\n"}
{"Time":"2026-10-10T16:35:35.169813901+08:00","Action":"output","Package":"github.com/hashicorp/raft","Test":"TestAssuranceConfigPublishedWithoutPersist","Output":"2026-10-10T16:35:35.169+0800 [INFO]  entering candidate state: node=\"Node at 765a0912-9ffb-437a-3f73-4cc2604f46ea [Candidate]\" term=3\n"}
{"Time":"2026-10-10T16:35:35.1698266+08:00","Action":"output","Package":"github.com/hashicorp/raft","Test":"TestAssuranceConfigPublishedWithoutPersist","Output":"2026-10-10T16:35:35.169+0800 [DEBUG] pre-voting for self: term=3 id=765a0912-9ffb-437a-3f73-4cc2604f46ea\n"}
{"Time":"2026-10-10T16:35:35.169836687+08:00","Action":"output","Package":"github.com/hashicorp/raft","Test":"TestAssuranceConfigPublishedWithoutPersist","Output":"2026-10-10T16:35:35.169+0800 [DEBUG] asking for pre-vote: term=3 from=phantom address=phantom-addr\n"}
{"Time":"2026-10-10T16:35:35.169850478+08:00","Action":"output","Package":"github.com/hashicorp/raft","Test":"TestAssuranceConfigPublishedWithoutPersist","Output":"2026-10-10T16:35:35.169+0800 [DEBUG] calculated votes needed: needed=2 term=3\n"}
{"Time":"2026-10-10T16:35:35.169857635+08:00","Action":"output","Package":"github.com/hashicorp/raft","Test":"TestAssuranceConfigPublishedWithoutPersist","Output":"2026-10-10T16:35:35.169+0800 [DEBUG] pre-vote received: from=765a0912-9ffb-437a-3f73-4cc2604f46ea term=3 tally=0\n"}
{"Time":"2026-10-10T16:35:35.169864759+08:00","Action":"output","Package":"github.com/hashicorp/raft","Test":"TestAssuranceConfigPublishedWithoutPersist","Output":"2026-10-10T16:35:35.169+0800 [DEBUG] pre-vote granted: from=765a0912-9ffb-437a-3f73-4cc2604f46ea term=3 tally=1\n"}
{"Time":"2026-10-10T16:35:35.169886194+08:00","Action":"output","Package":"github.com/hashicorp/raft","Test":"TestAssuranceConfigPublishedWithoutPersist","Output":"2026-10-10T16:35:35.169+0800 [ERROR] failed to make requestVote RPC: target=\"{Voter phantom phantom-addr}\" error=\"failed to connect to peer: phantom-addr\" term=3\n"}
{"Time":"2026-10-10T16:35:35.169939085+08:00","Action":"output","Package":"github.com/hashicorp/raft","Test":"TestAssuranceConfigPublishedWithoutPersist","Output":"2026-10-10T16:35:35.169+0800 [DEBUG] pre-vote received: from=phantom term=3 tally=1\n"}
{"Time":"2026-10-10T16:35:35.169948266+08:00","Action":"output","Package":"github.com/hashicorp/raft","Test":"TestAssuranceConfigPublishedWithoutPersist","Output":"2026-10-10T16:35:35.169+0800 [DEBUG] pre-vote denied: from=phantom term=3 tally=1\n"}
{"Time":"2026-10-10T16:35:35.25165704+08:00","Action":"output","Package":"github.com/hashicorp/raft","Test":"TestAssuranceConfigPublishedWithoutPersist","Output":"2026-10-10T16:35:35.251+0800 [WARN]  Election timeout reached, restarting election\n"}
{"Time":"2026-10-10T16:35:35.251757737+08:00","Action":"output","Package":"github.com/hashicorp/raft","Test":"TestAssuranceConfigPublishedWithoutPersist","Output":"2026-10-10T16:35:35.251+0800 [INFO]  entering candidate state: node=\"Node at 765a0912-9ffb-437a-3f73-4cc2604f46ea [Candidate]\" term=3\n"}
{"Time":"2026-10-10T16:35:35.251788092+08:00","Action":"output","Package":"github.com/hashicorp/raft","Test":"TestAssuranceConfigPublishedWithoutPersist","Output":"2026-10-10T16:35:35.251+0800 [DEBUG] pre-voting for self: term=3 id=765a0912-9ffb-437a-3f73-4cc2604f46ea\n"}
{"Time":"2026-10-10T16:35:35.251810199+08:00","Action":"output","Package":"github.com/hashicorp/raft","Test":"TestAssuranceConfigPublishedWithoutPersist","Output":"2026-10-10T16:35:35.251+0800 [DEBUG] asking for pre-vote: term=3 from=phantom address=phantom-addr\n"}
{"Time":"2026-10-10T16:35:35.25186717+08:00","Action":"output","Package":"github.com/hashicorp/raft","Test":"TestAssuranceConfigPublishedWithoutPersist","Output":"2026-10-10T16:35:35.251+0800 [DEBUG] calculated votes needed: needed=2 term=3\n"}
{"Time":"2026-10-10T16:35:35.251995796+08:00","Action":"output","Package":"github.com/hashicorp/raft","Test":"TestAssuranceConfigPublishedWithoutPersist","Output":"2026-10-10T16:35:35.251+0800 [DEBUG] pre-vote received: from=765a0912-9ffb-437a-3f73-4cc2604f46ea term=3 tally=0\n"}
{"Time":"2026-10-10T16:35:35.252034582+08:00","Action":"output","Package":"github.com/hashicorp/raft","Test":"TestAssuranceConfigPublishedWithoutPersist","Output":"2026-10-10T16:35:35.251+0800 [DEBUG] pre-vote granted: from=765a0912-9ffb-437a-3f73-4cc2604f46ea term=3 tally=1\n"}
{"Time":"2026-10-10T16:35:35.252153851+08:00","Action":"output","Package":"github.com/hashicorp/raft","Test":"TestAssuranceConfigPublishedWithoutPersist","Output":"2026-10-10T16:35:35.252+0800 [ERROR] failed to make requestVote RPC: target=\"{Voter phantom phantom-addr}\" error=\"failed to connect to peer: phantom-addr\" term=3\n"}
{"Time":"2026-10-10T16:35:35.252177729+08:00","Action":"output","Package":"github.com/hashicorp/raft","Test":"TestAssuranceConfigPublishedWithoutPersist","Output":"2026-10-10T16:35:35.252+0800 [DEBUG] pre-vote received: from=phantom term=3 tally=1\n"}
{"Time":"2026-10-10T16:35:35.252194564+08:00","Action":"output","Package":"github.com/hashicorp/raft","Test":"TestAssuranceConfigPublishedWithoutPersist","Output":"2026-10-10T16:35:35.252+0800 [DEBUG] pre-vote denied: from=phantom term=3 tally=1\n"}
{"Time":"2026-10-10T16:35:35.352753345+08:00","Action":"output","Package":"github.com/hashicorp/raft","Test":"TestAssuranceConfigPublishedWithoutPersist","Output":"2026-10-10T16:35:35.352+0800 [WARN]  Election timeout reached, restarting election\n"}
{"Time":"2026-10-10T16:35:35.35285527+08:00","Action":"output","Package":"github.com/hashicorp/raft","Test":"TestAssuranceConfigPublishedWithoutPersist","Output":"2026-10-10T16:35:35.352+0800 [INFO]  entering candidate state: node=\"Node at 765a0912-9ffb-437a-3f73-4cc2604f46ea [Candidate]\" term=3\n"}
{"Time":"2026-10-10T16:35:35.352885636+08:00","Action":"output","Package":"github.com/hashicorp/raft","Test":"TestAssuranceConfigPublishedWithoutPersist","Output":"2026-10-10T16:35:35.352+0800 [DEBUG] pre-voting for self: term=3 id=765a0912-9ffb-437a-3f73-4cc2604f46ea\n"}
{"Time":"2026-10-10T16:35:35.35290867+08:00","Action":"output","Package":"github.com/hashicorp/raft","Test":"TestAssuranceConfigPublishedWithoutPersist","Output":"2026-10-10T16:35:35.352+0800 [DEBUG] asking for pre-vote: term=3 from=phantom address=phantom-addr\n"}
{"Time":"2026-10-10T16:35:35.352926096+08:00","Action":"output","Package":"github.com/hashicorp/raft","Test":"TestAssuranceConfigPublishedWithoutPersist","Output":"2026-10-10T16:35:35.352+0800 [DEBUG] calculated votes needed: needed=2 term=3\n"}
{"Time":"2026-10-10T16:35:35.352942124+08:00","Action":"output","Package":"github.com/hashicorp/raft","Test":"TestAssuranceConfigPublishedWithoutPersist","Output":"2026-10-10T16:35:35.352+0800 [DEBUG] pre-vote received: from=765a0912-9ffb-437a-3f73-4cc2604f46ea term=3 tally=0\n"}
{"Time":"2026-10-10T16:35:35.35297137+08:00","Action":"output","Package":"github.com/hashicorp/raft","Test":"TestAssuranceConfigPublishedWithoutPersist","Output":"2026-10-10T16:35:35.352+0800 [DEBUG] pre-vote granted: from=765a0912-9ffb-437a-3f73-4cc2604f46ea term=3 tally=1\n"}
{"Time":"2026-10-10T16:35:35.35336411+08:00","Action":"output","Package":"github.com/hashicorp/raft","Test":"TestAssuranceConfigPublishedWithoutPersist","Output":"2026-10-10T16:35:35.352+0800 [ERROR] failed to make requestVote RPC: target=\"{Voter phantom phantom-addr}\" error=\"failed to connect to peer: phantom-addr\" term=3\n"}
{"Time":"2026-10-10T16:35:35.353410299+08:00","Action":"output","Package":"github.com/hashicorp/raft","Test":"TestAssuranceConfigPublishedWithoutPersist","Output":"2026-10-10T16:35:35.353+0800 [DEBUG] pre-vote received: from=phantom term=3 tally=1\n"}
{"Time":"2026-10-10T16:35:35.35342982+08:00","Action":"output","Package":"github.com/hashicorp/raft","Test":"TestAssuranceConfigPublishedWithoutPersist","Output":"2026-10-10T16:35:35.353+0800 [DEBUG] pre-vote denied: from=phantom term=3 tally=1\n"}
{"Time":"2026-10-10T16:35:35.407604128+08:00","Action":"output","Package":"github.com/hashicorp/raft","Test":"TestAssuranceConfigPublishedWithoutPersist","Output":"2026-10-10T16:35:35.407+0800 [WARN]  Election timeout reached, restarting election\n"}
{"Time":"2026-10-10T16:35:35.407716564+08:00","Action":"output","Package":"github.com/hashicorp/raft","Test":"TestAssuranceConfigPublishedWithoutPersist","Output":"2026-10-10T16:35:35.407+0800 [INFO]  entering candidate state: node=\"Node at 765a0912-9ffb-437a-3f73-4cc2604f46ea [Candidate]\" term=3\n"}
{"Time":"2026-10-10T16:35:35.407745181+08:00","Action":"output","Package":"github.com/hashicorp/raft","Test":"TestAssuranceConfigPublishedWithoutPersist","Output":"2026-10-10T16:35:35.407+0800 [DEBUG] pre-voting for self: term=3 id=765a0912-9ffb-437a-3f73-4cc2604f46ea\n"}
{"Time":"2026-10-10T16:35:35.407765803+08:00","Action":"output","Package":"github.com/hashicorp/raft","Test":"TestAssuranceConfigPublishedWithoutPersist","Output":"2026-10-10T16:35:35.407+0800 [DEBUG] asking for pre-vote: term=3 from=phantom address=phantom-addr\n"}
{"Time":"2026-10-10T16:35:35.407782188+08:00","Action":"output","Package":"github.com/hashicorp/raft","Test":"TestAssuranceConfigPublishedWithoutPersist","Output":"2026-10-10T16:35:35.407+0800 [DEBUG] calculated votes needed: needed=2 term=3\n"}
{"Time":"2026-10-10T16:35:35.407798127+08:00","Action":"output","Package":"github.com/hashicorp/raft","Test":"TestAssuranceConfigPublishedWithoutPersist","Output":"2026-10-10T16:35:35.407+0800 [DEBUG] pre-vote received: from=765a0912-9ffb-437a-3f73-4cc2604f46ea term=3 tally=0\n"}
{"Time":"2026-10-10T16:35:35.407813905+08:00","Action":"output","Package":"github.com/hashicorp/raft","Test":"TestAssuranceConfigPublishedWithoutPersist","Output":"2026-10-10T16:35:35.407+0800 [DEBUG] pre-vote granted: from=765a0912-9ffb-437a-3f73-4cc2604f46ea term=3 tally=1\n"}
{"Time":"2026-10-10T16:35:35.407829174+08:00","Action":"output","Package":"github.com/hashicorp/raft","Test":"TestAssuranceConfigPublishedWithoutPersist","Output":"2026-10-10T16:35:35.407+0800 [ERROR] failed to make requestVote RPC: target=\"{Voter phantom phantom-addr}\" error=\"failed to connect to peer: phantom-addr\" term=3\n"}
{"Time":"2026-10-10T16:35:35.407846477+08:00","Action":"output","Package":"github.com/hashicorp/raft","Test":"TestAssuranceConfigPublishedWithoutPersist","Output":"2026-10-10T16:35:35.407+0800 [DEBUG] pre-vote received: from=phantom term=3 tally=1\n"}
{"Time":"2026-10-10T16:35:35.407861099+08:00","Action":"output","Package":"github.com/hashicorp/raft","Test":"TestAssuranceConfigPublishedWithoutPersist","Output":"2026-10-10T16:35:35.407+0800 [DEBUG] pre-vote denied: from=phantom term=3 tally=1\n"}
{"Time":"2026-10-10T16:35:35.497109328+08:00","Action":"output","Package":"github.com/hashicorp/raft","Test":"TestAssuranceConfigPublishedWithoutPersist","Output":"2026-10-10T16:35:35.496+0800 [WARN]  Election timeout reached, restarting election\n"}
{"Time":"2026-10-10T16:35:35.49727879+08:00","Action":"output","Package":"github.com/hashicorp/raft","Test":"TestAssuranceConfigPublishedWithoutPersist","Output":"2026-10-10T16:35:35.496+0800 [INFO]  entering candidate state: node=\"Node at 765a0912-9ffb-437a-3f73-4cc2604f46ea [Candidate]\" term=3\n"}
{"Time":"2026-10-10T16:35:35.497297774+08:00","Action":"output","Package":"github.com/hashicorp/raft","Test":"TestAssuranceConfigPublishedWithoutPersist","Output":"2026-10-10T16:35:35.496+0800 [DEBUG] pre-voting for self: term=3 id=765a0912-9ffb-437a-3f73-4cc2604f46ea\n"}
{"Time":"2026-10-10T16:35:35.497311234+08:00","Action":"output","Package":"github.com/hashicorp/raft","Test":"TestAssuranceConfigPublishedWithoutPersist","Output":"2026-10-10T16:35:35.496+0800 [DEBUG] asking for pre-vote: term=3 from=phantom address=phantom-addr\n"}
{"Time":"2026-10-10T16:35:35.497321787+08:00","Action":"output","Package":"github.com/hashicorp/raft","Test":"TestAssuranceConfigPublishedWithoutPersist","Output":"2026-10-10T16:35:35.496+0800 [DEBUG] calculated votes needed: needed=2 term=3\n"}
{"Time":"2026-10-10T16:35:35.49733186+08:00","Action":"output","Package":"github.com/hashicorp/raft","Test":"TestAssuranceConfigPublishedWithoutPersist","Output":"2026-10-10T16:35:35.496+0800 [DEBUG] pre-vote received: from=765a0912-9ffb-437a-3f73-4cc2604f46ea term=3 tally=0\n"}
{"Time":"2026-10-10T16:35:35.497344939+08:00","Action":"output","Package":"github.com/hashicorp/raft","Test":"TestAssuranceConfigPublishedWithoutPersist","Output":"2026-10-10T16:35:35.496+0800 [DEBUG] pre-vote granted: from=765a0912-9ffb-437a-3f73-4cc2604f46ea term=3 tally=1\n"}
{"Time":"2026-10-10T16:35:35.497357256+08:00","Action":"output","Package":"github.com/hashicorp/raft","Test":"TestAssuranceConfigPublishedWithoutPersist","Output":"2026-10-10T16:35:35.497+0800 [ERROR] failed to make requestVote RPC: target=\"{Voter phantom phantom-addr}\" error=\"failed to connect to peer: phantom-addr\" term=3\n"}
{"Time":"2026-10-10T16:35:35.497371698+08:00","Action":"output","Package":"github.com/hashicorp/raft","Test":"TestAssuranceConfigPublishedWithoutPersist","Output":"2026-10-10T16:35:35.497+0800 [DEBUG] pre-vote received: from=phantom term=3 tally=1\n"}
{"Time":"2026-10-10T16:35:35.497384772+08:00","Action":"output","Package":"github.com/hashicorp/raft","Test":"TestAssuranceConfigPublishedWithoutPersist","Output":"2026-10-10T16:35:35.497+0800 [DEBUG] pre-vote denied: from=phantom term=3 tally=1\n"}
{"Time":"2026-10-10T16:35:35.523615836+08:00","Action":"output","Package":"github.com/hashicorp/raft","Test":"TestAssuranceConfigPublishedWithoutPersist","Output":"CA_EVENT {\"commit_index\":3,\"event\":\"progress_after_failed_durable_write\",\"ever_leader_in_window\":false,\"last_index\":3,\"leader_samples\":0,\"quorum_size_live\":2,\"reachable_voters\":1,\"samples\":141,\"state\":\"Candidate\",\"voters_in_live_configuration\":2}\n"}
{"Time":"2026-10-10T16:35:35.523694674+08:00","Action":"output","Package":"github.com/hashicorp/raft","Test":"TestAssuranceConfigPublishedWithoutPersist","Output":"--- PASS: TestAssuranceConfigPublishedWithoutPersist (1.59s)\n"}
{"Time":"2026-10-10T16:35:35.523710982+08:00","Action":"pass","Package":"github.com/hashicorp/raft","Test":"TestAssuranceConfigPublishedWithoutPersist","Elapsed":1.59}
{"Time":"2026-10-10T16:35:35.523732321+08:00","Action":"run","Package":"github.com/hashicorp/raft","Test":"TestAssuranceRestartRepairsAuthorityContext"}
{"Time":"2026-10-10T16:35:35.523741907+08:00","Action":"output","Package":"github.com/hashicorp/raft","Test":"TestAssuranceRestartRepairsAuthorityContext","Output":"=== RUN   TestAssuranceRestartRepairsAuthorityContext\n"}
{"Time":"2026-10-10T16:35:35.524091898+08:00","Action":"output","Package":"github.com/hashicorp/raft","Test":"TestAssuranceRestartRepairsAuthorityContext","Output":"2026-10-10T16:35:35.523+0800 [INFO]  initial configuration: index=1 servers=\"[{Suffrage:Voter ID:0ea9c902-9a6f-6c20-b931-2861d4d1ae93 Address:0ea9c902-9a6f-6c20-b931-2861d4d1ae93}]\"\n"}
{"Time":"2026-10-10T16:35:35.524231057+08:00","Action":"output","Package":"github.com/hashicorp/raft","Test":"TestAssuranceRestartRepairsAuthorityContext","Output":"2026-10-10T16:35:35.523+0800 [INFO]  entering follower state: follower=\"Node at 0ea9c902-9a6f-6c20-b931-2861d4d1ae93 [Follower]\" leader-address= leader-id=\n"}
{"Time":"2026-10-10T16:35:35.581524054+08:00","Action":"output","Package":"github.com/hashicorp/raft","Test":"TestAssuranceRestartRepairsAuthorityContext","Output":"2026-10-10T16:35:35.580+0800 [WARN]  heartbeat timeout reached, starting election: last-leader-addr= last-leader-id=\n"}
{"Time":"2026-10-10T16:35:35.581636951+08:00","Action":"output","Package":"github.com/hashicorp/raft","Test":"TestAssuranceRestartRepairsAuthorityContext","Output":"2026-10-10T16:35:35.581+0800 [INFO]  entering candidate state: node=\"Node at 0ea9c902-9a6f-6c20-b931-2861d4d1ae93 [Candidate]\" term=2\n"}
{"Time":"2026-10-10T16:35:35.581679818+08:00","Action":"output","Package":"github.com/hashicorp/raft","Test":"TestAssuranceRestartRepairsAuthorityContext","Output":"2026-10-10T16:35:35.581+0800 [DEBUG] pre-voting for self: term=2 id=0ea9c902-9a6f-6c20-b931-2861d4d1ae93\n"}
{"Time":"2026-10-10T16:35:35.581702319+08:00","Action":"output","Package":"github.com/hashicorp/raft","Test":"TestAssuranceRestartRepairsAuthorityContext","Output":"2026-10-10T16:35:35.581+0800 [DEBUG] calculated votes needed: needed=1 term=2\n"}
{"Time":"2026-10-10T16:35:35.581721523+08:00","Action":"output","Package":"github.com/hashicorp/raft","Test":"TestAssuranceRestartRepairsAuthorityContext","Output":"2026-10-10T16:35:35.581+0800 [DEBUG] pre-vote received: from=0ea9c902-9a6f-6c20-b931-2861d4d1ae93 term=2 tally=0\n"}
{"Time":"2026-10-10T16:35:35.58173812+08:00","Action":"output","Package":"github.com/hashicorp/raft","Test":"TestAssuranceRestartRepairsAuthorityContext","Output":"2026-10-10T16:35:35.581+0800 [DEBUG] pre-vote granted: from=0ea9c902-9a6f-6c20-b931-2861d4d1ae93 term=2 tally=1\n"}
{"Time":"2026-10-10T16:35:35.581754494+08:00","Action":"output","Package":"github.com/hashicorp/raft","Test":"TestAssuranceRestartRepairsAuthorityContext","Output":"2026-10-10T16:35:35.581+0800 [INFO]  pre-vote successful, starting election: term=2 tally=1 refused=0 votesNeeded=1\n"}
{"Time":"2026-10-10T16:35:35.581769221+08:00","Action":"output","Package":"github.com/hashicorp/raft","Test":"TestAssuranceRestartRepairsAuthorityContext","Output":"2026-10-10T16:35:35.581+0800 [DEBUG] voting for self: term=2 id=0ea9c902-9a6f-6c20-b931-2861d4d1ae93\n"}
{"Time":"2026-10-10T16:35:35.581792045+08:00","Action":"output","Package":"github.com/hashicorp/raft","Test":"TestAssuranceRestartRepairsAuthorityContext","Output":"2026-10-10T16:35:35.581+0800 [DEBUG] vote granted: from=0ea9c902-9a6f-6c20-b931-2861d4d1ae93 term=2 tally=1\n"}
{"Time":"2026-10-10T16:35:35.581806539+08:00","Action":"output","Package":"github.com/hashicorp/raft","Test":"TestAssuranceRestartRepairsAuthorityContext","Output":"2026-10-10T16:35:35.581+0800 [INFO]  election won: term=2 tally=1\n"}
{"Time":"2026-10-10T16:35:35.581823936+08:00","Action":"output","Package":"github.com/hashicorp/raft","Test":"TestAssuranceRestartRepairsAuthorityContext","Output":"2026-10-10T16:35:35.581+0800 [INFO]  entering leader state: leader=\"Node at 0ea9c902-9a6f-6c20-b931-2861d4d1ae93 [Leader]\"\n"}
{"Time":"2026-10-10T16:35:35.588785549+08:00","Action":"output","Package":"github.com/hashicorp/raft","Test":"TestAssuranceRestartRepairsAuthorityContext","Output":"2026-10-10T16:35:35.588+0800 [INFO]  updating configuration: command=AddVoter server-id=phantom server-addr=phantom-addr servers=\"[{Suffrage:Voter ID:0ea9c902-9a6f-6c20-b931-2861d4d1ae93 Address:0ea9c902-9a6f-6c20-b931-2861d4d1ae93} {Suffrage:Voter ID:phantom Address:phantom-addr}]\"\n"}
{"Time":"2026-10-10T16:35:35.588850639+08:00","Action":"output","Package":"github.com/hashicorp/raft","Test":"TestAssuranceRestartRepairsAuthorityContext","Output":"2026-10-10T16:35:35.588+0800 [ERROR] failed to commit logs: error=\"injected LogStore.StoreLogs failure\"\n"}
{"Time":"2026-10-10T16:35:35.588867649+08:00","Action":"output","Package":"github.com/hashicorp/raft","Test":"TestAssuranceRestartRepairsAuthorityContext","Output":"2026-10-10T16:35:35.588+0800 [INFO]  added peer, starting replication: peer=phantom\n"}
{"Time":"2026-10-10T16:35:35.588888728+08:00","Action":"output","Package":"github.com/hashicorp/raft","Test":"TestAssuranceRestartRepairsAuthorityContext","Output":"2026-10-10T16:35:35.588+0800 [INFO]  entering follower state: follower=\"Node at 0ea9c902-9a6f-6c20-b931-2861d4d1ae93 [Follower]\" leader-address= leader-id=\n"}
{"Time":"2026-10-10T16:35:35.590218565+08:00","Action":"output","Package":"github.com/hashicorp/raft","Test":"TestAssuranceRestartRepairsAuthorityContext","Output":"2026-10-10T16:35:35.589+0800 [INFO]  initial configuration: index=1 servers=\"[{Suffrage:Voter ID:0ea9c902-9a6f-6c20-b931-2861d4d1ae93 Address:0ea9c902-9a6f-6c20-b931-2861d4d1ae93}]\"\n"}
{"Time":"2026-10-10T16:35:35.590285023+08:00","Action":"output","Package":"github.com/hashicorp/raft","Test":"TestAssuranceRestartRepairsAuthorityContext","Output":"2026-10-10T16:35:35.590+0800 [INFO]  entering follower state: follower=\"Node at 0ea9c902-9a6f-6c20-b931-2861d4d1ae93 [Follower]\" leader-address= leader-id=\n"}
{"Time":"2026-10-10T16:35:35.652054304+08:00","Action":"output","Package":"github.com/hashicorp/raft","Test":"TestAssuranceRestartRepairsAuthorityContext","Output":"2026-10-10T16:35:35.650+0800 [WARN]  heartbeat timeout reached, starting election: last-leader-addr= last-leader-id=\n"}
{"Time":"2026-10-10T16:35:35.652119486+08:00","Action":"output","Package":"github.com/hashicorp/raft","Test":"TestAssuranceRestartRepairsAuthorityContext","Output":"2026-10-10T16:35:35.650+0800 [INFO]  entering candidate state: node=\"Node at 0ea9c902-9a6f-6c20-b931-2861d4d1ae93 [Candidate]\" term=3\n"}
{"Time":"2026-10-10T16:35:35.652133827+08:00","Action":"output","Package":"github.com/hashicorp/raft","Test":"TestAssuranceRestartRepairsAuthorityContext","Output":"2026-10-10T16:35:35.650+0800 [DEBUG] pre-voting for self: term=3 id=0ea9c902-9a6f-6c20-b931-2861d4d1ae93\n"}
{"Time":"2026-10-10T16:35:35.6522102+08:00","Action":"output","Package":"github.com/hashicorp/raft","Test":"TestAssuranceRestartRepairsAuthorityContext","Output":"2026-10-10T16:35:35.650+0800 [DEBUG] calculated votes needed: needed=1 term=3\n"}
{"Time":"2026-10-10T16:35:35.652220388+08:00","Action":"output","Package":"github.com/hashicorp/raft","Test":"TestAssuranceRestartRepairsAuthorityContext","Output":"2026-10-10T16:35:35.650+0800 [DEBUG] pre-vote received: from=0ea9c902-9a6f-6c20-b931-2861d4d1ae93 term=3 tally=0\n"}
{"Time":"2026-10-10T16:35:35.652229972+08:00","Action":"output","Package":"github.com/hashicorp/raft","Test":"TestAssuranceRestartRepairsAuthorityContext","Output":"2026-10-10T16:35:35.650+0800 [DEBUG] pre-vote granted: from=0ea9c902-9a6f-6c20-b931-2861d4d1ae93 term=3 tally=1\n"}
{"Time":"2026-10-10T16:35:35.652240103+08:00","Action":"output","Package":"github.com/hashicorp/raft","Test":"TestAssuranceRestartRepairsAuthorityContext","Output":"2026-10-10T16:35:35.650+0800 [INFO]  pre-vote successful, starting election: term=3 tally=1 refused=0 votesNeeded=1\n"}
{"Time":"2026-10-10T16:35:35.652250213+08:00","Action":"output","Package":"github.com/hashicorp/raft","Test":"TestAssuranceRestartRepairsAuthorityContext","Output":"2026-10-10T16:35:35.650+0800 [DEBUG] voting for self: term=3 id=0ea9c902-9a6f-6c20-b931-2861d4d1ae93\n"}
{"Time":"2026-10-10T16:35:35.652259453+08:00","Action":"output","Package":"github.com/hashicorp/raft","Test":"TestAssuranceRestartRepairsAuthorityContext","Output":"2026-10-10T16:35:35.650+0800 [DEBUG] vote granted: from=0ea9c902-9a6f-6c20-b931-2861d4d1ae93 term=3 tally=1\n"}
{"Time":"2026-10-10T16:35:35.652288809+08:00","Action":"output","Package":"github.com/hashicorp/raft","Test":"TestAssuranceRestartRepairsAuthorityContext","Output":"2026-10-10T16:35:35.650+0800 [INFO]  election won: term=3 tally=1\n"}
{"Time":"2026-10-10T16:35:35.652301756+08:00","Action":"output","Package":"github.com/hashicorp/raft","Test":"TestAssuranceRestartRepairsAuthorityContext","Output":"2026-10-10T16:35:35.650+0800 [INFO]  entering leader state: leader=\"Node at 0ea9c902-9a6f-6c20-b931-2861d4d1ae93 [Leader]\"\n"}
{"Time":"2026-10-10T16:35:35.654532819+08:00","Action":"output","Package":"github.com/hashicorp/raft","Test":"TestAssuranceRestartRepairsAuthorityContext","Output":"CA_EVENT {\"add_voter_error\":\"injected LogStore.StoreLogs failure\",\"became_leader_after\":true,\"commit_index_after\":3,\"durable_last_index\":2,\"event\":\"restart_after_failed_durable_write\",\"servers_after_restart\":[\"0ea9c902-9a6f-6c20-b931-2861d4d1ae93/0ea9c902-9a6f-6c20-b931-2861d4d1ae93/Voter\"],\"servers_before_restart\":[\"0ea9c902-9a6f-6c20-b931-2861d4d1ae93/0ea9c902-9a6f-6c20-b931-2861d4d1ae93/Voter\",\"phantom/phantom-addr/Voter\"],\"state_before_restart\":\"Follower\",\"voters_after_restart\":1}\n"}
{"Time":"2026-10-10T16:35:35.654592868+08:00","Action":"output","Package":"github.com/hashicorp/raft","Test":"TestAssuranceRestartRepairsAuthorityContext","Output":"--- PASS: TestAssuranceRestartRepairsAuthorityContext (0.13s)\n"}
{"Time":"2026-10-10T16:35:35.654606895+08:00","Action":"pass","Package":"github.com/hashicorp/raft","Test":"TestAssuranceRestartRepairsAuthorityContext","Elapsed":0.13}
{"Time":"2026-10-10T16:35:35.654627152+08:00","Action":"run","Package":"github.com/hashicorp/raft","Test":"TestAssuranceConfigPersistControl"}
{"Time":"2026-10-10T16:35:35.654637636+08:00","Action":"output","Package":"github.com/hashicorp/raft","Test":"TestAssuranceConfigPersistControl","Output":"=== RUN   TestAssuranceConfigPersistControl\n"}
{"Time":"2026-10-10T16:35:35.654851553+08:00","Action":"output","Package":"github.com/hashicorp/raft","Test":"TestAssuranceConfigPersistControl","Output":"2026-10-10T16:35:35.654+0800 [INFO]  initial configuration: index=1 servers=\"[{Suffrage:Voter ID:afda8ed5-4a0e-0ddb-8aa7-19ba5e8e9728 Address:afda8ed5-4a0e-0ddb-8aa7-19ba5e8e9728}]\"\n"}
{"Time":"2026-10-10T16:35:35.654879226+08:00","Action":"output","Package":"github.com/hashicorp/raft","Test":"TestAssuranceConfigPersistControl","Output":"2026-10-10T16:35:35.654+0800 [INFO]  entering follower state: follower=\"Node at afda8ed5-4a0e-0ddb-8aa7-19ba5e8e9728 [Follower]\" leader-address= leader-id=\n"}
{"Time":"2026-10-10T16:35:35.747934769+08:00","Action":"output","Package":"github.com/hashicorp/raft","Test":"TestAssuranceConfigPersistControl","Output":"2026-10-10T16:35:35.747+0800 [WARN]  heartbeat timeout reached, starting election: last-leader-addr= last-leader-id=\n"}
{"Time":"2026-10-10T16:35:35.748250135+08:00","Action":"output","Package":"github.com/hashicorp/raft","Test":"TestAssuranceConfigPersistControl","Output":"2026-10-10T16:35:35.747+0800 [INFO]  entering candidate state: node=\"Node at afda8ed5-4a0e-0ddb-8aa7-19ba5e8e9728 [Candidate]\" term=2\n"}
{"Time":"2026-10-10T16:35:35.748288757+08:00","Action":"output","Package":"github.com/hashicorp/raft","Test":"TestAssuranceConfigPersistControl","Output":"2026-10-10T16:35:35.747+0800 [DEBUG] pre-voting for self: term=2 id=afda8ed5-4a0e-0ddb-8aa7-19ba5e8e9728\n"}
{"Time":"2026-10-10T16:35:35.748311347+08:00","Action":"output","Package":"github.com/hashicorp/raft","Test":"TestAssuranceConfigPersistControl","Output":"2026-10-10T16:35:35.747+0800 [DEBUG] calculated votes needed: needed=1 term=2\n"}
{"Time":"2026-10-10T16:35:35.748332901+08:00","Action":"output","Package":"github.com/hashicorp/raft","Test":"TestAssuranceConfigPersistControl","Output":"2026-10-10T16:35:35.747+0800 [DEBUG] pre-vote received: from=afda8ed5-4a0e-0ddb-8aa7-19ba5e8e9728 term=2 tally=0\n"}
{"Time":"2026-10-10T16:35:35.748349459+08:00","Action":"output","Package":"github.com/hashicorp/raft","Test":"TestAssuranceConfigPersistControl","Output":"2026-10-10T16:35:35.747+0800 [DEBUG] pre-vote granted: from=afda8ed5-4a0e-0ddb-8aa7-19ba5e8e9728 term=2 tally=1\n"}
{"Time":"2026-10-10T16:35:35.748364061+08:00","Action":"output","Package":"github.com/hashicorp/raft","Test":"TestAssuranceConfigPersistControl","Output":"2026-10-10T16:35:35.747+0800 [INFO]  pre-vote successful, starting election: term=2 tally=1 refused=0 votesNeeded=1\n"}
{"Time":"2026-10-10T16:35:35.748378685+08:00","Action":"output","Package":"github.com/hashicorp/raft","Test":"TestAssuranceConfigPersistControl","Output":"2026-10-10T16:35:35.747+0800 [DEBUG] voting for self: term=2 id=afda8ed5-4a0e-0ddb-8aa7-19ba5e8e9728\n"}
{"Time":"2026-10-10T16:35:35.748413086+08:00","Action":"output","Package":"github.com/hashicorp/raft","Test":"TestAssuranceConfigPersistControl","Output":"2026-10-10T16:35:35.747+0800 [DEBUG] vote granted: from=afda8ed5-4a0e-0ddb-8aa7-19ba5e8e9728 term=2 tally=1\n"}
{"Time":"2026-10-10T16:35:35.748428578+08:00","Action":"output","Package":"github.com/hashicorp/raft","Test":"TestAssuranceConfigPersistControl","Output":"2026-10-10T16:35:35.747+0800 [INFO]  election won: term=2 tally=1\n"}
{"Time":"2026-10-10T16:35:35.748446852+08:00","Action":"output","Package":"github.com/hashicorp/raft","Test":"TestAssuranceConfigPersistControl","Output":"2026-10-10T16:35:35.747+0800 [INFO]  entering leader state: leader=\"Node at afda8ed5-4a0e-0ddb-8aa7-19ba5e8e9728 [Leader]\"\n"}
{"Time":"2026-10-10T16:35:35.75231833+08:00","Action":"output","Package":"github.com/hashicorp/raft","Test":"TestAssuranceConfigPersistControl","Output":"2026-10-10T16:35:35.751+0800 [INFO]  updating configuration: command=AddVoter server-id=phantom server-addr=phantom-addr servers=\"[{Suffrage:Voter ID:afda8ed5-4a0e-0ddb-8aa7-19ba5e8e9728 Address:afda8ed5-4a0e-0ddb-8aa7-19ba5e8e9728} {Suffrage:Voter ID:phantom Address:phantom-addr}]\"\n"}
{"Time":"2026-10-10T16:35:35.752435323+08:00","Action":"output","Package":"github.com/hashicorp/raft","Test":"TestAssuranceConfigPersistControl","Output":"2026-10-10T16:35:35.752+0800 [INFO]  added peer, starting replication: peer=phantom\n"}
{"Time":"2026-10-10T16:35:35.753662045+08:00","Action":"output","Package":"github.com/hashicorp/raft","Test":"TestAssuranceConfigPersistControl","Output":"CA_EVENT {\"add_voter_error\":\"\\u003cnil\\u003e\",\"assigned_config_index\":4,\"config_servers_after\":[\"afda8ed5-4a0e-0ddb-8aa7-19ba5e8e9728/afda8ed5-4a0e-0ddb-8aa7-19ba5e8e9728/Voter\",\"phantom/phantom-addr/Voter\"],\"config_servers_before\":[\"afda8ed5-4a0e-0ddb-8aa7-19ba5e8e9728/afda8ed5-4a0e-0ddb-8aa7-19ba5e8e9728/Voter\"],\"durable_last_index_after\":4,\"event\":\"config_persist_success_control\",\"getlog_at_assigned_idx_err\":\"\\u003cnil\\u003e\"}\n"}
{"Time":"2026-10-10T16:35:35.753727694+08:00","Action":"output","Package":"github.com/hashicorp/raft","Test":"TestAssuranceConfigPersistControl","Output":"--- PASS: TestAssuranceConfigPersistControl (0.10s)\n"}
{"Time":"2026-10-10T16:35:35.753749097+08:00","Action":"pass","Package":"github.com/hashicorp/raft","Test":"TestAssuranceConfigPersistControl","Elapsed":0.1}
{"Time":"2026-10-10T16:35:35.753776608+08:00","Action":"run","Package":"github.com/hashicorp/raft","Test":"TestAssuranceFollowerStoreFailure"}
{"Time":"2026-10-10T16:35:35.753791244+08:00","Action":"output","Package":"github.com/hashicorp/raft","Test":"TestAssuranceFollowerStoreFailure","Output":"=== RUN   TestAssuranceFollowerStoreFailure\n"}
{"Time":"2026-10-10T16:35:35.753806739+08:00","Action":"output","Package":"github.com/hashicorp/raft","Test":"TestAssuranceFollowerStoreFailure","Output":"2026-10-10T16:35:35.752+0800 [ERROR] failed to appendEntries to: peer=\"{Voter phantom phantom-addr}\" error=\"failed to connect to peer: phantom-addr\"\n"}
{"Time":"2026-10-10T16:35:35.754100844+08:00","Action":"output","Package":"github.com/hashicorp/raft","Test":"TestAssuranceFollowerStoreFailure","Output":"2026-10-10T16:35:35.753+0800 [INFO]  initial configuration: index=1 servers=\"[{Suffrage:Voter ID:cc0ebb26-dcb3-4cea-f75f-409fee3d7115 Address:cc0ebb26-dcb3-4cea-f75f-409fee3d7115} {Suffrage:Voter ID:7c0280d9-8fea-1a65-ef08-2816a428ac8e Address:7c0280d9-8fea-1a65-ef08-2816a428ac8e}]\"\n"}
{"Time":"2026-10-10T16:35:35.754247975+08:00","Action":"output","Package":"github.com/hashicorp/raft","Test":"TestAssuranceFollowerStoreFailure","Output":"2026-10-10T16:35:35.754+0800 [INFO]  initial configuration: index=1 servers=\"[{Suffrage:Voter ID:cc0ebb26-dcb3-4cea-f75f-409fee3d7115 Address:cc0ebb26-dcb3-4cea-f75f-409fee3d7115} {Suffrage:Voter ID:7c0280d9-8fea-1a65-ef08-2816a428ac8e Address:7c0280d9-8fea-1a65-ef08-2816a428ac8e}]\"\n"}
{"Time":"2026-10-10T16:35:35.755284871+08:00","Action":"output","Package":"github.com/hashicorp/raft","Test":"TestAssuranceFollowerStoreFailure","Output":"2026-10-10T16:35:35.754+0800 [INFO]  entering follower state: follower=\"Node at cc0ebb26-dcb3-4cea-f75f-409fee3d7115 [Follower]\" leader-address= leader-id=\n"}
{"Time":"2026-10-10T16:35:35.755368023+08:00","Action":"output","Package":"github.com/hashicorp/raft","Test":"TestAssuranceFollowerStoreFailure","Output":"2026-10-10T16:35:35.754+0800 [INFO]  entering follower state: follower=\"Node at 7c0280d9-8fea-1a65-ef08-2816a428ac8e [Follower]\" leader-address= leader-id=\n"}
{"Time":"2026-10-10T16:35:35.807091249+08:00","Action":"output","Package":"github.com/hashicorp/raft","Test":"TestAssuranceFollowerStoreFailure","Output":"2026-10-10T16:35:35.806+0800 [WARN]  heartbeat timeout reached, starting election: last-leader-addr= last-leader-id=\n"}
{"Time":"2026-10-10T16:35:35.807253877+08:00","Action":"output","Package":"github.com/hashicorp/raft","Test":"TestAssuranceFollowerStoreFailure","Output":"2026-10-10T16:35:35.806+0800 [INFO]  entering candidate state: node=\"Node at cc0ebb26-dcb3-4cea-f75f-409fee3d7115 [Candidate]\" term=2\n"}
{"Time":"2026-10-10T16:35:35.807279887+08:00","Action":"output","Package":"github.com/hashicorp/raft","Test":"TestAssuranceFollowerStoreFailure","Output":"2026-10-10T16:35:35.806+0800 [DEBUG] pre-voting for self: term=2 id=cc0ebb26-dcb3-4cea-f75f-409fee3d7115\n"}
{"Time":"2026-10-10T16:35:35.807297618+08:00","Action":"output","Package":"github.com/hashicorp/raft","Test":"TestAssuranceFollowerStoreFailure","Output":"2026-10-10T16:35:35.806+0800 [DEBUG] asking for pre-vote: term=2 from=7c0280d9-8fea-1a65-ef08-2816a428ac8e address=7c0280d9-8fea-1a65-ef08-2816a428ac8e\n"}
{"Time":"2026-10-10T16:35:35.807313988+08:00","Action":"output","Package":"github.com/hashicorp/raft","Test":"TestAssuranceFollowerStoreFailure","Output":"2026-10-10T16:35:35.806+0800 [DEBUG] calculated votes needed: needed=2 term=2\n"}
{"Time":"2026-10-10T16:35:35.807329785+08:00","Action":"output","Package":"github.com/hashicorp/raft","Test":"TestAssuranceFollowerStoreFailure","Output":"2026-10-10T16:35:35.806+0800 [DEBUG] pre-vote received: from=cc0ebb26-dcb3-4cea-f75f-409fee3d7115 term=2 tally=0\n"}
{"Time":"2026-10-10T16:35:35.807355474+08:00","Action":"output","Package":"github.com/hashicorp/raft","Test":"TestAssuranceFollowerStoreFailure","Output":"2026-10-10T16:35:35.806+0800 [DEBUG] pre-vote granted: from=cc0ebb26-dcb3-4cea-f75f-409fee3d7115 term=2 tally=1\n"}
{"Time":"2026-10-10T16:35:35.807371126+08:00","Action":"output","Package":"github.com/hashicorp/raft","Test":"TestAssuranceFollowerStoreFailure","Output":"2026-10-10T16:35:35.806+0800 [DEBUG] received a requestPreVote with a newer term, grant the pre-vote\n"}
{"Time":"2026-10-10T16:35:35.80738597+08:00","Action":"output","Package":"github.com/hashicorp/raft","Test":"TestAssuranceFollowerStoreFailure","Output":"2026-10-10T16:35:35.807+0800 [DEBUG] pre-vote received: from=7c0280d9-8fea-1a65-ef08-2816a428ac8e term=2 tally=1\n"}
{"Time":"2026-10-10T16:35:35.807400294+08:00","Action":"output","Package":"github.com/hashicorp/raft","Test":"TestAssuranceFollowerStoreFailure","Output":"2026-10-10T16:35:35.807+0800 [DEBUG] pre-vote granted: from=7c0280d9-8fea-1a65-ef08-2816a428ac8e term=2 tally=2\n"}
{"Time":"2026-10-10T16:35:35.807429738+08:00","Action":"output","Package":"github.com/hashicorp/raft","Test":"TestAssuranceFollowerStoreFailure","Output":"2026-10-10T16:35:35.807+0800 [INFO]  pre-vote successful, starting election: term=2 tally=2 refused=0 votesNeeded=2\n"}
{"Time":"2026-10-10T16:35:35.807445021+08:00","Action":"output","Package":"github.com/hashicorp/raft","Test":"TestAssuranceFollowerStoreFailure","Output":"2026-10-10T16:35:35.807+0800 [DEBUG] voting for self: term=2 id=cc0ebb26-dcb3-4cea-f75f-409fee3d7115\n"}
{"Time":"2026-10-10T16:35:35.807459505+08:00","Action":"output","Package":"github.com/hashicorp/raft","Test":"TestAssuranceFollowerStoreFailure","Output":"2026-10-10T16:35:35.807+0800 [DEBUG] asking for vote: term=2 from=7c0280d9-8fea-1a65-ef08-2816a428ac8e address=7c0280d9-8fea-1a65-ef08-2816a428ac8e\n"}
{"Time":"2026-10-10T16:35:35.807473732+08:00","Action":"output","Package":"github.com/hashicorp/raft","Test":"TestAssuranceFollowerStoreFailure","Output":"2026-10-10T16:35:35.807+0800 [DEBUG] vote granted: from=cc0ebb26-dcb3-4cea-f75f-409fee3d7115 term=2 tally=1\n"}
{"Time":"2026-10-10T16:35:35.807487472+08:00","Action":"output","Package":"github.com/hashicorp/raft","Test":"TestAssuranceFollowerStoreFailure","Output":"2026-10-10T16:35:35.807+0800 [DEBUG] lost leadership because received a requestVote with a newer term\n"}
{"Time":"2026-10-10T16:35:35.807522347+08:00","Action":"output","Package":"github.com/hashicorp/raft","Test":"TestAssuranceFollowerStoreFailure","Output":"2026-10-10T16:35:35.807+0800 [DEBUG] vote granted: from=7c0280d9-8fea-1a65-ef08-2816a428ac8e term=2 tally=2\n"}
{"Time":"2026-10-10T16:35:35.807537749+08:00","Action":"output","Package":"github.com/hashicorp/raft","Test":"TestAssuranceFollowerStoreFailure","Output":"2026-10-10T16:35:35.807+0800 [INFO]  election won: term=2 tally=2\n"}
{"Time":"2026-10-10T16:35:35.807555325+08:00","Action":"output","Package":"github.com/hashicorp/raft","Test":"TestAssuranceFollowerStoreFailure","Output":"2026-10-10T16:35:35.807+0800 [INFO]  entering leader state: leader=\"Node at cc0ebb26-dcb3-4cea-f75f-409fee3d7115 [Leader]\"\n"}
{"Time":"2026-10-10T16:35:35.807580129+08:00","Action":"output","Package":"github.com/hashicorp/raft","Test":"TestAssuranceFollowerStoreFailure","Output":"2026-10-10T16:35:35.807+0800 [INFO]  added peer, starting replication: peer=7c0280d9-8fea-1a65-ef08-2816a428ac8e\n"}
{"Time":"2026-10-10T16:35:35.808564064+08:00","Action":"output","Package":"github.com/hashicorp/raft","Test":"TestAssuranceFollowerStoreFailure","Output":"2026-10-10T16:35:35.807+0800 [INFO]  pipelining replication: peer=\"{Voter 7c0280d9-8fea-1a65-ef08-2816a428ac8e 7c0280d9-8fea-1a65-ef08-2816a428ac8e}\"\n"}
{"Time":"2026-10-10T16:35:35.808660895+08:00","Action":"output","Package":"github.com/hashicorp/raft","Test":"TestAssuranceFollowerStoreFailure","Output":"2026-10-10T16:35:35.807+0800 [INFO]  updating configuration: command=AddVoter server-id=phantom server-addr=phantom-addr servers=\"[{Suffrage:Voter ID:cc0ebb26-dcb3-4cea-f75f-409fee3d7115 Address:cc0ebb26-dcb3-4cea-f75f-409fee3d7115} {Suffrage:Voter ID:7c0280d9-8fea-1a65-ef08-2816a428ac8e Address:7c0280d9-8fea-1a65-ef08-2816a428ac8e} {Suffrage:Voter ID:phantom Address:phantom-addr}]\"\n"}
{"Time":"2026-10-10T16:35:35.80869445+08:00","Action":"output","Package":"github.com/hashicorp/raft","Test":"TestAssuranceFollowerStoreFailure","Output":"2026-10-10T16:35:35.808+0800 [INFO]  added peer, starting replication: peer=phantom\n"}
{"Time":"2026-10-10T16:35:35.808714179+08:00","Action":"output","Package":"github.com/hashicorp/raft","Test":"TestAssuranceFollowerStoreFailure","Output":"2026-10-10T16:35:35.808+0800 [ERROR] failed to append to logs: error=\"injected LogStore.StoreLogs failure\"\n"}
{"Time":"2026-10-10T16:35:35.808734151+08:00","Action":"output","Package":"github.com/hashicorp/raft","Test":"TestAssuranceFollowerStoreFailure","Output":"2026-10-10T16:35:35.808+0800 [INFO]  aborting pipeline replication: peer=\"{Voter 7c0280d9-8fea-1a65-ef08-2816a428ac8e 7c0280d9-8fea-1a65-ef08-2816a428ac8e}\"\n"}
{"Time":"2026-10-10T16:35:35.809125681+08:00","Action":"output","Package":"github.com/hashicorp/raft","Test":"TestAssuranceFollowerStoreFailure","Output":"2026-10-10T16:35:35.808+0800 [ERROR] failed to appendEntries to: peer=\"{Voter phantom phantom-addr}\" error=\"failed to connect to peer: phantom-addr\"\n"}
{"Time":"2026-10-10T16:35:35.815851786+08:00","Action":"output","Package":"github.com/hashicorp/raft","Test":"TestAssuranceFollowerStoreFailure","Output":"2026-10-10T16:35:35.815+0800 [ERROR] failed to heartbeat to: peer=phantom-addr backoff time=10ms error=\"failed to connect to peer: phantom-addr\"\n"}
{"Time":"2026-10-10T16:35:35.815906893+08:00","Action":"output","Package":"github.com/hashicorp/raft","Test":"TestAssuranceFollowerStoreFailure","Output":"2026-10-10T16:35:35.815+0800 [ERROR] failed to append to logs: error=\"injected LogStore.StoreLogs failure\"\n"}
{"Time":"2026-10-10T16:35:35.815928639+08:00","Action":"output","Package":"github.com/hashicorp/raft","Test":"TestAssuranceFollowerStoreFailure","Output":"2026-10-10T16:35:35.815+0800 [WARN]  appendEntries rejected, sending older logs: peer=\"{Voter 7c0280d9-8fea-1a65-ef08-2816a428ac8e 7c0280d9-8fea-1a65-ef08-2816a428ac8e}\" next=2\n"}
{"Time":"2026-10-10T16:35:35.825955487+08:00","Action":"output","Package":"github.com/hashicorp/raft","Test":"TestAssuranceFollowerStoreFailure","Output":"2026-10-10T16:35:35.825+0800 [ERROR] failed to appendEntries to: peer=\"{Voter phantom phantom-addr}\" error=\"failed to connect to peer: phantom-addr\"\n"}
{"Time":"2026-10-10T16:35:35.826044767+08:00","Action":"output","Package":"github.com/hashicorp/raft","Test":"TestAssuranceFollowerStoreFailure","Output":"2026-10-10T16:35:35.825+0800 [ERROR] failed to append to logs: error=\"injected LogStore.StoreLogs failure\"\n"}
{"Time":"2026-10-10T16:35:35.826068206+08:00","Action":"output","Package":"github.com/hashicorp/raft","Test":"TestAssuranceFollowerStoreFailure","Output":"2026-10-10T16:35:35.825+0800 [WARN]  appendEntries rejected, sending older logs: peer=\"{Voter 7c0280d9-8fea-1a65-ef08-2816a428ac8e 7c0280d9-8fea-1a65-ef08-2816a428ac8e}\" next=1\n"}
{"Time":"2026-10-10T16:35:35.836564084+08:00","Action":"output","Package":"github.com/hashicorp/raft","Test":"TestAssuranceFollowerStoreFailure","Output":"2026-10-10T16:35:35.835+0800 [ERROR] failed to heartbeat to: peer=phantom-addr backoff time=10ms error=\"failed to connect to peer: phantom-addr\"\n"}
{"Time":"2026-10-10T16:35:35.837886996+08:00","Action":"output","Package":"github.com/hashicorp/raft","Test":"TestAssuranceFollowerStoreFailure","Output":"2026-10-10T16:35:35.837+0800 [ERROR] failed to append to logs: error=\"injected LogStore.StoreLogs failure\"\n"}
{"Time":"2026-10-10T16:35:35.837974315+08:00","Action":"output","Package":"github.com/hashicorp/raft","Test":"TestAssuranceFollowerStoreFailure","Output":"2026-10-10T16:35:35.837+0800 [WARN]  appendEntries rejected, sending older logs: peer=\"{Voter 7c0280d9-8fea-1a65-ef08-2816a428ac8e 7c0280d9-8fea-1a65-ef08-2816a428ac8e}\" next=1\n"}
{"Time":"2026-10-10T16:35:35.845058272+08:00","Action":"output","Package":"github.com/hashicorp/raft","Test":"TestAssuranceFollowerStoreFailure","Output":"2026-10-10T16:35:35.844+0800 [ERROR] failed to appendEntries to: peer=\"{Voter phantom phantom-addr}\" error=\"failed to connect to peer: phantom-addr\"\n"}
{"Time":"2026-10-10T16:35:35.853341072+08:00","Action":"output","Package":"github.com/hashicorp/raft","Test":"TestAssuranceFollowerStoreFailure","Output":"2026-10-10T16:35:35.852+0800 [ERROR] failed to heartbeat to: peer=phantom-addr backoff time=10ms error=\"failed to connect to peer: phantom-addr\"\n"}
{"Time":"2026-10-10T16:35:35.858569184+08:00","Action":"output","Package":"github.com/hashicorp/raft","Test":"TestAssuranceFollowerStoreFailure","Output":"2026-10-10T16:35:35.858+0800 [ERROR] failed to append to logs: error=\"injected LogStore.StoreLogs failure\"\n"}
{"Time":"2026-10-10T16:35:35.858641545+08:00","Action":"output","Package":"github.com/hashicorp/raft","Test":"TestAssuranceFollowerStoreFailure","Output":"2026-10-10T16:35:35.858+0800 [WARN]  appendEntries rejected, sending older logs: peer=\"{Voter 7c0280d9-8fea-1a65-ef08-2816a428ac8e 7c0280d9-8fea-1a65-ef08-2816a428ac8e}\" next=1\n"}
{"Time":"2026-10-10T16:35:35.85865981+08:00","Action":"output","Package":"github.com/hashicorp/raft","Test":"TestAssuranceFollowerStoreFailure","Output":"2026-10-10T16:35:35.858+0800 [WARN]  failed to contact: server-id=phantom time=50.320472ms\n"}
{"Time":"2026-10-10T16:35:35.873843639+08:00","Action":"output","Package":"github.com/hashicorp/raft","Test":"TestAssuranceFollowerStoreFailure","Output":"2026-10-10T16:35:35.873+0800 [ERROR] failed to heartbeat to: peer=phantom-addr backoff time=20ms error=\"failed to connect to peer: phantom-addr\"\n"}
{"Time":"2026-10-10T16:35:35.876749076+08:00","Action":"output","Package":"github.com/hashicorp/raft","Test":"TestAssuranceFollowerStoreFailure","Output":"2026-10-10T16:35:35.876+0800 [ERROR] failed to appendEntries to: peer=\"{Voter phantom phantom-addr}\" error=\"failed to connect to peer: phantom-addr\"\n"}
{"Time":"2026-10-10T16:35:35.902252533+08:00","Action":"output","Package":"github.com/hashicorp/raft","Test":"TestAssuranceFollowerStoreFailure","Output":"2026-10-10T16:35:35.900+0800 [ERROR] failed to append to logs: error=\"injected LogStore.StoreLogs failure\"\n"}
{"Time":"2026-10-10T16:35:35.902340027+08:00","Action":"output","Package":"github.com/hashicorp/raft","Test":"TestAssuranceFollowerStoreFailure","Output":"2026-10-10T16:35:35.900+0800 [ERROR] failed to heartbeat to: peer=phantom-addr backoff time=25ms error=\"failed to connect to peer: phantom-addr\"\n"}
{"Time":"2026-10-10T16:35:35.902356528+08:00","Action":"output","Package":"github.com/hashicorp/raft","Test":"TestAssuranceFollowerStoreFailure","Output":"2026-10-10T16:35:35.900+0800 [WARN]  appendEntries rejected, sending older logs: peer=\"{Voter 7c0280d9-8fea-1a65-ef08-2816a428ac8e 7c0280d9-8fea-1a65-ef08-2816a428ac8e}\" next=1\n"}
{"Time":"2026-10-10T16:35:35.909294312+08:00","Action":"output","Package":"github.com/hashicorp/raft","Test":"TestAssuranceFollowerStoreFailure","Output":"2026-10-10T16:35:35.908+0800 [WARN]  failed to contact: server-id=phantom time=100.72329ms\n"}
{"Time":"2026-10-10T16:35:35.926531531+08:00","Action":"output","Package":"github.com/hashicorp/raft","Test":"TestAssuranceFollowerStoreFailure","Output":"2026-10-10T16:35:35.926+0800 [ERROR] failed to appendEntries to: peer=\"{Voter phantom phantom-addr}\" error=\"failed to connect to peer: phantom-addr\"\n"}
{"Time":"2026-10-10T16:35:35.934506298+08:00","Action":"output","Package":"github.com/hashicorp/raft","Test":"TestAssuranceFollowerStoreFailure","Output":"2026-10-10T16:35:35.933+0800 [ERROR] failed to heartbeat to: peer=phantom-addr backoff time=25ms error=\"failed to connect to peer: phantom-addr\"\n"}
{"Time":"2026-10-10T16:35:35.958381898+08:00","Action":"output","Package":"github.com/hashicorp/raft","Test":"TestAssuranceFollowerStoreFailure","Output":"2026-10-10T16:35:35.957+0800 [WARN]  failed to contact: server-id=phantom time=149.756458ms\n"}
{"Time":"2026-10-10T16:35:35.967545572+08:00","Action":"output","Package":"github.com/hashicorp/raft","Test":"TestAssuranceFollowerStoreFailure","Output":"2026-10-10T16:35:35.967+0800 [ERROR] failed to heartbeat to: peer=phantom-addr backoff time=25ms error=\"failed to connect to peer: phantom-addr\"\n"}
{"Time":"2026-10-10T16:35:35.982497763+08:00","Action":"output","Package":"github.com/hashicorp/raft","Test":"TestAssuranceFollowerStoreFailure","Output":"2026-10-10T16:35:35.981+0800 [ERROR] failed to append to logs: error=\"injected LogStore.StoreLogs failure\"\n"}
{"Time":"2026-10-10T16:35:35.98258249+08:00","Action":"output","Package":"github.com/hashicorp/raft","Test":"TestAssuranceFollowerStoreFailure","Output":"2026-10-10T16:35:35.982+0800 [WARN]  appendEntries rejected, sending older logs: peer=\"{Voter 7c0280d9-8fea-1a65-ef08-2816a428ac8e 7c0280d9-8fea-1a65-ef08-2816a428ac8e}\" next=1\n"}
{"Time":"2026-10-10T16:35:36.000082592+08:00","Action":"output","Package":"github.com/hashicorp/raft","Test":"TestAssuranceFollowerStoreFailure","Output":"2026-10-10T16:35:35.999+0800 [ERROR] failed to heartbeat to: peer=phantom-addr backoff time=25ms error=\"failed to connect to peer: phantom-addr\"\n"}
{"Time":"2026-10-10T16:35:36.00786572+08:00","Action":"output","Package":"github.com/hashicorp/raft","Test":"TestAssuranceFollowerStoreFailure","Output":"2026-10-10T16:35:36.007+0800 [DEBUG] failed to contact: server-id=phantom time=199.354551ms\n"}
{"Time":"2026-10-10T16:35:36.013912755+08:00","Action":"output","Package":"github.com/hashicorp/raft","Test":"TestAssuranceFollowerStoreFailure","Output":"2026-10-10T16:35:36.013+0800 [ERROR] failed to appendEntries to: peer=\"{Voter phantom phantom-addr}\" error=\"failed to connect to peer: phantom-addr\"\n"}
{"Time":"2026-10-10T16:35:36.036170518+08:00","Action":"output","Package":"github.com/hashicorp/raft","Test":"TestAssuranceFollowerStoreFailure","Output":"2026-10-10T16:35:36.035+0800 [ERROR] failed to heartbeat to: peer=phantom-addr backoff time=25ms error=\"failed to connect to peer: phantom-addr\"\n"}
{"Time":"2026-10-10T16:35:36.054299677+08:00","Action":"output","Package":"github.com/hashicorp/raft","Test":"TestAssuranceFollowerStoreFailure","Output":"2026-10-10T16:35:36.053+0800 [DEBUG] failed to contact: server-id=phantom time=244.731273ms\n"}
{"Time":"2026-10-10T16:35:36.071352548+08:00","Action":"output","Package":"github.com/hashicorp/raft","Test":"TestAssuranceFollowerStoreFailure","Output":"2026-10-10T16:35:36.070+0800 [ERROR] failed to heartbeat to: peer=phantom-addr backoff time=25ms error=\"failed to connect to peer: phantom-addr\"\n"}
{"Time":"2026-10-10T16:35:36.098280214+08:00","Action":"output","Package":"github.com/hashicorp/raft","Test":"TestAssuranceFollowerStoreFailure","Output":"2026-10-10T16:35:36.098+0800 [DEBUG] failed to contact: server-id=phantom time=290.007515ms\n"}
{"Time":"2026-10-10T16:35:36.107279663+08:00","Action":"output","Package":"github.com/hashicorp/raft","Test":"TestAssuranceFollowerStoreFailure","Output":"2026-10-10T16:35:36.106+0800 [ERROR] failed to heartbeat to: peer=phantom-addr backoff time=25ms error=\"failed to connect to peer: phantom-addr\"\n"}
{"Time":"2026-10-10T16:35:36.142645106+08:00","Action":"output","Package":"github.com/hashicorp/raft","Test":"TestAssuranceFollowerStoreFailure","Output":"2026-10-10T16:35:36.142+0800 [ERROR] failed to heartbeat to: peer=phantom-addr backoff time=25ms error=\"failed to connect to peer: phantom-addr\"\n"}
{"Time":"2026-10-10T16:35:36.142755646+08:00","Action":"output","Package":"github.com/hashicorp/raft","Test":"TestAssuranceFollowerStoreFailure","Output":"2026-10-10T16:35:36.142+0800 [ERROR] failed to append to logs: error=\"injected LogStore.StoreLogs failure\"\n"}
{"Time":"2026-10-10T16:35:36.142782066+08:00","Action":"output","Package":"github.com/hashicorp/raft","Test":"TestAssuranceFollowerStoreFailure","Output":"2026-10-10T16:35:36.142+0800 [WARN]  appendEntries rejected, sending older logs: peer=\"{Voter 7c0280d9-8fea-1a65-ef08-2816a428ac8e 7c0280d9-8fea-1a65-ef08-2816a428ac8e}\" next=1\n"}
{"Time":"2026-10-10T16:35:36.147723924+08:00","Action":"output","Package":"github.com/hashicorp/raft","Test":"TestAssuranceFollowerStoreFailure","Output":"2026-10-10T16:35:36.147+0800 [DEBUG] failed to contact: server-id=phantom time=339.39104ms\n"}
{"Time":"2026-10-10T16:35:36.178170903+08:00","Action":"output","Package":"github.com/hashicorp/raft","Test":"TestAssuranceFollowerStoreFailure","Output":"2026-10-10T16:35:36.177+0800 [ERROR] failed to heartbeat to: peer=phantom-addr backoff time=25ms error=\"failed to connect to peer: phantom-addr\"\n"}
{"Time":"2026-10-10T16:35:36.183270769+08:00","Action":"output","Package":"github.com/hashicorp/raft","Test":"TestAssuranceFollowerStoreFailure","Output":"2026-10-10T16:35:36.182+0800 [ERROR] failed to appendEntries to: peer=\"{Voter phantom phantom-addr}\" error=\"failed to connect to peer: phantom-addr\"\n"}
{"Time":"2026-10-10T16:35:36.19537772+08:00","Action":"output","Package":"github.com/hashicorp/raft","Test":"TestAssuranceFollowerStoreFailure","Output":"2026-10-10T16:35:36.195+0800 [DEBUG] failed to contact: server-id=phantom time=386.935369ms\n"}
{"Time":"2026-10-10T16:35:36.215862067+08:00","Action":"output","Package":"github.com/hashicorp/raft","Test":"TestAssuranceFollowerStoreFailure","Output":"2026-10-10T16:35:36.214+0800 [ERROR] failed to heartbeat to: peer=phantom-addr backoff time=25ms error=\"failed to connect to peer: phantom-addr\"\n"}
{"Time":"2026-10-10T16:35:36.246080691+08:00","Action":"output","Package":"github.com/hashicorp/raft","Test":"TestAssuranceFollowerStoreFailure","Output":"2026-10-10T16:35:36.245+0800 [DEBUG] failed to contact: server-id=phantom time=437.480878ms\n"}
{"Time":"2026-10-10T16:35:36.25021645+08:00","Action":"output","Package":"github.com/hashicorp/raft","Test":"TestAssuranceFollowerStoreFailure","Output":"2026-10-10T16:35:36.249+0800 [ERROR] failed to heartbeat to: peer=phantom-addr backoff time=25ms error=\"failed to connect to peer: phantom-addr\"\n"}
{"Time":"2026-10-10T16:35:36.28445371+08:00","Action":"output","Package":"github.com/hashicorp/raft","Test":"TestAssuranceFollowerStoreFailure","Output":"2026-10-10T16:35:36.284+0800 [ERROR] failed to heartbeat to: peer=phantom-addr backoff time=25ms error=\"failed to connect to peer: phantom-addr\"\n"}
{"Time":"2026-10-10T16:35:36.295343048+08:00","Action":"output","Package":"github.com/hashicorp/raft","Test":"TestAssuranceFollowerStoreFailure","Output":"2026-10-10T16:35:36.294+0800 [DEBUG] failed to contact: server-id=phantom time=486.632934ms\n"}
{"Time":"2026-10-10T16:35:36.319657006+08:00","Action":"output","Package":"github.com/hashicorp/raft","Test":"TestAssuranceFollowerStoreFailure","Output":"2026-10-10T16:35:36.319+0800 [ERROR] failed to heartbeat to: peer=phantom-addr backoff time=25ms error=\"failed to connect to peer: phantom-addr\"\n"}
{"Time":"2026-10-10T16:35:36.334778404+08:00","Action":"output","Package":"github.com/hashicorp/raft","Test":"TestAssuranceFollowerStoreFailure","Output":"2026-10-10T16:35:36.334+0800 [DEBUG] failed to contact: server-id=phantom time=526.202211ms\n"}
{"Time":"2026-10-10T16:35:36.352824436+08:00","Action":"output","Package":"github.com/hashicorp/raft","Test":"TestAssuranceFollowerStoreFailure","Output":"2026-10-10T16:35:36.352+0800 [ERROR] failed to heartbeat to: peer=phantom-addr backoff time=25ms error=\"failed to connect to peer: phantom-addr\"\n"}
{"Time":"2026-10-10T16:35:36.384864525+08:00","Action":"output","Package":"github.com/hashicorp/raft","Test":"TestAssuranceFollowerStoreFailure","Output":"2026-10-10T16:35:36.384+0800 [DEBUG] failed to contact: server-id=phantom time=576.349414ms\n"}
{"Time":"2026-10-10T16:35:36.387645989+08:00","Action":"output","Package":"github.com/hashicorp/raft","Test":"TestAssuranceFollowerStoreFailure","Output":"2026-10-10T16:35:36.387+0800 [ERROR] failed to heartbeat to: peer=phantom-addr backoff time=25ms error=\"failed to connect to peer: phantom-addr\"\n"}
{"Time":"2026-10-10T16:35:36.409889617+08:00","Action":"output","Package":"github.com/hashicorp/raft","Test":"TestAssuranceFollowerStoreFailure","Output":"CA_EVENT {\"event\":\"follower_store_failure\",\"follower_durable_after\":2,\"follower_durable_before\":2,\"follower_last_index\":2,\"follower_published_phantom\":false,\"follower_servers_after\":[\"cc0ebb26-dcb3-4cea-f75f-409fee3d7115/cc0ebb26-dcb3-4cea-f75f-409fee3d7115/Voter\",\"7c0280d9-8fea-1a65-ef08-2816a428ac8e/7c0280d9-8fea-1a65-ef08-2816a428ac8e/Voter\"],\"follower_servers_before\":[\"cc0ebb26-dcb3-4cea-f75f-409fee3d7115/cc0ebb26-dcb3-4cea-f75f-409fee3d7115/Voter\",\"7c0280d9-8fea-1a65-ef08-2816a428ac8e/7c0280d9-8fea-1a65-ef08-2816a428ac8e/Voter\"],\"follower_state\":\"Follower\",\"node\":\"7c0280d9-8fea-1a65-ef08-2816a428ac8e\",\"store_log_attempts\":8,\"store_log_failures\":8}\n"}
{"Time":"2026-10-10T16:35:36.409938643+08:00","Action":"output","Package":"github.com/hashicorp/raft","Test":"TestAssuranceFollowerStoreFailure","Output":"--- PASS: TestAssuranceFollowerStoreFailure (0.66s)\n"}
{"Time":"2026-10-10T16:35:36.409945862+08:00","Action":"pass","Package":"github.com/hashicorp/raft","Test":"TestAssuranceFollowerStoreFailure","Elapsed":0.66}
{"Time":"2026-10-10T16:35:36.409954944+08:00","Action":"run","Package":"github.com/hashicorp/raft","Test":"TestAssuranceTruncationThenStoreFailure"}
{"Time":"2026-10-10T16:35:36.40995866+08:00","Action":"output","Package":"github.com/hashicorp/raft","Test":"TestAssuranceTruncationThenStoreFailure","Output":"=== RUN   TestAssuranceTruncationThenStoreFailure\n"}
{"Time":"2026-10-10T16:35:36.409962613+08:00","Action":"output","Package":"github.com/hashicorp/raft","Test":"TestAssuranceTruncationThenStoreFailure","Output":"2026-10-10T16:35:36.409+0800 [ERROR] failed to appendEntries to: peer=\"{Voter phantom phantom-addr}\" error=\"failed to connect to peer: phantom-addr\"\n"}
{"Time":"2026-10-10T16:35:36.409967705+08:00","Action":"output","Package":"github.com/hashicorp/raft","Test":"TestAssuranceTruncationThenStoreFailure","Output":"2026-10-10T16:35:36.409+0800 [INFO]  initial configuration: index=1 servers=\"[{Suffrage:Voter ID:a576a405-a4ab-40b4-6165-5520ab2ac732 Address:a576a405-a4ab-40b4-6165-5520ab2ac732}]\"\n"}
{"Time":"2026-10-10T16:35:36.409972301+08:00","Action":"output","Package":"github.com/hashicorp/raft","Test":"TestAssuranceTruncationThenStoreFailure","Output":"2026-10-10T16:35:36.409+0800 [INFO]  entering follower state: follower=\"Node at a576a405-a4ab-40b4-6165-5520ab2ac732 [Follower]\" leader-address= leader-id=\n"}
{"Time":"2026-10-10T16:35:36.477011361+08:00","Action":"output","Package":"github.com/hashicorp/raft","Test":"TestAssuranceTruncationThenStoreFailure","Output":"2026-10-10T16:35:36.476+0800 [WARN]  heartbeat timeout reached, starting election: last-leader-addr= last-leader-id=\n"}
{"Time":"2026-10-10T16:35:36.477073217+08:00","Action":"output","Package":"github.com/hashicorp/raft","Test":"TestAssuranceTruncationThenStoreFailure","Output":"2026-10-10T16:35:36.476+0800 [INFO]  entering candidate state: node=\"Node at a576a405-a4ab-40b4-6165-5520ab2ac732 [Candidate]\" term=2\n"}
{"Time":"2026-10-10T16:35:36.477088319+08:00","Action":"output","Package":"github.com/hashicorp/raft","Test":"TestAssuranceTruncationThenStoreFailure","Output":"2026-10-10T16:35:36.476+0800 [DEBUG] pre-voting for self: term=2 id=a576a405-a4ab-40b4-6165-5520ab2ac732\n"}
{"Time":"2026-10-10T16:35:36.477097514+08:00","Action":"output","Package":"github.com/hashicorp/raft","Test":"TestAssuranceTruncationThenStoreFailure","Output":"2026-10-10T16:35:36.476+0800 [DEBUG] calculated votes needed: needed=1 term=2\n"}
{"Time":"2026-10-10T16:35:36.477121291+08:00","Action":"output","Package":"github.com/hashicorp/raft","Test":"TestAssuranceTruncationThenStoreFailure","Output":"2026-10-10T16:35:36.476+0800 [DEBUG] pre-vote received: from=a576a405-a4ab-40b4-6165-5520ab2ac732 term=2 tally=0\n"}
{"Time":"2026-10-10T16:35:36.477427113+08:00","Action":"output","Package":"github.com/hashicorp/raft","Test":"TestAssuranceTruncationThenStoreFailure","Output":"2026-10-10T16:35:36.476+0800 [DEBUG] pre-vote granted: from=a576a405-a4ab-40b4-6165-5520ab2ac732 term=2 tally=1\n"}
{"Time":"2026-10-10T16:35:36.477774809+08:00","Action":"output","Package":"github.com/hashicorp/raft","Test":"TestAssuranceTruncationThenStoreFailure","Output":"2026-10-10T16:35:36.476+0800 [INFO]  pre-vote successful, starting election: term=2 tally=1 refused=0 votesNeeded=1\n"}
{"Time":"2026-10-10T16:35:36.477927774+08:00","Action":"output","Package":"github.com/hashicorp/raft","Test":"TestAssuranceTruncationThenStoreFailure","Output":"2026-10-10T16:35:36.476+0800 [DEBUG] voting for self: term=2 id=a576a405-a4ab-40b4-6165-5520ab2ac732\n"}
{"Time":"2026-10-10T16:35:36.477934587+08:00","Action":"output","Package":"github.com/hashicorp/raft","Test":"TestAssuranceTruncationThenStoreFailure","Output":"2026-10-10T16:35:36.476+0800 [DEBUG] vote granted: from=a576a405-a4ab-40b4-6165-5520ab2ac732 term=2 tally=1\n"}
{"Time":"2026-10-10T16:35:36.477939637+08:00","Action":"output","Package":"github.com/hashicorp/raft","Test":"TestAssuranceTruncationThenStoreFailure","Output":"2026-10-10T16:35:36.476+0800 [INFO]  election won: term=2 tally=1\n"}
{"Time":"2026-10-10T16:35:36.477945006+08:00","Action":"output","Package":"github.com/hashicorp/raft","Test":"TestAssuranceTruncationThenStoreFailure","Output":"2026-10-10T16:35:36.476+0800 [INFO]  entering leader state: leader=\"Node at a576a405-a4ab-40b4-6165-5520ab2ac732 [Leader]\"\n"}
{"Time":"2026-10-10T16:35:36.485925557+08:00","Action":"output","Package":"github.com/hashicorp/raft","Test":"TestAssuranceTruncationThenStoreFailure","Output":"2026-10-10T16:35:36.485+0800 [WARN]  clearing log suffix: from=2 to=4\n"}
{"Time":"2026-10-10T16:35:36.485965227+08:00","Action":"output","Package":"github.com/hashicorp/raft","Test":"TestAssuranceTruncationThenStoreFailure","Output":"2026-10-10T16:35:36.485+0800 [ERROR] failed to append to logs: error=\"injected LogStore.StoreLogs failure\"\n"}
{"Time":"2026-10-10T16:35:36.486373968+08:00","Action":"output","Package":"github.com/hashicorp/raft","Test":"TestAssuranceTruncationThenStoreFailure","Output":"CA_EVENT {\"append_success\":false,\"cached_ahead_of_durable\":true,\"cached_last_index_after\":4,\"cached_last_index_before\":4,\"durable_last_index_after\":1,\"durable_last_index_before\":4,\"event\":\"truncation_then_store_failure\",\"getlog_at_cached_err\":\"log not found\",\"reported_last_index\":4,\"state\":\"Follower\"}\n"}
{"Time":"2026-10-10T16:35:36.486402094+08:00","Action":"output","Package":"github.com/hashicorp/raft","Test":"TestAssuranceTruncationThenStoreFailure","Output":"--- PASS: TestAssuranceTruncationThenStoreFailure (0.08s)\n"}
{"Time":"2026-10-10T16:35:36.486412779+08:00","Action":"pass","Package":"github.com/hashicorp/raft","Test":"TestAssuranceTruncationThenStoreFailure","Elapsed":0.08}
{"Time":"2026-10-10T16:35:36.486689513+08:00","Action":"run","Package":"github.com/hashicorp/raft","Test":"TestAssuranceRealProducerTruncation"}
{"Time":"2026-10-10T16:35:36.486704563+08:00","Action":"output","Package":"github.com/hashicorp/raft","Test":"TestAssuranceRealProducerTruncation","Output":"=== RUN   TestAssuranceRealProducerTruncation\n"}
{"Time":"2026-10-10T16:35:36.48824883+08:00","Action":"output","Package":"github.com/hashicorp/raft","Test":"TestAssuranceRealProducerTruncation","Output":"2026-10-10T16:35:36.487+0800 [INFO]  initial configuration: index=1 servers=\"[{Suffrage:Voter ID:7e5f7ad1-dc9f-d203-aac2-5bf692360607 Address:7e5f7ad1-dc9f-d203-aac2-5bf692360607} {Suffrage:Voter ID:0cd343a9-cee3-3971-4574-2c667312de35 Address:0cd343a9-cee3-3971-4574-2c667312de35} {Suffrage:Voter ID:a99f88f0-ee5a-6821-f5a9-8a4274ccfb0a Address:a99f88f0-ee5a-6821-f5a9-8a4274ccfb0a}]\"\n"}
{"Time":"2026-10-10T16:35:36.488928512+08:00","Action":"output","Package":"github.com/hashicorp/raft","Test":"TestAssuranceRealProducerTruncation","Output":"2026-10-10T16:35:36.488+0800 [INFO]  initial configuration: index=1 servers=\"[{Suffrage:Voter ID:7e5f7ad1-dc9f-d203-aac2-5bf692360607 Address:7e5f7ad1-dc9f-d203-aac2-5bf692360607} {Suffrage:Voter ID:0cd343a9-cee3-3971-4574-2c667312de35 Address:0cd343a9-cee3-3971-4574-2c667312de35} {Suffrage:Voter ID:a99f88f0-ee5a-6821-f5a9-8a4274ccfb0a Address:a99f88f0-ee5a-6821-f5a9-8a4274ccfb0a}]\"\n"}
{"Time":"2026-10-10T16:35:36.489019238+08:00","Action":"output","Package":"github.com/hashicorp/raft","Test":"TestAssuranceRealProducerTruncation","Output":"2026-10-10T16:35:36.488+0800 [INFO]  entering follower state: follower=\"Node at 7e5f7ad1-dc9f-d203-aac2-5bf692360607 [Follower]\" leader-address= leader-id=\n"}
{"Time":"2026-10-10T16:35:36.489043901+08:00","Action":"output","Package":"github.com/hashicorp/raft","Test":"TestAssuranceRealProducerTruncation","Output":"2026-10-10T16:35:36.488+0800 [INFO]  initial configuration: index=1 servers=\"[{Suffrage:Voter ID:7e5f7ad1-dc9f-d203-aac2-5bf692360607 Address:7e5f7ad1-dc9f-d203-aac2-5bf692360607} {Suffrage:Voter ID:0cd343a9-cee3-3971-4574-2c667312de35 Address:0cd343a9-cee3-3971-4574-2c667312de35} {Suffrage:Voter ID:a99f88f0-ee5a-6821-f5a9-8a4274ccfb0a Address:a99f88f0-ee5a-6821-f5a9-8a4274ccfb0a}]\"\n"}
{"Time":"2026-10-10T16:35:36.489078633+08:00","Action":"output","Package":"github.com/hashicorp/raft","Test":"TestAssuranceRealProducerTruncation","Output":"2026-10-10T16:35:36.488+0800 [INFO]  entering follower state: follower=\"Node at 0cd343a9-cee3-3971-4574-2c667312de35 [Follower]\" leader-address= leader-id=\n"}
{"Time":"2026-10-10T16:35:36.489086948+08:00","Action":"output","Package":"github.com/hashicorp/raft","Test":"TestAssuranceRealProducerTruncation","Output":"2026-10-10T16:35:36.488+0800 [INFO]  entering follower state: follower=\"Node at a99f88f0-ee5a-6821-f5a9-8a4274ccfb0a [Follower]\" leader-address= leader-id=\n"}
{"Time":"2026-10-10T16:35:36.548541811+08:00","Action":"output","Package":"github.com/hashicorp/raft","Test":"TestAssuranceRealProducerTruncation","Output":"2026-10-10T16:35:36.548+0800 [WARN]  heartbeat timeout reached, starting election: last-leader-addr= last-leader-id=\n"}
{"Time":"2026-10-10T16:35:36.548586973+08:00","Action":"output","Package":"github.com/hashicorp/raft","Test":"TestAssuranceRealProducerTruncation","Output":"2026-10-10T16:35:36.548+0800 [INFO]  entering candidate state: node=\"Node at 7e5f7ad1-dc9f-d203-aac2-5bf692360607 [Candidate]\" term=2\n"}
{"Time":"2026-10-10T16:35:36.548595915+08:00","Action":"output","Package":"github.com/hashicorp/raft","Test":"TestAssuranceRealProducerTruncation","Output":"2026-10-10T16:35:36.548+0800 [DEBUG] pre-voting for self: term=2 id=7e5f7ad1-dc9f-d203-aac2-5bf692360607\n"}
{"Time":"2026-10-10T16:35:36.548614993+08:00","Action":"output","Package":"github.com/hashicorp/raft","Test":"TestAssuranceRealProducerTruncation","Output":"2026-10-10T16:35:36.548+0800 [DEBUG] asking for pre-vote: term=2 from=0cd343a9-cee3-3971-4574-2c667312de35 address=0cd343a9-cee3-3971-4574-2c667312de35\n"}
{"Time":"2026-10-10T16:35:36.548732409+08:00","Action":"output","Package":"github.com/hashicorp/raft","Test":"TestAssuranceRealProducerTruncation","Output":"2026-10-10T16:35:36.548+0800 [DEBUG] asking for pre-vote: term=2 from=a99f88f0-ee5a-6821-f5a9-8a4274ccfb0a address=a99f88f0-ee5a-6821-f5a9-8a4274ccfb0a\n"}
{"Time":"2026-10-10T16:35:36.548738463+08:00","Action":"output","Package":"github.com/hashicorp/raft","Test":"TestAssuranceRealProducerTruncation","Output":"2026-10-10T16:35:36.548+0800 [DEBUG] calculated votes needed: needed=2 term=2\n"}
{"Time":"2026-10-10T16:35:36.548743116+08:00","Action":"output","Package":"github.com/hashicorp/raft","Test":"TestAssuranceRealProducerTruncation","Output":"2026-10-10T16:35:36.548+0800 [DEBUG] pre-vote received: from=7e5f7ad1-dc9f-d203-aac2-5bf692360607 term=2 tally=0\n"}
{"Time":"2026-10-10T16:35:36.548746434+08:00","Action":"output","Package":"github.com/hashicorp/raft","Test":"TestAssuranceRealProducerTruncation","Output":"2026-10-10T16:35:36.548+0800 [DEBUG] pre-vote granted: from=7e5f7ad1-dc9f-d203-aac2-5bf692360607 term=2 tally=1\n"}
{"Time":"2026-10-10T16:35:36.548909955+08:00","Action":"output","Package":"github.com/hashicorp/raft","Test":"TestAssuranceRealProducerTruncation","Output":"2026-10-10T16:35:36.548+0800 [DEBUG] received a requestPreVote with a newer term, grant the pre-vote\n"}
{"Time":"2026-10-10T16:35:36.548922495+08:00","Action":"output","Package":"github.com/hashicorp/raft","Test":"TestAssuranceRealProducerTruncation","Output":"2026-10-10T16:35:36.548+0800 [DEBUG] pre-vote received: from=a99f88f0-ee5a-6821-f5a9-8a4274ccfb0a term=2 tally=1\n"}
{"Time":"2026-10-10T16:35:36.548967715+08:00","Action":"output","Package":"github.com/hashicorp/raft","Test":"TestAssuranceRealProducerTruncation","Output":"2026-10-10T16:35:36.548+0800 [DEBUG] pre-vote granted: from=a99f88f0-ee5a-6821-f5a9-8a4274ccfb0a term=2 tally=2\n"}
{"Time":"2026-10-10T16:35:36.548972775+08:00","Action":"output","Package":"github.com/hashicorp/raft","Test":"TestAssuranceRealProducerTruncation","Output":"2026-10-10T16:35:36.548+0800 [INFO]  pre-vote successful, starting election: term=2 tally=2 refused=0 votesNeeded=2\n"}
{"Time":"2026-10-10T16:35:36.548978669+08:00","Action":"output","Package":"github.com/hashicorp/raft","Test":"TestAssuranceRealProducerTruncation","Output":"2026-10-10T16:35:36.548+0800 [DEBUG] voting for self: term=2 id=7e5f7ad1-dc9f-d203-aac2-5bf692360607\n"}
{"Time":"2026-10-10T16:35:36.549276374+08:00","Action":"output","Package":"github.com/hashicorp/raft","Test":"TestAssuranceRealProducerTruncation","Output":"2026-10-10T16:35:36.549+0800 [DEBUG] asking for vote: term=2 from=0cd343a9-cee3-3971-4574-2c667312de35 address=0cd343a9-cee3-3971-4574-2c667312de35\n"}
{"Time":"2026-10-10T16:35:36.549337789+08:00","Action":"output","Package":"github.com/hashicorp/raft","Test":"TestAssuranceRealProducerTruncation","Output":"2026-10-10T16:35:36.549+0800 [DEBUG] asking for vote: term=2 from=a99f88f0-ee5a-6821-f5a9-8a4274ccfb0a address=a99f88f0-ee5a-6821-f5a9-8a4274ccfb0a\n"}
{"Time":"2026-10-10T16:35:36.549350988+08:00","Action":"output","Package":"github.com/hashicorp/raft","Test":"TestAssuranceRealProducerTruncation","Output":"2026-10-10T16:35:36.549+0800 [DEBUG] vote granted: from=7e5f7ad1-dc9f-d203-aac2-5bf692360607 term=2 tally=1\n"}
{"Time":"2026-10-10T16:35:36.549369097+08:00","Action":"output","Package":"github.com/hashicorp/raft","Test":"TestAssuranceRealProducerTruncation","Output":"2026-10-10T16:35:36.549+0800 [DEBUG] lost leadership because received a requestVote with a newer term\n"}
{"Time":"2026-10-10T16:35:36.549378613+08:00","Action":"output","Package":"github.com/hashicorp/raft","Test":"TestAssuranceRealProducerTruncation","Output":"2026-10-10T16:35:36.549+0800 [DEBUG] vote granted: from=a99f88f0-ee5a-6821-f5a9-8a4274ccfb0a term=2 tally=2\n"}
{"Time":"2026-10-10T16:35:36.549386886+08:00","Action":"output","Package":"github.com/hashicorp/raft","Test":"TestAssuranceRealProducerTruncation","Output":"2026-10-10T16:35:36.549+0800 [INFO]  election won: term=2 tally=2\n"}
{"Time":"2026-10-10T16:35:36.549395151+08:00","Action":"output","Package":"github.com/hashicorp/raft","Test":"TestAssuranceRealProducerTruncation","Output":"2026-10-10T16:35:36.549+0800 [DEBUG] received a requestPreVote with a newer term, grant the pre-vote\n"}
{"Time":"2026-10-10T16:35:36.549422001+08:00","Action":"output","Package":"github.com/hashicorp/raft","Test":"TestAssuranceRealProducerTruncation","Output":"2026-10-10T16:35:36.549+0800 [DEBUG] lost leadership because received a requestVote with a newer term\n"}
{"Time":"2026-10-10T16:35:36.549602276+08:00","Action":"output","Package":"github.com/hashicorp/raft","Test":"TestAssuranceRealProducerTruncation","Output":"2026-10-10T16:35:36.549+0800 [INFO]  entering leader state: leader=\"Node at 7e5f7ad1-dc9f-d203-aac2-5bf692360607 [Leader]\"\n"}
{"Time":"2026-10-10T16:35:36.549662477+08:00","Action":"output","Package":"github.com/hashicorp/raft","Test":"TestAssuranceRealProducerTruncation","Output":"2026-10-10T16:35:36.549+0800 [INFO]  added peer, starting replication: peer=0cd343a9-cee3-3971-4574-2c667312de35\n"}
{"Time":"2026-10-10T16:35:36.549676129+08:00","Action":"output","Package":"github.com/hashicorp/raft","Test":"TestAssuranceRealProducerTruncation","Output":"2026-10-10T16:35:36.549+0800 [INFO]  added peer, starting replication: peer=a99f88f0-ee5a-6821-f5a9-8a4274ccfb0a\n"}
{"Time":"2026-10-10T16:35:36.55006656+08:00","Action":"output","Package":"github.com/hashicorp/raft","Test":"TestAssuranceRealProducerTruncation","Output":"2026-10-10T16:35:36.549+0800 [INFO]  pipelining replication: peer=\"{Voter 0cd343a9-cee3-3971-4574-2c667312de35 0cd343a9-cee3-3971-4574-2c667312de35}\"\n"}
{"Time":"2026-10-10T16:35:36.550106087+08:00","Action":"output","Package":"github.com/hashicorp/raft","Test":"TestAssuranceRealProducerTruncation","Output":"2026-10-10T16:35:36.549+0800 [INFO]  pipelining replication: peer=\"{Voter a99f88f0-ee5a-6821-f5a9-8a4274ccfb0a a99f88f0-ee5a-6821-f5a9-8a4274ccfb0a}\"\n"}
{"Time":"2026-10-10T16:35:36.562861389+08:00","Action":"output","Package":"github.com/hashicorp/raft","Test":"TestAssuranceRealProducerTruncation","Output":"2026-10-10T16:35:36.562+0800 [ERROR] failed to pipeline appendEntries: peer=\"{Voter 0cd343a9-cee3-3971-4574-2c667312de35 0cd343a9-cee3-3971-4574-2c667312de35}\" error=\"append pipeline closed\"\n"}
{"Time":"2026-10-10T16:35:36.562953511+08:00","Action":"output","Package":"github.com/hashicorp/raft","Test":"TestAssuranceRealProducerTruncation","Output":"2026-10-10T16:35:36.562+0800 [INFO]  aborting pipeline replication: peer=\"{Voter 0cd343a9-cee3-3971-4574-2c667312de35 0cd343a9-cee3-3971-4574-2c667312de35}\"\n"}
{"Time":"2026-10-10T16:35:36.562979299+08:00","Action":"output","Package":"github.com/hashicorp/raft","Test":"TestAssuranceRealProducerTruncation","Output":"2026-10-10T16:35:36.562+0800 [ERROR] failed to pipeline appendEntries: peer=\"{Voter a99f88f0-ee5a-6821-f5a9-8a4274ccfb0a a99f88f0-ee5a-6821-f5a9-8a4274ccfb0a}\" error=\"append pipeline closed\"\n"}
{"Time":"2026-10-10T16:35:36.562997944+08:00","Action":"output","Package":"github.com/hashicorp/raft","Test":"TestAssuranceRealProducerTruncation","Output":"2026-10-10T16:35:36.562+0800 [ERROR] failed to heartbeat to: peer=a99f88f0-ee5a-6821-f5a9-8a4274ccfb0a backoff time=10ms error=\"failed to connect to peer: a99f88f0-ee5a-6821-f5a9-8a4274ccfb0a\"\n"}
{"Time":"2026-10-10T16:35:36.563016501+08:00","Action":"output","Package":"github.com/hashicorp/raft","Test":"TestAssuranceRealProducerTruncation","Output":"2026-10-10T16:35:36.562+0800 [INFO]  aborting pipeline replication: peer=\"{Voter a99f88f0-ee5a-6821-f5a9-8a4274ccfb0a a99f88f0-ee5a-6821-f5a9-8a4274ccfb0a}\"\n"}
{"Time":"2026-10-10T16:35:36.563033236+08:00","Action":"output","Package":"github.com/hashicorp/raft","Test":"TestAssuranceRealProducerTruncation","Output":"2026-10-10T16:35:36.562+0800 [ERROR] failed to appendEntries to: peer=\"{Voter a99f88f0-ee5a-6821-f5a9-8a4274ccfb0a a99f88f0-ee5a-6821-f5a9-8a4274ccfb0a}\" error=\"failed to connect to peer: a99f88f0-ee5a-6821-f5a9-8a4274ccfb0a\"\n"}
{"Time":"2026-10-10T16:35:36.563065734+08:00","Action":"output","Package":"github.com/hashicorp/raft","Test":"TestAssuranceRealProducerTruncation","Output":"2026-10-10T16:35:36.562+0800 [ERROR] failed to appendEntries to: peer=\"{Voter 0cd343a9-cee3-3971-4574-2c667312de35 0cd343a9-cee3-3971-4574-2c667312de35}\" error=\"failed to connect to peer: 0cd343a9-cee3-3971-4574-2c667312de35\"\n"}
{"Time":"2026-10-10T16:35:36.5655134+08:00","Action":"output","Package":"github.com/hashicorp/raft","Test":"TestAssuranceRealProducerTruncation","Output":"2026-10-10T16:35:36.565+0800 [ERROR] failed to heartbeat to: peer=0cd343a9-cee3-3971-4574-2c667312de35 backoff time=10ms error=\"failed to connect to peer: 0cd343a9-cee3-3971-4574-2c667312de35\"\n"}
{"Time":"2026-10-10T16:35:36.581341855+08:00","Action":"output","Package":"github.com/hashicorp/raft","Test":"TestAssuranceRealProducerTruncation","Output":"2026-10-10T16:35:36.581+0800 [ERROR] failed to appendEntries to: peer=\"{Voter a99f88f0-ee5a-6821-f5a9-8a4274ccfb0a a99f88f0-ee5a-6821-f5a9-8a4274ccfb0a}\" error=\"failed to connect to peer: a99f88f0-ee5a-6821-f5a9-8a4274ccfb0a\"\n"}
{"Time":"2026-10-10T16:35:36.583477052+08:00","Action":"output","Package":"github.com/hashicorp/raft","Test":"TestAssuranceRealProducerTruncation","Output":"2026-10-10T16:35:36.583+0800 [ERROR] failed to appendEntries to: peer=\"{Voter 0cd343a9-cee3-3971-4574-2c667312de35 0cd343a9-cee3-3971-4574-2c667312de35}\" error=\"failed to connect to peer: 0cd343a9-cee3-3971-4574-2c667312de35\"\n"}
{"Time":"2026-10-10T16:35:36.583501734+08:00","Action":"output","Package":"github.com/hashicorp/raft","Test":"TestAssuranceRealProducerTruncation","Output":"2026-10-10T16:35:36.583+0800 [ERROR] failed to heartbeat to: peer=a99f88f0-ee5a-6821-f5a9-8a4274ccfb0a backoff time=10ms error=\"failed to connect to peer: a99f88f0-ee5a-6821-f5a9-8a4274ccfb0a\"\n"}
{"Time":"2026-10-10T16:35:36.586325275+08:00","Action":"output","Package":"github.com/hashicorp/raft","Test":"TestAssuranceRealProducerTruncation","Output":"2026-10-10T16:35:36.585+0800 [ERROR] failed to heartbeat to: peer=0cd343a9-cee3-3971-4574-2c667312de35 backoff time=10ms error=\"failed to connect to peer: 0cd343a9-cee3-3971-4574-2c667312de35\"\n"}
{"Time":"2026-10-10T16:35:36.601375069+08:00","Action":"output","Package":"github.com/hashicorp/raft","Test":"TestAssuranceRealProducerTruncation","Output":"2026-10-10T16:35:36.601+0800 [ERROR] failed to appendEntries to: peer=\"{Voter a99f88f0-ee5a-6821-f5a9-8a4274ccfb0a a99f88f0-ee5a-6821-f5a9-8a4274ccfb0a}\" error=\"failed to connect to peer: a99f88f0-ee5a-6821-f5a9-8a4274ccfb0a\"\n"}
{"Time":"2026-10-10T16:35:36.602696354+08:00","Action":"output","Package":"github.com/hashicorp/raft","Test":"TestAssuranceRealProducerTruncation","Output":"2026-10-10T16:35:36.602+0800 [ERROR] failed to appendEntries to: peer=\"{Voter 0cd343a9-cee3-3971-4574-2c667312de35 0cd343a9-cee3-3971-4574-2c667312de35}\" error=\"failed to connect to peer: 0cd343a9-cee3-3971-4574-2c667312de35\"\n"}
{"Time":"2026-10-10T16:35:36.605413637+08:00","Action":"output","Package":"github.com/hashicorp/raft","Test":"TestAssuranceRealProducerTruncation","Output":"2026-10-10T16:35:36.604+0800 [ERROR] failed to heartbeat to: peer=a99f88f0-ee5a-6821-f5a9-8a4274ccfb0a backoff time=10ms error=\"failed to connect to peer: a99f88f0-ee5a-6821-f5a9-8a4274ccfb0a\"\n"}
{"Time":"2026-10-10T16:35:36.606364403+08:00","Action":"output","Package":"github.com/hashicorp/raft","Test":"TestAssuranceRealProducerTruncation","Output":"2026-10-10T16:35:36.606+0800 [ERROR] failed to heartbeat to: peer=0cd343a9-cee3-3971-4574-2c667312de35 backoff time=10ms error=\"failed to connect to peer: 0cd343a9-cee3-3971-4574-2c667312de35\"\n"}
{"Time":"2026-10-10T16:35:36.610920694+08:00","Action":"output","Package":"github.com/hashicorp/raft","Test":"TestAssuranceRealProducerTruncation","Output":"2026-10-10T16:35:36.610+0800 [WARN]  failed to contact: server-id=0cd343a9-cee3-3971-4574-2c667312de35 time=52.095629ms\n"}
{"Time":"2026-10-10T16:35:36.611009042+08:00","Action":"output","Package":"github.com/hashicorp/raft","Test":"TestAssuranceRealProducerTruncation","Output":"2026-10-10T16:35:36.610+0800 [WARN]  failed to contact: server-id=a99f88f0-ee5a-6821-f5a9-8a4274ccfb0a time=53.457133ms\n"}
{"Time":"2026-10-10T16:35:36.611030882+08:00","Action":"output","Package":"github.com/hashicorp/raft","Test":"TestAssuranceRealProducerTruncation","Output":"2026-10-10T16:35:36.610+0800 [WARN]  failed to contact quorum of nodes, stepping down\n"}
{"Time":"2026-10-10T16:35:36.611050659+08:00","Action":"output","Package":"github.com/hashicorp/raft","Test":"TestAssuranceRealProducerTruncation","Output":"2026-10-10T16:35:36.610+0800 [INFO]  entering follower state: follower=\"Node at 7e5f7ad1-dc9f-d203-aac2-5bf692360607 [Follower]\" leader-address= leader-id=\n"}
{"Time":"2026-10-10T16:35:36.623825672+08:00","Action":"output","Package":"github.com/hashicorp/raft","Test":"TestAssuranceRealProducerTruncation","Output":"2026-10-10T16:35:36.623+0800 [ERROR] failed to heartbeat to: peer=0cd343a9-cee3-3971-4574-2c667312de35 backoff time=20ms error=\"failed to connect to peer: 0cd343a9-cee3-3971-4574-2c667312de35\"\n"}
{"Time":"2026-10-10T16:35:36.625243847+08:00","Action":"output","Package":"github.com/hashicorp/raft","Test":"TestAssuranceRealProducerTruncation","Output":"2026-10-10T16:35:36.624+0800 [ERROR] failed to heartbeat to: peer=a99f88f0-ee5a-6821-f5a9-8a4274ccfb0a backoff time=20ms error=\"failed to connect to peer: a99f88f0-ee5a-6821-f5a9-8a4274ccfb0a\"\n"}
{"Time":"2026-10-10T16:35:36.629504128+08:00","Action":"output","Package":"github.com/hashicorp/raft","Test":"TestAssuranceRealProducerTruncation","Output":"2026-10-10T16:35:36.629+0800 [ERROR] failed to appendEntries to: peer=\"{Voter a99f88f0-ee5a-6821-f5a9-8a4274ccfb0a a99f88f0-ee5a-6821-f5a9-8a4274ccfb0a}\" error=\"failed to connect to peer: a99f88f0-ee5a-6821-f5a9-8a4274ccfb0a\"\n"}
{"Time":"2026-10-10T16:35:36.631051517+08:00","Action":"output","Package":"github.com/hashicorp/raft","Test":"TestAssuranceRealProducerTruncation","Output":"2026-10-10T16:35:36.630+0800 [ERROR] failed to appendEntries to: peer=\"{Voter 0cd343a9-cee3-3971-4574-2c667312de35 0cd343a9-cee3-3971-4574-2c667312de35}\" error=\"failed to connect to peer: 0cd343a9-cee3-3971-4574-2c667312de35\"\n"}
{"Time":"2026-10-10T16:35:36.643505745+08:00","Action":"output","Package":"github.com/hashicorp/raft","Test":"TestAssuranceRealProducerTruncation","Output":"2026-10-10T16:35:36.643+0800 [WARN]  heartbeat timeout reached, starting election: last-leader-addr=7e5f7ad1-dc9f-d203-aac2-5bf692360607 last-leader-id=7e5f7ad1-dc9f-d203-aac2-5bf692360607\n"}
{"Time":"2026-10-10T16:35:36.643589806+08:00","Action":"output","Package":"github.com/hashicorp/raft","Test":"TestAssuranceRealProducerTruncation","Output":"2026-10-10T16:35:36.643+0800 [INFO]  entering candidate state: node=\"Node at 0cd343a9-cee3-3971-4574-2c667312de35 [Candidate]\" term=3\n"}
{"Time":"2026-10-10T16:35:36.643626526+08:00","Action":"output","Package":"github.com/hashicorp/raft","Test":"TestAssuranceRealProducerTruncation","Output":"2026-10-10T16:35:36.643+0800 [DEBUG] asking for pre-vote: term=3 from=7e5f7ad1-dc9f-d203-aac2-5bf692360607 address=7e5f7ad1-dc9f-d203-aac2-5bf692360607\n"}
{"Time":"2026-10-10T16:35:36.64402214+08:00","Action":"output","Package":"github.com/hashicorp/raft","Test":"TestAssuranceRealProducerTruncation","Output":"2026-10-10T16:35:36.643+0800 [DEBUG] pre-voting for self: term=3 id=0cd343a9-cee3-3971-4574-2c667312de35\n"}
{"Time":"2026-10-10T16:35:36.644045608+08:00","Action":"output","Package":"github.com/hashicorp/raft","Test":"TestAssuranceRealProducerTruncation","Output":"2026-10-10T16:35:36.643+0800 [DEBUG] asking for pre-vote: term=3 from=a99f88f0-ee5a-6821-f5a9-8a4274ccfb0a address=a99f88f0-ee5a-6821-f5a9-8a4274ccfb0a\n"}
{"Time":"2026-10-10T16:35:36.644052182+08:00","Action":"output","Package":"github.com/hashicorp/raft","Test":"TestAssuranceRealProducerTruncation","Output":"2026-10-10T16:35:36.643+0800 [DEBUG] calculated votes needed: needed=2 term=3\n"}
{"Time":"2026-10-10T16:35:36.644057753+08:00","Action":"output","Package":"github.com/hashicorp/raft","Test":"TestAssuranceRealProducerTruncation","Output":"2026-10-10T16:35:36.643+0800 [DEBUG] pre-vote received: from=0cd343a9-cee3-3971-4574-2c667312de35 term=3 tally=0\n"}
{"Time":"2026-10-10T16:35:36.644066537+08:00","Action":"output","Package":"github.com/hashicorp/raft","Test":"TestAssuranceRealProducerTruncation","Output":"2026-10-10T16:35:36.643+0800 [DEBUG] pre-vote granted: from=0cd343a9-cee3-3971-4574-2c667312de35 term=3 tally=1\n"}
{"Time":"2026-10-10T16:35:36.644071083+08:00","Action":"output","Package":"github.com/hashicorp/raft","Test":"TestAssuranceRealProducerTruncation","Output":"2026-10-10T16:35:36.643+0800 [WARN]  rejecting pre-vote request since we have a leader: from=0cd343a9-cee3-3971-4574-2c667312de35 leader=7e5f7ad1-dc9f-d203-aac2-5bf692360607 leader-id=7e5f7ad1-dc9f-d203-aac2-5bf692360607\n"}
{"Time":"2026-10-10T16:35:36.644076212+08:00","Action":"output","Package":"github.com/hashicorp/raft","Test":"TestAssuranceRealProducerTruncation","Output":"2026-10-10T16:35:36.643+0800 [DEBUG] pre-vote received: from=a99f88f0-ee5a-6821-f5a9-8a4274ccfb0a term=2 tally=1\n"}
{"Time":"2026-10-10T16:35:36.644080109+08:00","Action":"output","Package":"github.com/hashicorp/raft","Test":"TestAssuranceRealProducerTruncation","Output":"2026-10-10T16:35:36.643+0800 [DEBUG] pre-vote denied: from=a99f88f0-ee5a-6821-f5a9-8a4274ccfb0a term=2 tally=1\n"}
{"Time":"2026-10-10T16:35:36.644084071+08:00","Action":"output","Package":"github.com/hashicorp/raft","Test":"TestAssuranceRealProducerTruncation","Output":"2026-10-10T16:35:36.643+0800 [ERROR] failed to make requestVote RPC: target=\"{Voter 7e5f7ad1-dc9f-d203-aac2-5bf692360607 7e5f7ad1-dc9f-d203-aac2-5bf692360607}\" error=\"failed to connect to peer: 7e5f7ad1-dc9f-d203-aac2-5bf692360607\" term=3\n"}
{"Time":"2026-10-10T16:35:36.644089624+08:00","Action":"output","Package":"github.com/hashicorp/raft","Test":"TestAssuranceRealProducerTruncation","Output":"2026-10-10T16:35:36.643+0800 [DEBUG] pre-vote received: from=7e5f7ad1-dc9f-d203-aac2-5bf692360607 term=3 tally=1\n"}
{"Time":"2026-10-10T16:35:36.644093581+08:00","Action":"output","Package":"github.com/hashicorp/raft","Test":"TestAssuranceRealProducerTruncation","Output":"2026-10-10T16:35:36.643+0800 [DEBUG] pre-vote denied: from=7e5f7ad1-dc9f-d203-aac2-5bf692360607 term=3 tally=1\n"}
{"Time":"2026-10-10T16:35:36.644122576+08:00","Action":"output","Package":"github.com/hashicorp/raft","Test":"TestAssuranceRealProducerTruncation","Output":"2026-10-10T16:35:36.643+0800 [INFO]  pre-vote campaign failed, waiting for election timeout: term=3 tally=1 refused=2 votesNeeded=2\n"}
{"Time":"2026-10-10T16:35:36.653726663+08:00","Action":"output","Package":"github.com/hashicorp/raft","Test":"TestAssuranceRealProducerTruncation","Output":"2026-10-10T16:35:36.653+0800 [WARN]  heartbeat timeout reached, starting election: last-leader-addr=7e5f7ad1-dc9f-d203-aac2-5bf692360607 last-leader-id=7e5f7ad1-dc9f-d203-aac2-5bf692360607\n"}
{"Time":"2026-10-10T16:35:36.653778198+08:00","Action":"output","Package":"github.com/hashicorp/raft","Test":"TestAssuranceRealProducerTruncation","Output":"2026-10-10T16:35:36.653+0800 [INFO]  entering candidate state: node=\"Node at a99f88f0-ee5a-6821-f5a9-8a4274ccfb0a [Candidate]\" term=3\n"}
{"Time":"2026-10-10T16:35:36.653789906+08:00","Action":"output","Package":"github.com/hashicorp/raft","Test":"TestAssuranceRealProducerTruncation","Output":"2026-10-10T16:35:36.653+0800 [DEBUG] asking for pre-vote: term=3 from=7e5f7ad1-dc9f-d203-aac2-5bf692360607 address=7e5f7ad1-dc9f-d203-aac2-5bf692360607\n"}
{"Time":"2026-10-10T16:35:36.653798517+08:00","Action":"output","Package":"github.com/hashicorp/raft","Test":"TestAssuranceRealProducerTruncation","Output":"2026-10-10T16:35:36.653+0800 [DEBUG] asking for pre-vote: term=3 from=0cd343a9-cee3-3971-4574-2c667312de35 address=0cd343a9-cee3-3971-4574-2c667312de35\n"}
{"Time":"2026-10-10T16:35:36.653806101+08:00","Action":"output","Package":"github.com/hashicorp/raft","Test":"TestAssuranceRealProducerTruncation","Output":"2026-10-10T16:35:36.653+0800 [DEBUG] pre-voting for self: term=3 id=a99f88f0-ee5a-6821-f5a9-8a4274ccfb0a\n"}
{"Time":"2026-10-10T16:35:36.653814271+08:00","Action":"output","Package":"github.com/hashicorp/raft","Test":"TestAssuranceRealProducerTruncation","Output":"2026-10-10T16:35:36.653+0800 [DEBUG] calculated votes needed: needed=2 term=3\n"}
{"Time":"2026-10-10T16:35:36.653822295+08:00","Action":"output","Package":"github.com/hashicorp/raft","Test":"TestAssuranceRealProducerTruncation","Output":"2026-10-10T16:35:36.653+0800 [DEBUG] pre-vote received: from=a99f88f0-ee5a-6821-f5a9-8a4274ccfb0a term=3 tally=0\n"}
{"Time":"2026-10-10T16:35:36.65382967+08:00","Action":"output","Package":"github.com/hashicorp/raft","Test":"TestAssuranceRealProducerTruncation","Output":"2026-10-10T16:35:36.653+0800 [DEBUG] pre-vote granted: from=a99f88f0-ee5a-6821-f5a9-8a4274ccfb0a term=3 tally=1\n"}
{"Time":"2026-10-10T16:35:36.653843817+08:00","Action":"output","Package":"github.com/hashicorp/raft","Test":"TestAssuranceRealProducerTruncation","Output":"2026-10-10T16:35:36.653+0800 [DEBUG] received a requestPreVote with a newer term, grant the pre-vote\n"}
{"Time":"2026-10-10T16:35:36.65385112+08:00","Action":"output","Package":"github.com/hashicorp/raft","Test":"TestAssuranceRealProducerTruncation","Output":"2026-10-10T16:35:36.653+0800 [DEBUG] pre-vote received: from=0cd343a9-cee3-3971-4574-2c667312de35 term=3 tally=1\n"}
{"Time":"2026-10-10T16:35:36.653858146+08:00","Action":"output","Package":"github.com/hashicorp/raft","Test":"TestAssuranceRealProducerTruncation","Output":"2026-10-10T16:35:36.653+0800 [DEBUG] pre-vote granted: from=0cd343a9-cee3-3971-4574-2c667312de35 term=3 tally=2\n"}
{"Time":"2026-10-10T16:35:36.653877917+08:00","Action":"output","Package":"github.com/hashicorp/raft","Test":"TestAssuranceRealProducerTruncation","Output":"2026-10-10T16:35:36.653+0800 [INFO]  pre-vote successful, starting election: term=3 tally=2 refused=0 votesNeeded=2\n"}
{"Time":"2026-10-10T16:35:36.653885528+08:00","Action":"output","Package":"github.com/hashicorp/raft","Test":"TestAssuranceRealProducerTruncation","Output":"2026-10-10T16:35:36.653+0800 [DEBUG] asking for vote: term=3 from=7e5f7ad1-dc9f-d203-aac2-5bf692360607 address=7e5f7ad1-dc9f-d203-aac2-5bf692360607\n"}
{"Time":"2026-10-10T16:35:36.653893736+08:00","Action":"output","Package":"github.com/hashicorp/raft","Test":"TestAssuranceRealProducerTruncation","Output":"2026-10-10T16:35:36.653+0800 [DEBUG] asking for vote: term=3 from=0cd343a9-cee3-3971-4574-2c667312de35 address=0cd343a9-cee3-3971-4574-2c667312de35\n"}
{"Time":"2026-10-10T16:35:36.653914548+08:00","Action":"output","Package":"github.com/hashicorp/raft","Test":"TestAssuranceRealProducerTruncation","Output":"2026-10-10T16:35:36.653+0800 [DEBUG] voting for self: term=3 id=a99f88f0-ee5a-6821-f5a9-8a4274ccfb0a\n"}
{"Time":"2026-10-10T16:35:36.653934988+08:00","Action":"output","Package":"github.com/hashicorp/raft","Test":"TestAssuranceRealProducerTruncation","Output":"2026-10-10T16:35:36.653+0800 [DEBUG] vote granted: from=a99f88f0-ee5a-6821-f5a9-8a4274ccfb0a term=3 tally=1\n"}
{"Time":"2026-10-10T16:35:36.65394267+08:00","Action":"output","Package":"github.com/hashicorp/raft","Test":"TestAssuranceRealProducerTruncation","Output":"2026-10-10T16:35:36.653+0800 [DEBUG] lost leadership because received a requestVote with a newer term\n"}
{"Time":"2026-10-10T16:35:36.653950048+08:00","Action":"output","Package":"github.com/hashicorp/raft","Test":"TestAssuranceRealProducerTruncation","Output":"2026-10-10T16:35:36.653+0800 [INFO]  entering follower state: follower=\"Node at 0cd343a9-cee3-3971-4574-2c667312de35 [Follower]\" leader-address= leader-id=\n"}
{"Time":"2026-10-10T16:35:36.653958291+08:00","Action":"output","Package":"github.com/hashicorp/raft","Test":"TestAssuranceRealProducerTruncation","Output":"2026-10-10T16:35:36.653+0800 [ERROR] failed to make requestVote RPC: target=\"{Voter 7e5f7ad1-dc9f-d203-aac2-5bf692360607 7e5f7ad1-dc9f-d203-aac2-5bf692360607}\" error=\"failed to connect to peer: 7e5f7ad1-dc9f-d203-aac2-5bf692360607\" term=3\n"}
{"Time":"2026-10-10T16:35:36.653968068+08:00","Action":"output","Package":"github.com/hashicorp/raft","Test":"TestAssuranceRealProducerTruncation","Output":"2026-10-10T16:35:36.653+0800 [ERROR] failed to make requestVote RPC: target=\"{Voter 7e5f7ad1-dc9f-d203-aac2-5bf692360607 7e5f7ad1-dc9f-d203-aac2-5bf692360607}\" error=\"failed to connect to peer: 7e5f7ad1-dc9f-d203-aac2-5bf692360607\" term=3\n"}
{"Time":"2026-10-10T16:35:36.653983+08:00","Action":"output","Package":"github.com/hashicorp/raft","Test":"TestAssuranceRealProducerTruncation","Output":"2026-10-10T16:35:36.653+0800 [DEBUG] vote granted: from=0cd343a9-cee3-3971-4574-2c667312de35 term=3 tally=2\n"}
{"Time":"2026-10-10T16:35:36.65399107+08:00","Action":"output","Package":"github.com/hashicorp/raft","Test":"TestAssuranceRealProducerTruncation","Output":"2026-10-10T16:35:36.653+0800 [INFO]  election won: term=3 tally=2\n"}
{"Time":"2026-10-10T16:35:36.653998518+08:00","Action":"output","Package":"github.com/hashicorp/raft","Test":"TestAssuranceRealProducerTruncation","Output":"2026-10-10T16:35:36.653+0800 [INFO]  entering leader state: leader=\"Node at a99f88f0-ee5a-6821-f5a9-8a4274ccfb0a [Leader]\"\n"}
{"Time":"2026-10-10T16:35:36.654005758+08:00","Action":"output","Package":"github.com/hashicorp/raft","Test":"TestAssuranceRealProducerTruncation","Output":"2026-10-10T16:35:36.653+0800 [INFO]  added peer, starting replication: peer=7e5f7ad1-dc9f-d203-aac2-5bf692360607\n"}
{"Time":"2026-10-10T16:35:36.654013138+08:00","Action":"output","Package":"github.com/hashicorp/raft","Test":"TestAssuranceRealProducerTruncation","Output":"2026-10-10T16:35:36.653+0800 [INFO]  added peer, starting replication: peer=0cd343a9-cee3-3971-4574-2c667312de35\n"}
{"Time":"2026-10-10T16:35:36.654127922+08:00","Action":"output","Package":"github.com/hashicorp/raft","Test":"TestAssuranceRealProducerTruncation","Output":"2026-10-10T16:35:36.653+0800 [ERROR] failed to appendEntries to: peer=\"{Voter 7e5f7ad1-dc9f-d203-aac2-5bf692360607 7e5f7ad1-dc9f-d203-aac2-5bf692360607}\" error=\"failed to connect to peer: 7e5f7ad1-dc9f-d203-aac2-5bf692360607\"\n"}
{"Time":"2026-10-10T16:35:36.654198212+08:00","Action":"output","Package":"github.com/hashicorp/raft","Test":"TestAssuranceRealProducerTruncation","Output":"2026-10-10T16:35:36.654+0800 [INFO]  pipelining replication: peer=\"{Voter 0cd343a9-cee3-3971-4574-2c667312de35 0cd343a9-cee3-3971-4574-2c667312de35}\"\n"}
{"Time":"2026-10-10T16:35:36.661249662+08:00","Action":"output","Package":"github.com/hashicorp/raft","Test":"TestAssuranceRealProducerTruncation","Output":"2026-10-10T16:35:36.660+0800 [ERROR] failed to heartbeat to: peer=7e5f7ad1-dc9f-d203-aac2-5bf692360607 backoff time=10ms error=\"failed to connect to peer: 7e5f7ad1-dc9f-d203-aac2-5bf692360607\"\n"}
{"Time":"2026-10-10T16:35:36.665383231+08:00","Action":"output","Package":"github.com/hashicorp/raft","Test":"TestAssuranceRealProducerTruncation","Output":"2026-10-10T16:35:36.665+0800 [ERROR] failed to appendEntries to: peer=\"{Voter 7e5f7ad1-dc9f-d203-aac2-5bf692360607 7e5f7ad1-dc9f-d203-aac2-5bf692360607}\" error=\"failed to connect to peer: 7e5f7ad1-dc9f-d203-aac2-5bf692360607\"\n"}
{"Time":"2026-10-10T16:35:36.680672201+08:00","Action":"output","Package":"github.com/hashicorp/raft","Test":"TestAssuranceRealProducerTruncation","Output":"2026-10-10T16:35:36.680+0800 [ERROR] failed to heartbeat to: peer=7e5f7ad1-dc9f-d203-aac2-5bf692360607 backoff time=10ms error=\"failed to connect to peer: 7e5f7ad1-dc9f-d203-aac2-5bf692360607\"\n"}
{"Time":"2026-10-10T16:35:36.685090482+08:00","Action":"output","Package":"github.com/hashicorp/raft","Test":"TestAssuranceRealProducerTruncation","Output":"2026-10-10T16:35:36.684+0800 [WARN]  heartbeat timeout reached, starting election: last-leader-addr= last-leader-id=\n"}
{"Time":"2026-10-10T16:35:36.685117665+08:00","Action":"output","Package":"github.com/hashicorp/raft","Test":"TestAssuranceRealProducerTruncation","Output":"2026-10-10T16:35:36.685+0800 [INFO]  entering candidate state: node=\"Node at 7e5f7ad1-dc9f-d203-aac2-5bf692360607 [Candidate]\" term=3\n"}
{"Time":"2026-10-10T16:35:36.685123378+08:00","Action":"output","Package":"github.com/hashicorp/raft","Test":"TestAssuranceRealProducerTruncation","Output":"2026-10-10T16:35:36.685+0800 [DEBUG] pre-voting for self: term=3 id=7e5f7ad1-dc9f-d203-aac2-5bf692360607\n"}
{"Time":"2026-10-10T16:35:36.685127069+08:00","Action":"output","Package":"github.com/hashicorp/raft","Test":"TestAssuranceRealProducerTruncation","Output":"2026-10-10T16:35:36.685+0800 [DEBUG] asking for pre-vote: term=3 from=0cd343a9-cee3-3971-4574-2c667312de35 address=0cd343a9-cee3-3971-4574-2c667312de35\n"}
{"Time":"2026-10-10T16:35:36.685130188+08:00","Action":"output","Package":"github.com/hashicorp/raft","Test":"TestAssuranceRealProducerTruncation","Output":"2026-10-10T16:35:36.685+0800 [DEBUG] asking for pre-vote: term=3 from=a99f88f0-ee5a-6821-f5a9-8a4274ccfb0a address=a99f88f0-ee5a-6821-f5a9-8a4274ccfb0a\n"}
{"Time":"2026-10-10T16:35:36.685133245+08:00","Action":"output","Package":"github.com/hashicorp/raft","Test":"TestAssuranceRealProducerTruncation","Output":"2026-10-10T16:35:36.685+0800 [DEBUG] calculated votes needed: needed=2 term=3\n"}
{"Time":"2026-10-10T16:35:36.685136887+08:00","Action":"output","Package":"github.com/hashicorp/raft","Test":"TestAssuranceRealProducerTruncation","Output":"2026-10-10T16:35:36.685+0800 [DEBUG] pre-vote received: from=7e5f7ad1-dc9f-d203-aac2-5bf692360607 term=3 tally=0\n"}
{"Time":"2026-10-10T16:35:36.685139378+08:00","Action":"output","Package":"github.com/hashicorp/raft","Test":"TestAssuranceRealProducerTruncation","Output":"2026-10-10T16:35:36.685+0800 [DEBUG] pre-vote granted: from=7e5f7ad1-dc9f-d203-aac2-5bf692360607 term=3 tally=1\n"}
{"Time":"2026-10-10T16:35:36.685145561+08:00","Action":"output","Package":"github.com/hashicorp/raft","Test":"TestAssuranceRealProducerTruncation","Output":"2026-10-10T16:35:36.685+0800 [ERROR] failed to make requestVote RPC: target=\"{Voter a99f88f0-ee5a-6821-f5a9-8a4274ccfb0a a99f88f0-ee5a-6821-f5a9-8a4274ccfb0a}\" error=\"failed to connect to peer: a99f88f0-ee5a-6821-f5a9-8a4274ccfb0a\" term=3\n"}
{"Time":"2026-10-10T16:35:36.685149361+08:00","Action":"output","Package":"github.com/hashicorp/raft","Test":"TestAssuranceRealProducerTruncation","Output":"2026-10-10T16:35:36.685+0800 [DEBUG] pre-vote received: from=a99f88f0-ee5a-6821-f5a9-8a4274ccfb0a term=3 tally=1\n"}
{"Time":"2026-10-10T16:35:36.685173434+08:00","Action":"output","Package":"github.com/hashicorp/raft","Test":"TestAssuranceRealProducerTruncation","Output":"2026-10-10T16:35:36.685+0800 [DEBUG] pre-vote denied: from=a99f88f0-ee5a-6821-f5a9-8a4274ccfb0a term=3 tally=1\n"}
{"Time":"2026-10-10T16:35:36.685178025+08:00","Action":"output","Package":"github.com/hashicorp/raft","Test":"TestAssuranceRealProducerTruncation","Output":"2026-10-10T16:35:36.685+0800 [ERROR] failed to make requestVote RPC: target=\"{Voter 0cd343a9-cee3-3971-4574-2c667312de35 0cd343a9-cee3-3971-4574-2c667312de35}\" error=\"failed to connect to peer: 0cd343a9-cee3-3971-4574-2c667312de35\" term=3\n"}
{"Time":"2026-10-10T16:35:36.685180806+08:00","Action":"output","Package":"github.com/hashicorp/raft","Test":"TestAssuranceRealProducerTruncation","Output":"2026-10-10T16:35:36.685+0800 [DEBUG] pre-vote received: from=0cd343a9-cee3-3971-4574-2c667312de35 term=3 tally=1\n"}
{"Time":"2026-10-10T16:35:36.685190233+08:00","Action":"output","Package":"github.com/hashicorp/raft","Test":"TestAssuranceRealProducerTruncation","Output":"2026-10-10T16:35:36.685+0800 [DEBUG] pre-vote denied: from=0cd343a9-cee3-3971-4574-2c667312de35 term=3 tally=1\n"}
{"Time":"2026-10-10T16:35:36.685198544+08:00","Action":"output","Package":"github.com/hashicorp/raft","Test":"TestAssuranceRealProducerTruncation","Output":"2026-10-10T16:35:36.685+0800 [INFO]  pre-vote campaign failed, waiting for election timeout: term=3 tally=1 refused=2 votesNeeded=2\n"}
{"Time":"2026-10-10T16:35:36.686469326+08:00","Action":"output","Package":"github.com/hashicorp/raft","Test":"TestAssuranceRealProducerTruncation","Output":"2026-10-10T16:35:36.686+0800 [ERROR] failed to appendEntries to: peer=\"{Voter 7e5f7ad1-dc9f-d203-aac2-5bf692360607 7e5f7ad1-dc9f-d203-aac2-5bf692360607}\" error=\"failed to connect to peer: 7e5f7ad1-dc9f-d203-aac2-5bf692360607\"\n"}
{"Time":"2026-10-10T16:35:36.6980233+08:00","Action":"output","Package":"github.com/hashicorp/raft","Test":"TestAssuranceRealProducerTruncation","Output":"2026-10-10T16:35:36.697+0800 [ERROR] failed to heartbeat to: peer=7e5f7ad1-dc9f-d203-aac2-5bf692360607 backoff time=10ms error=\"failed to connect to peer: 7e5f7ad1-dc9f-d203-aac2-5bf692360607\"\n"}
{"Time":"2026-10-10T16:35:36.70502506+08:00","Action":"output","Package":"github.com/hashicorp/raft","Test":"TestAssuranceRealProducerTruncation","Output":"2026-10-10T16:35:36.704+0800 [WARN]  failed to contact: server-id=7e5f7ad1-dc9f-d203-aac2-5bf692360607 time=50.753643ms\n"}
{"Time":"2026-10-10T16:35:36.714152985+08:00","Action":"output","Package":"github.com/hashicorp/raft","Test":"TestAssuranceRealProducerTruncation","Output":"2026-10-10T16:35:36.713+0800 [ERROR] failed to appendEntries to: peer=\"{Voter 7e5f7ad1-dc9f-d203-aac2-5bf692360607 7e5f7ad1-dc9f-d203-aac2-5bf692360607}\" error=\"failed to connect to peer: 7e5f7ad1-dc9f-d203-aac2-5bf692360607\"\n"}
{"Time":"2026-10-10T16:35:36.716994572+08:00","Action":"output","Package":"github.com/hashicorp/raft","Test":"TestAssuranceRealProducerTruncation","Output":"2026-10-10T16:35:36.716+0800 [ERROR] failed to heartbeat to: peer=7e5f7ad1-dc9f-d203-aac2-5bf692360607 backoff time=20ms error=\"failed to connect to peer: 7e5f7ad1-dc9f-d203-aac2-5bf692360607\"\n"}
{"Time":"2026-10-10T16:35:36.743902032+08:00","Action":"output","Package":"github.com/hashicorp/raft","Test":"TestAssuranceRealProducerTruncation","Output":"2026-10-10T16:35:36.743+0800 [ERROR] failed to heartbeat to: peer=7e5f7ad1-dc9f-d203-aac2-5bf692360607 backoff time=25ms error=\"failed to connect to peer: 7e5f7ad1-dc9f-d203-aac2-5bf692360607\"\n"}
{"Time":"2026-10-10T16:35:36.752283527+08:00","Action":"output","Package":"github.com/hashicorp/raft","Test":"TestAssuranceRealProducerTruncation","Output":"2026-10-10T16:35:36.752+0800 [WARN]  failed to contact: server-id=7e5f7ad1-dc9f-d203-aac2-5bf692360607 time=98.172317ms\n"}
{"Time":"2026-10-10T16:35:36.763886337+08:00","Action":"output","Package":"github.com/hashicorp/raft","Test":"TestAssuranceRealProducerTruncation","Output":"2026-10-10T16:35:36.763+0800 [ERROR] failed to appendEntries to: peer=\"{Voter 7e5f7ad1-dc9f-d203-aac2-5bf692360607 7e5f7ad1-dc9f-d203-aac2-5bf692360607}\" error=\"failed to connect to peer: 7e5f7ad1-dc9f-d203-aac2-5bf692360607\"\n"}
{"Time":"2026-10-10T16:35:36.76972833+08:00","Action":"output","Package":"github.com/hashicorp/raft","Test":"TestAssuranceRealProducerTruncation","Output":"2026-10-10T16:35:36.769+0800 [WARN]  Election timeout reached, restarting election\n"}
{"Time":"2026-10-10T16:35:36.769768362+08:00","Action":"output","Package":"github.com/hashicorp/raft","Test":"TestAssuranceRealProducerTruncation","Output":"2026-10-10T16:35:36.769+0800 [INFO]  entering candidate state: node=\"Node at 7e5f7ad1-dc9f-d203-aac2-5bf692360607 [Candidate]\" term=3\n"}
{"Time":"2026-10-10T16:35:36.769775748+08:00","Action":"output","Package":"github.com/hashicorp/raft","Test":"TestAssuranceRealProducerTruncation","Output":"2026-10-10T16:35:36.769+0800 [DEBUG] pre-voting for self: term=3 id=7e5f7ad1-dc9f-d203-aac2-5bf692360607\n"}
{"Time":"2026-10-10T16:35:36.76978114+08:00","Action":"output","Package":"github.com/hashicorp/raft","Test":"TestAssuranceRealProducerTruncation","Output":"2026-10-10T16:35:36.769+0800 [DEBUG] asking for pre-vote: term=3 from=0cd343a9-cee3-3971-4574-2c667312de35 address=0cd343a9-cee3-3971-4574-2c667312de35\n"}
{"Time":"2026-10-10T16:35:36.769816466+08:00","Action":"output","Package":"github.com/hashicorp/raft","Test":"TestAssuranceRealProducerTruncation","Output":"2026-10-10T16:35:36.769+0800 [DEBUG] asking for pre-vote: term=3 from=a99f88f0-ee5a-6821-f5a9-8a4274ccfb0a address=a99f88f0-ee5a-6821-f5a9-8a4274ccfb0a\n"}
{"Time":"2026-10-10T16:35:36.769821062+08:00","Action":"output","Package":"github.com/hashicorp/raft","Test":"TestAssuranceRealProducerTruncation","Output":"2026-10-10T16:35:36.769+0800 [DEBUG] calculated votes needed: needed=2 term=3\n"}
{"Time":"2026-10-10T16:35:36.769825721+08:00","Action":"output","Package":"github.com/hashicorp/raft","Test":"TestAssuranceRealProducerTruncation","Output":"2026-10-10T16:35:36.769+0800 [DEBUG] pre-vote received: from=7e5f7ad1-dc9f-d203-aac2-5bf692360607 term=3 tally=0\n"}
{"Time":"2026-10-10T16:35:36.769829242+08:00","Action":"output","Package":"github.com/hashicorp/raft","Test":"TestAssuranceRealProducerTruncation","Output":"2026-10-10T16:35:36.769+0800 [DEBUG] pre-vote granted: from=7e5f7ad1-dc9f-d203-aac2-5bf692360607 term=3 tally=1\n"}
{"Time":"2026-10-10T16:35:36.76990346+08:00","Action":"output","Package":"github.com/hashicorp/raft","Test":"TestAssuranceRealProducerTruncation","Output":"2026-10-10T16:35:36.769+0800 [ERROR] failed to make requestVote RPC: target=\"{Voter a99f88f0-ee5a-6821-f5a9-8a4274ccfb0a a99f88f0-ee5a-6821-f5a9-8a4274ccfb0a}\" error=\"failed to connect to peer: a99f88f0-ee5a-6821-f5a9-8a4274ccfb0a\" term=3\n"}
{"Time":"2026-10-10T16:35:36.769911467+08:00","Action":"output","Package":"github.com/hashicorp/raft","Test":"TestAssuranceRealProducerTruncation","Output":"2026-10-10T16:35:36.769+0800 [DEBUG] pre-vote received: from=a99f88f0-ee5a-6821-f5a9-8a4274ccfb0a term=3 tally=1\n"}
{"Time":"2026-10-10T16:35:36.769915316+08:00","Action":"output","Package":"github.com/hashicorp/raft","Test":"TestAssuranceRealProducerTruncation","Output":"2026-10-10T16:35:36.769+0800 [DEBUG] pre-vote denied: from=a99f88f0-ee5a-6821-f5a9-8a4274ccfb0a term=3 tally=1\n"}
{"Time":"2026-10-10T16:35:36.770139459+08:00","Action":"output","Package":"github.com/hashicorp/raft","Test":"TestAssuranceRealProducerTruncation","Output":"2026-10-10T16:35:36.770+0800 [ERROR] failed to make requestVote RPC: target=\"{Voter 0cd343a9-cee3-3971-4574-2c667312de35 0cd343a9-cee3-3971-4574-2c667312de35}\" error=\"failed to connect to peer: 0cd343a9-cee3-3971-4574-2c667312de35\" term=3\n"}
{"Time":"2026-10-10T16:35:36.770201956+08:00","Action":"output","Package":"github.com/hashicorp/raft","Test":"TestAssuranceRealProducerTruncation","Output":"2026-10-10T16:35:36.770+0800 [DEBUG] pre-vote received: from=0cd343a9-cee3-3971-4574-2c667312de35 term=3 tally=1\n"}
{"Time":"2026-10-10T16:35:36.770207384+08:00","Action":"output","Package":"github.com/hashicorp/raft","Test":"TestAssuranceRealProducerTruncation","Output":"2026-10-10T16:35:36.770+0800 [DEBUG] pre-vote denied: from=0cd343a9-cee3-3971-4574-2c667312de35 term=3 tally=1\n"}
{"Time":"2026-10-10T16:35:36.770213305+08:00","Action":"output","Package":"github.com/hashicorp/raft","Test":"TestAssuranceRealProducerTruncation","Output":"2026-10-10T16:35:36.770+0800 [INFO]  pre-vote campaign failed, waiting for election timeout: term=3 tally=1 refused=2 votesNeeded=2\n"}
{"Time":"2026-10-10T16:35:36.778708953+08:00","Action":"output","Package":"github.com/hashicorp/raft","Test":"TestAssuranceRealProducerTruncation","Output":"2026-10-10T16:35:36.778+0800 [ERROR] failed to heartbeat to: peer=7e5f7ad1-dc9f-d203-aac2-5bf692360607 backoff time=25ms error=\"failed to connect to peer: 7e5f7ad1-dc9f-d203-aac2-5bf692360607\"\n"}
{"Time":"2026-10-10T16:35:36.800896307+08:00","Action":"output","Package":"github.com/hashicorp/raft","Test":"TestAssuranceRealProducerTruncation","Output":"2026-10-10T16:35:36.800+0800 [WARN]  failed to contact: server-id=7e5f7ad1-dc9f-d203-aac2-5bf692360607 time=146.8865ms\n"}
{"Time":"2026-10-10T16:35:36.811798437+08:00","Action":"output","Package":"github.com/hashicorp/raft","Test":"TestAssuranceRealProducerTruncation","Output":"2026-10-10T16:35:36.811+0800 [ERROR] failed to heartbeat to: peer=7e5f7ad1-dc9f-d203-aac2-5bf692360607 backoff time=25ms error=\"failed to connect to peer: 7e5f7ad1-dc9f-d203-aac2-5bf692360607\"\n"}
{"Time":"2026-10-10T16:35:36.843953067+08:00","Action":"output","Package":"github.com/hashicorp/raft","Test":"TestAssuranceRealProducerTruncation","Output":"2026-10-10T16:35:36.843+0800 [ERROR] failed to heartbeat to: peer=7e5f7ad1-dc9f-d203-aac2-5bf692360607 backoff time=25ms error=\"failed to connect to peer: 7e5f7ad1-dc9f-d203-aac2-5bf692360607\"\n"}
{"Time":"2026-10-10T16:35:36.849385307+08:00","Action":"output","Package":"github.com/hashicorp/raft","Test":"TestAssuranceRealProducerTruncation","Output":"2026-10-10T16:35:36.848+0800 [DEBUG] failed to contact: server-id=7e5f7ad1-dc9f-d203-aac2-5bf692360607 time=194.991065ms\n"}
{"Time":"2026-10-10T16:35:36.853657668+08:00","Action":"output","Package":"github.com/hashicorp/raft","Test":"TestAssuranceRealProducerTruncation","Output":"2026-10-10T16:35:36.853+0800 [ERROR] failed to appendEntries to: peer=\"{Voter 7e5f7ad1-dc9f-d203-aac2-5bf692360607 7e5f7ad1-dc9f-d203-aac2-5bf692360607}\" error=\"failed to connect to peer: 7e5f7ad1-dc9f-d203-aac2-5bf692360607\"\n"}
{"Time":"2026-10-10T16:35:36.863856253+08:00","Action":"output","Package":"github.com/hashicorp/raft","Test":"TestAssuranceRealProducerTruncation","Output":"2026-10-10T16:35:36.863+0800 [WARN]  Election timeout reached, restarting election\n"}
{"Time":"2026-10-10T16:35:36.863920322+08:00","Action":"output","Package":"github.com/hashicorp/raft","Test":"TestAssuranceRealProducerTruncation","Output":"2026-10-10T16:35:36.863+0800 [INFO]  entering candidate state: node=\"Node at 7e5f7ad1-dc9f-d203-aac2-5bf692360607 [Candidate]\" term=3\n"}
{"Time":"2026-10-10T16:35:36.863936709+08:00","Action":"output","Package":"github.com/hashicorp/raft","Test":"TestAssuranceRealProducerTruncation","Output":"2026-10-10T16:35:36.863+0800 [DEBUG] pre-voting for self: term=3 id=7e5f7ad1-dc9f-d203-aac2-5bf692360607\n"}
{"Time":"2026-10-10T16:35:36.863949356+08:00","Action":"output","Package":"github.com/hashicorp/raft","Test":"TestAssuranceRealProducerTruncation","Output":"2026-10-10T16:35:36.863+0800 [DEBUG] asking for pre-vote: term=3 from=0cd343a9-cee3-3971-4574-2c667312de35 address=0cd343a9-cee3-3971-4574-2c667312de35\n"}
{"Time":"2026-10-10T16:35:36.863977591+08:00","Action":"output","Package":"github.com/hashicorp/raft","Test":"TestAssuranceRealProducerTruncation","Output":"2026-10-10T16:35:36.863+0800 [DEBUG] asking for pre-vote: term=3 from=a99f88f0-ee5a-6821-f5a9-8a4274ccfb0a address=a99f88f0-ee5a-6821-f5a9-8a4274ccfb0a\n"}
{"Time":"2026-10-10T16:35:36.863988212+08:00","Action":"output","Package":"github.com/hashicorp/raft","Test":"TestAssuranceRealProducerTruncation","Output":"2026-10-10T16:35:36.863+0800 [DEBUG] calculated votes needed: needed=2 term=3\n"}
{"Time":"2026-10-10T16:35:36.863998535+08:00","Action":"output","Package":"github.com/hashicorp/raft","Test":"TestAssuranceRealProducerTruncation","Output":"2026-10-10T16:35:36.863+0800 [DEBUG] pre-vote received: from=7e5f7ad1-dc9f-d203-aac2-5bf692360607 term=3 tally=0\n"}
{"Time":"2026-10-10T16:35:36.86400749+08:00","Action":"output","Package":"github.com/hashicorp/raft","Test":"TestAssuranceRealProducerTruncation","Output":"2026-10-10T16:35:36.863+0800 [DEBUG] pre-vote granted: from=7e5f7ad1-dc9f-d203-aac2-5bf692360607 term=3 tally=1\n"}
{"Time":"2026-10-10T16:35:36.86401763+08:00","Action":"output","Package":"github.com/hashicorp/raft","Test":"TestAssuranceRealProducerTruncation","Output":"2026-10-10T16:35:36.863+0800 [ERROR] failed to make requestVote RPC: target=\"{Voter 0cd343a9-cee3-3971-4574-2c667312de35 0cd343a9-cee3-3971-4574-2c667312de35}\" error=\"failed to connect to peer: 0cd343a9-cee3-3971-4574-2c667312de35\" term=3\n"}
{"Time":"2026-10-10T16:35:36.864031269+08:00","Action":"output","Package":"github.com/hashicorp/raft","Test":"TestAssuranceRealProducerTruncation","Output":"2026-10-10T16:35:36.863+0800 [ERROR] failed to make requestVote RPC: target=\"{Voter a99f88f0-ee5a-6821-f5a9-8a4274ccfb0a a99f88f0-ee5a-6821-f5a9-8a4274ccfb0a}\" error=\"failed to connect to peer: a99f88f0-ee5a-6821-f5a9-8a4274ccfb0a\" term=3\n"}
{"Time":"2026-10-10T16:35:36.8640431+08:00","Action":"output","Package":"github.com/hashicorp/raft","Test":"TestAssuranceRealProducerTruncation","Output":"2026-10-10T16:35:36.863+0800 [DEBUG] pre-vote received: from=0cd343a9-cee3-3971-4574-2c667312de35 term=3 tally=1\n"}
{"Time":"2026-10-10T16:35:36.864053387+08:00","Action":"output","Package":"github.com/hashicorp/raft","Test":"TestAssuranceRealProducerTruncation","Output":"2026-10-10T16:35:36.863+0800 [DEBUG] pre-vote denied: from=0cd343a9-cee3-3971-4574-2c667312de35 term=3 tally=1\n"}
{"Time":"2026-10-10T16:35:36.864073008+08:00","Action":"output","Package":"github.com/hashicorp/raft","Test":"TestAssuranceRealProducerTruncation","Output":"2026-10-10T16:35:36.863+0800 [DEBUG] pre-vote received: from=a99f88f0-ee5a-6821-f5a9-8a4274ccfb0a term=3 tally=1\n"}
{"Time":"2026-10-10T16:35:36.864084934+08:00","Action":"output","Package":"github.com/hashicorp/raft","Test":"TestAssuranceRealProducerTruncation","Output":"2026-10-10T16:35:36.863+0800 [DEBUG] pre-vote denied: from=a99f88f0-ee5a-6821-f5a9-8a4274ccfb0a term=3 tally=1\n"}
{"Time":"2026-10-10T16:35:36.864108431+08:00","Action":"output","Package":"github.com/hashicorp/raft","Test":"TestAssuranceRealProducerTruncation","Output":"2026-10-10T16:35:36.863+0800 [INFO]  pre-vote campaign failed, waiting for election timeout: term=3 tally=1 refused=2 votesNeeded=2\n"}
{"Time":"2026-10-10T16:35:36.877541197+08:00","Action":"output","Package":"github.com/hashicorp/raft","Test":"TestAssuranceRealProducerTruncation","Output":"2026-10-10T16:35:36.877+0800 [ERROR] failed to heartbeat to: peer=7e5f7ad1-dc9f-d203-aac2-5bf692360607 backoff time=25ms error=\"failed to connect to peer: 7e5f7ad1-dc9f-d203-aac2-5bf692360607\"\n"}
{"Time":"2026-10-10T16:35:36.897753794+08:00","Action":"output","Package":"github.com/hashicorp/raft","Test":"TestAssuranceRealProducerTruncation","Output":"2026-10-10T16:35:36.897+0800 [DEBUG] failed to contact: server-id=7e5f7ad1-dc9f-d203-aac2-5bf692360607 time=243.706398ms\n"}
{"Time":"2026-10-10T16:35:36.910834346+08:00","Action":"output","Package":"github.com/hashicorp/raft","Test":"TestAssuranceRealProducerTruncation","Output":"2026-10-10T16:35:36.910+0800 [ERROR] failed to appendEntries to: peer=\"{Voter 7c0280d9-8fea-1a65-ef08-2816a428ac8e 7c0280d9-8fea-1a65-ef08-2816a428ac8e}\" error=\"command timed out\"\n"}
{"Time":"2026-10-10T16:35:36.913356718+08:00","Action":"output","Package":"github.com/hashicorp/raft","Test":"TestAssuranceRealProducerTruncation","Output":"2026-10-10T16:35:36.913+0800 [ERROR] failed to heartbeat to: peer=7e5f7ad1-dc9f-d203-aac2-5bf692360607 backoff time=25ms error=\"failed to connect to peer: 7e5f7ad1-dc9f-d203-aac2-5bf692360607\"\n"}
{"Time":"2026-10-10T16:35:36.920264926+08:00","Action":"output","Package":"github.com/hashicorp/raft","Test":"TestAssuranceRealProducerTruncation","Output":"2026-10-10T16:35:36.919+0800 [ERROR] failed to heartbeat to: peer=7c0280d9-8fea-1a65-ef08-2816a428ac8e backoff time=10ms error=\"command timed out\"\n"}
{"Time":"2026-10-10T16:35:36.945512538+08:00","Action":"output","Package":"github.com/hashicorp/raft","Test":"TestAssuranceRealProducerTruncation","Output":"2026-10-10T16:35:36.945+0800 [ERROR] failed to heartbeat to: peer=7e5f7ad1-dc9f-d203-aac2-5bf692360607 backoff time=25ms error=\"failed to connect to peer: 7e5f7ad1-dc9f-d203-aac2-5bf692360607\"\n"}
{"Time":"2026-10-10T16:35:36.947670372+08:00","Action":"output","Package":"github.com/hashicorp/raft","Test":"TestAssuranceRealProducerTruncation","Output":"2026-10-10T16:35:36.947+0800 [DEBUG] failed to contact: server-id=7e5f7ad1-dc9f-d203-aac2-5bf692360607 time=293.625075ms\n"}
{"Time":"2026-10-10T16:35:36.963510973+08:00","Action":"output","Package":"github.com/hashicorp/raft","Test":"TestAssuranceRealProducerTruncation","Output":"2026-10-10T16:35:36.963+0800 [WARN]  Election timeout reached, restarting election\n"}
{"Time":"2026-10-10T16:35:36.963560553+08:00","Action":"output","Package":"github.com/hashicorp/raft","Test":"TestAssuranceRealProducerTruncation","Output":"2026-10-10T16:35:36.963+0800 [INFO]  entering candidate state: node=\"Node at 7e5f7ad1-dc9f-d203-aac2-5bf692360607 [Candidate]\" term=3\n"}
{"Time":"2026-10-10T16:35:36.963570861+08:00","Action":"output","Package":"github.com/hashicorp/raft","Test":"TestAssuranceRealProducerTruncation","Output":"2026-10-10T16:35:36.963+0800 [DEBUG] pre-voting for self: term=3 id=7e5f7ad1-dc9f-d203-aac2-5bf692360607\n"}
{"Time":"2026-10-10T16:35:36.963578127+08:00","Action":"output","Package":"github.com/hashicorp/raft","Test":"TestAssuranceRealProducerTruncation","Output":"2026-10-10T16:35:36.963+0800 [DEBUG] asking for pre-vote: term=3 from=0cd343a9-cee3-3971-4574-2c667312de35 address=0cd343a9-cee3-3971-4574-2c667312de35\n"}
{"Time":"2026-10-10T16:35:36.963584256+08:00","Action":"output","Package":"github.com/hashicorp/raft","Test":"TestAssuranceRealProducerTruncation","Output":"2026-10-10T16:35:36.963+0800 [DEBUG] asking for pre-vote: term=3 from=a99f88f0-ee5a-6821-f5a9-8a4274ccfb0a address=a99f88f0-ee5a-6821-f5a9-8a4274ccfb0a\n"}
{"Time":"2026-10-10T16:35:36.963589538+08:00","Action":"output","Package":"github.com/hashicorp/raft","Test":"TestAssuranceRealProducerTruncation","Output":"2026-10-10T16:35:36.963+0800 [DEBUG] calculated votes needed: needed=2 term=3\n"}
{"Time":"2026-10-10T16:35:36.963595402+08:00","Action":"output","Package":"github.com/hashicorp/raft","Test":"TestAssuranceRealProducerTruncation","Output":"2026-10-10T16:35:36.963+0800 [DEBUG] pre-vote received: from=7e5f7ad1-dc9f-d203-aac2-5bf692360607 term=3 tally=0\n"}
{"Time":"2026-10-10T16:35:36.963862425+08:00","Action":"output","Package":"github.com/hashicorp/raft","Test":"TestAssuranceRealProducerTruncation","Output":"2026-10-10T16:35:36.963+0800 [DEBUG] pre-vote granted: from=7e5f7ad1-dc9f-d203-aac2-5bf692360607 term=3 tally=1\n"}
{"Time":"2026-10-10T16:35:36.963877196+08:00","Action":"output","Package":"github.com/hashicorp/raft","Test":"TestAssuranceRealProducerTruncation","Output":"2026-10-10T16:35:36.963+0800 [ERROR] failed to make requestVote RPC: target=\"{Voter a99f88f0-ee5a-6821-f5a9-8a4274ccfb0a a99f88f0-ee5a-6821-f5a9-8a4274ccfb0a}\" error=\"failed to connect to peer: a99f88f0-ee5a-6821-f5a9-8a4274ccfb0a\" term=3\n"}
{"Time":"2026-10-10T16:35:36.963884982+08:00","Action":"output","Package":"github.com/hashicorp/raft","Test":"TestAssuranceRealProducerTruncation","Output":"2026-10-10T16:35:36.963+0800 [DEBUG] pre-vote received: from=a99f88f0-ee5a-6821-f5a9-8a4274ccfb0a term=3 tally=1\n"}
{"Time":"2026-10-10T16:35:36.963890251+08:00","Action":"output","Package":"github.com/hashicorp/raft","Test":"TestAssuranceRealProducerTruncation","Output":"2026-10-10T16:35:36.963+0800 [DEBUG] pre-vote denied: from=a99f88f0-ee5a-6821-f5a9-8a4274ccfb0a term=3 tally=1\n"}
{"Time":"2026-10-10T16:35:36.96390606+08:00","Action":"output","Package":"github.com/hashicorp/raft","Test":"TestAssuranceRealProducerTruncation","Output":"2026-10-10T16:35:36.963+0800 [ERROR] failed to make requestVote RPC: target=\"{Voter 0cd343a9-cee3-3971-4574-2c667312de35 0cd343a9-cee3-3971-4574-2c667312de35}\" error=\"failed to connect to peer: 0cd343a9-cee3-3971-4574-2c667312de35\" term=3\n"}
{"Time":"2026-10-10T16:35:36.963912259+08:00","Action":"output","Package":"github.com/hashicorp/raft","Test":"TestAssuranceRealProducerTruncation","Output":"2026-10-10T16:35:36.963+0800 [DEBUG] pre-vote received: from=0cd343a9-cee3-3971-4574-2c667312de35 term=3 tally=1\n"}
{"Time":"2026-10-10T16:35:36.963917455+08:00","Action":"output","Package":"github.com/hashicorp/raft","Test":"TestAssuranceRealProducerTruncation","Output":"2026-10-10T16:35:36.963+0800 [DEBUG] pre-vote denied: from=0cd343a9-cee3-3971-4574-2c667312de35 term=3 tally=1\n"}
{"Time":"2026-10-10T16:35:36.963931363+08:00","Action":"output","Package":"github.com/hashicorp/raft","Test":"TestAssuranceRealProducerTruncation","Output":"2026-10-10T16:35:36.963+0800 [INFO]  pre-vote campaign failed, waiting for election timeout: term=3 tally=1 refused=2 votesNeeded=2\n"}
{"Time":"2026-10-10T16:35:36.979903894+08:00","Action":"output","Package":"github.com/hashicorp/raft","Test":"TestAssuranceRealProducerTruncation","Output":"2026-10-10T16:35:36.979+0800 [INFO]  entering follower state: follower=\"Node at 7e5f7ad1-dc9f-d203-aac2-5bf692360607 [Follower]\" leader-address=a99f88f0-ee5a-6821-f5a9-8a4274ccfb0a leader-id=a99f88f0-ee5a-6821-f5a9-8a4274ccfb0a\n"}
{"Time":"2026-10-10T16:35:37.024856861+08:00","Action":"output","Package":"github.com/hashicorp/raft","Test":"TestAssuranceRealProducerTruncation","Output":"2026-10-10T16:35:37.024+0800 [WARN]  clearing log suffix: from=3 to=5\n"}
{"Time":"2026-10-10T16:35:37.024915857+08:00","Action":"output","Package":"github.com/hashicorp/raft","Test":"TestAssuranceRealProducerTruncation","Output":"2026-10-10T16:35:37.024+0800 [ERROR] failed to append to logs: error=\"injected LogStore.StoreLogs failure\"\n"}
{"Time":"2026-10-10T16:35:37.025590764+08:00","Action":"output","Package":"github.com/hashicorp/raft","Test":"TestAssuranceRealProducerTruncation","Output":"2026-10-10T16:35:37.025+0800 [WARN]  appendEntries rejected, sending older logs: peer=\"{Voter 7e5f7ad1-dc9f-d203-aac2-5bf692360607 7e5f7ad1-dc9f-d203-aac2-5bf692360607}\" next=2\n"}
{"Time":"2026-10-10T16:35:37.346970987+08:00","Action":"output","Package":"github.com/hashicorp/raft","Test":"TestAssuranceRealProducerTruncation","Output":"2026-10-10T16:35:37.346+0800 [WARN]  failed to get log entry: index=3 error=\"log not found\"\n"}
{"Time":"2026-10-10T16:35:37.347050876+08:00","Action":"output","Package":"github.com/hashicorp/raft","Test":"TestAssuranceRealProducerTruncation","Output":"2026-10-10T16:35:37.346+0800 [WARN]  appendEntries rejected, sending older logs: peer=\"{Voter 7e5f7ad1-dc9f-d203-aac2-5bf692360607 7e5f7ad1-dc9f-d203-aac2-5bf692360607}\" next=1\n"}
{"Time":"2026-10-10T16:35:37.776388528+08:00","Action":"output","Package":"github.com/hashicorp/raft","Test":"TestAssuranceRealProducerTruncation","Output":"CA_EVENT {\"cached_ahead_of_durable\":true,\"cached_last_index_after\":5,\"durable_last_index_after\":2,\"event\":\"real_producer_truncation\",\"getlog_at_cached_err\":\"log not found\",\"isolated_cached_last_index\":4,\"node\":\"7e5f7ad1-dc9f-d203-aac2-5bf692360607\",\"reported_last_index\":5,\"state\":\"Follower\",\"termination\":true}\n"}
{"Time":"2026-10-10T16:35:37.776547025+08:00","Action":"output","Package":"github.com/hashicorp/raft","Test":"TestAssuranceRealProducerTruncation","Output":"--- PASS: TestAssuranceRealProducerTruncation (1.29s)\n"}
{"Time":"2026-10-10T16:35:37.776577276+08:00","Action":"pass","Package":"github.com/hashicorp/raft","Test":"TestAssuranceRealProducerTruncation","Elapsed":1.29}
{"Time":"2026-10-10T16:35:37.776612676+08:00","Action":"run","Package":"github.com/hashicorp/raft","Test":"TestAssurancePublicConfigurationIndex"}
{"Time":"2026-10-10T16:35:37.776631836+08:00","Action":"output","Package":"github.com/hashicorp/raft","Test":"TestAssurancePublicConfigurationIndex","Output":"=== RUN   TestAssurancePublicConfigurationIndex\n"}
{"Time":"2026-10-10T16:35:37.776877395+08:00","Action":"output","Package":"github.com/hashicorp/raft","Test":"TestAssurancePublicConfigurationIndex","Output":"2026-10-10T16:35:37.776+0800 [INFO]  aborting pipeline replication: peer=\"{Voter 0cd343a9-cee3-3971-4574-2c667312de35 0cd343a9-cee3-3971-4574-2c667312de35}\"\n"}
{"Time":"2026-10-10T16:35:37.776978677+08:00","Action":"output","Package":"github.com/hashicorp/raft","Test":"TestAssurancePublicConfigurationIndex","Output":"2026-10-10T16:35:37.776+0800 [INFO]  initial configuration: index=1 servers=\"[{Suffrage:Voter ID:dadc462d-688a-cb3c-eabc-dead24872cd3 Address:dadc462d-688a-cb3c-eabc-dead24872cd3}]\"\n"}
{"Time":"2026-10-10T16:35:37.777006975+08:00","Action":"output","Package":"github.com/hashicorp/raft","Test":"TestAssurancePublicConfigurationIndex","Output":"2026-10-10T16:35:37.776+0800 [INFO]  entering follower state: follower=\"Node at dadc462d-688a-cb3c-eabc-dead24872cd3 [Follower]\" leader-address= leader-id=\n"}
{"Time":"2026-10-10T16:35:37.838913876+08:00","Action":"output","Package":"github.com/hashicorp/raft","Test":"TestAssurancePublicConfigurationIndex","Output":"2026-10-10T16:35:37.837+0800 [WARN]  heartbeat timeout reached, starting election: last-leader-addr= last-leader-id=\n"}
{"Time":"2026-10-10T16:35:37.839014907+08:00","Action":"output","Package":"github.com/hashicorp/raft","Test":"TestAssurancePublicConfigurationIndex","Output":"2026-10-10T16:35:37.837+0800 [INFO]  entering candidate state: node=\"Node at dadc462d-688a-cb3c-eabc-dead24872cd3 [Candidate]\" term=2\n"}
{"Time":"2026-10-10T16:35:37.839043057+08:00","Action":"output","Package":"github.com/hashicorp/raft","Test":"TestAssurancePublicConfigurationIndex","Output":"2026-10-10T16:35:37.838+0800 [DEBUG] pre-voting for self: term=2 id=dadc462d-688a-cb3c-eabc-dead24872cd3\n"}
{"Time":"2026-10-10T16:35:37.839089573+08:00","Action":"output","Package":"github.com/hashicorp/raft","Test":"TestAssurancePublicConfigurationIndex","Output":"2026-10-10T16:35:37.838+0800 [DEBUG] calculated votes needed: needed=1 term=2\n"}
{"Time":"2026-10-10T16:35:37.839110649+08:00","Action":"output","Package":"github.com/hashicorp/raft","Test":"TestAssurancePublicConfigurationIndex","Output":"2026-10-10T16:35:37.838+0800 [DEBUG] pre-vote received: from=dadc462d-688a-cb3c-eabc-dead24872cd3 term=2 tally=0\n"}
{"Time":"2026-10-10T16:35:37.839126067+08:00","Action":"output","Package":"github.com/hashicorp/raft","Test":"TestAssurancePublicConfigurationIndex","Output":"2026-10-10T16:35:37.838+0800 [DEBUG] pre-vote granted: from=dadc462d-688a-cb3c-eabc-dead24872cd3 term=2 tally=1\n"}
{"Time":"2026-10-10T16:35:37.839211878+08:00","Action":"output","Package":"github.com/hashicorp/raft","Test":"TestAssurancePublicConfigurationIndex","Output":"2026-10-10T16:35:37.838+0800 [INFO]  pre-vote successful, starting election: term=2 tally=1 refused=0 votesNeeded=1\n"}
{"Time":"2026-10-10T16:35:37.839228021+08:00","Action":"output","Package":"github.com/hashicorp/raft","Test":"TestAssurancePublicConfigurationIndex","Output":"2026-10-10T16:35:37.838+0800 [DEBUG] voting for self: term=2 id=dadc462d-688a-cb3c-eabc-dead24872cd3\n"}
{"Time":"2026-10-10T16:35:37.839242561+08:00","Action":"output","Package":"github.com/hashicorp/raft","Test":"TestAssurancePublicConfigurationIndex","Output":"2026-10-10T16:35:37.838+0800 [DEBUG] vote granted: from=dadc462d-688a-cb3c-eabc-dead24872cd3 term=2 tally=1\n"}
{"Time":"2026-10-10T16:35:37.839257104+08:00","Action":"output","Package":"github.com/hashicorp/raft","Test":"TestAssurancePublicConfigurationIndex","Output":"2026-10-10T16:35:37.838+0800 [INFO]  election won: term=2 tally=1\n"}
{"Time":"2026-10-10T16:35:37.839271651+08:00","Action":"output","Package":"github.com/hashicorp/raft","Test":"TestAssurancePublicConfigurationIndex","Output":"2026-10-10T16:35:37.838+0800 [INFO]  entering leader state: leader=\"Node at dadc462d-688a-cb3c-eabc-dead24872cd3 [Leader]\"\n"}
{"Time":"2026-10-10T16:35:37.841505869+08:00","Action":"output","Package":"github.com/hashicorp/raft","Test":"TestAssurancePublicConfigurationIndex","Output":"2026-10-10T16:35:37.840+0800 [INFO]  updating configuration: command=AddNonvoter server-id=extra server-addr=extra-addr servers=\"[{Suffrage:Voter ID:dadc462d-688a-cb3c-eabc-dead24872cd3 Address:dadc462d-688a-cb3c-eabc-dead24872cd3} {Suffrage:Nonvoter ID:extra Address:extra-addr}]\"\n"}
{"Time":"2026-10-10T16:35:37.841579002+08:00","Action":"output","Package":"github.com/hashicorp/raft","Test":"TestAssurancePublicConfigurationIndex","Output":"2026-10-10T16:35:37.841+0800 [INFO]  added peer, starting replication: peer=extra\n"}
{"Time":"2026-10-10T16:35:37.841610518+08:00","Action":"output","Package":"github.com/hashicorp/raft","Test":"TestAssurancePublicConfigurationIndex","Output":"CA_EVENT {\"add_nonvoter_error\":\"\\u003cnil\\u003e\",\"add_nonvoter_index\":4,\"event\":\"public_configuration_index\",\"index_reported_as_zero\":true,\"indexes_disagree\":true,\"internal_config_index\":4,\"internal_servers\":[\"dadc462d-688a-cb3c-eabc-dead24872cd3/dadc462d-688a-cb3c-eabc-dead24872cd3/Voter\",\"extra/extra-addr/Nonvoter\"],\"public_config_index\":0,\"public_servers\":[\"dadc462d-688a-cb3c-eabc-dead24872cd3/dadc462d-688a-cb3c-eabc-dead24872cd3/Voter\",\"extra/extra-addr/Nonvoter\"]}\n"}
{"Time":"2026-10-10T16:35:37.841842371+08:00","Action":"output","Package":"github.com/hashicorp/raft","Test":"TestAssurancePublicConfigurationIndex","Output":"2026-10-10T16:35:37.841+0800 [ERROR] failed to appendEntries to: peer=\"{Nonvoter extra extra-addr}\" error=\"failed to connect to peer: extra-addr\"\n"}
{"Time":"2026-10-10T16:35:37.842173421+08:00","Action":"output","Package":"github.com/hashicorp/raft","Test":"TestAssurancePublicConfigurationIndex","Output":"--- PASS: TestAssurancePublicConfigurationIndex (0.07s)\n"}
{"Time":"2026-10-10T16:35:37.842199562+08:00","Action":"pass","Package":"github.com/hashicorp/raft","Test":"TestAssurancePublicConfigurationIndex","Elapsed":0.07}
{"Time":"2026-10-10T16:35:37.842598556+08:00","Action":"output","Package":"github.com/hashicorp/raft","Output":"PASS\n"}
{"Time":"2026-10-10T16:35:37.845599091+08:00","Action":"output","Package":"github.com/hashicorp/raft","Output":"ok  \tgithub.com/hashicorp/raft\t3.916s\n"}
{"Time":"2026-10-10T16:35:37.845664859+08:00","Action":"pass","Package":"github.com/hashicorp/raft","Elapsed":3.917}
