=== RUN   TestRaft_ProtocolVersion_Upgrade_1_2
2026-10-08T13:21:03.066+0800 [DEBUG] cluster: fully connecting
2026-10-08T13:21:03.066+0800 [INFO]  4d728b79-9492-f26b-d2cf-4e02fccdfbbc: initial configuration: index=1 servers="[{Suffrage:Voter ID:4d728b79-9492-f26b-d2cf-4e02fccdfbbc Address:4d728b79-9492-f26b-d2cf-4e02fccdfbbc} {Suffrage:Voter ID:3842c320-d3b5-f429-5c68-45bbac909bb4 Address:3842c320-d3b5-f429-5c68-45bbac909bb4}]"
2026-10-08T13:21:03.066+0800 [INFO]  3842c320-d3b5-f429-5c68-45bbac909bb4: initial configuration: index=1 servers="[{Suffrage:Voter ID:4d728b79-9492-f26b-d2cf-4e02fccdfbbc Address:4d728b79-9492-f26b-d2cf-4e02fccdfbbc} {Suffrage:Voter ID:3842c320-d3b5-f429-5c68-45bbac909bb4 Address:3842c320-d3b5-f429-5c68-45bbac909bb4}]"
2026-10-08T13:21:03.067+0800 [DEBUG] cluster: fully connecting
2026-10-08T13:21:03.067+0800 [INFO]  6df5772e-188d-09ae-da80-c56b95a230b8: initial configuration: index=0 servers=[]
2026-10-08T13:21:03.067+0800 [DEBUG] cluster: fully connecting
2026-10-08T13:21:03.067+0800 [INFO]  3842c320-d3b5-f429-5c68-45bbac909bb4: entering follower state: follower="Node at 3842c320-d3b5-f429-5c68-45bbac909bb4 [Follower]" leader-address= leader-id=
2026-10-08T13:21:03.067+0800 [INFO]  6df5772e-188d-09ae-da80-c56b95a230b8: entering follower state: follower="Node at 6df5772e-188d-09ae-da80-c56b95a230b8 [Follower]" leader-address= leader-id=
2026-10-08T13:21:03.067+0800 [INFO]  4d728b79-9492-f26b-d2cf-4e02fccdfbbc: entering follower state: follower="Node at 4d728b79-9492-f26b-d2cf-4e02fccdfbbc [Follower]" leader-address= leader-id=
2026-10-08T13:21:03.067+0800 [INFO]  cluster: starting stability test: raft-state=Leader
2026-10-08T13:21:03.141+0800 [WARN]  3842c320-d3b5-f429-5c68-45bbac909bb4: heartbeat timeout reached, starting election: last-leader-addr= last-leader-id=
2026-10-08T13:21:03.141+0800 [INFO]  3842c320-d3b5-f429-5c68-45bbac909bb4: entering candidate state: node="Node at 3842c320-d3b5-f429-5c68-45bbac909bb4 [Candidate]" term=2
2026-10-08T13:21:03.141+0800 [DEBUG] 3842c320-d3b5-f429-5c68-45bbac909bb4: asking for pre-vote: term=2 from=4d728b79-9492-f26b-d2cf-4e02fccdfbbc address=4d728b79-9492-f26b-d2cf-4e02fccdfbbc
2026-10-08T13:21:03.141+0800 [DEBUG] 3842c320-d3b5-f429-5c68-45bbac909bb4: pre-voting for self: term=2 id=3842c320-d3b5-f429-5c68-45bbac909bb4
2026-10-08T13:21:03.141+0800 [DEBUG] 3842c320-d3b5-f429-5c68-45bbac909bb4: calculated votes needed: needed=2 term=2
2026-10-08T13:21:03.141+0800 [DEBUG] 4d728b79-9492-f26b-d2cf-4e02fccdfbbc: received a requestPreVote with a newer term, grant the pre-vote
2026-10-08T13:21:03.141+0800 [DEBUG] cluster: resetting stability timeout
2026-10-08T13:21:03.141+0800 [DEBUG] 3842c320-d3b5-f429-5c68-45bbac909bb4: pre-vote received: from=3842c320-d3b5-f429-5c68-45bbac909bb4 term=2 tally=0
2026-10-08T13:21:03.141+0800 [DEBUG] 3842c320-d3b5-f429-5c68-45bbac909bb4: pre-vote granted: from=3842c320-d3b5-f429-5c68-45bbac909bb4 term=2 tally=1
2026-10-08T13:21:03.141+0800 [DEBUG] 3842c320-d3b5-f429-5c68-45bbac909bb4: pre-vote received: from=4d728b79-9492-f26b-d2cf-4e02fccdfbbc term=2 tally=1
2026-10-08T13:21:03.141+0800 [DEBUG] 3842c320-d3b5-f429-5c68-45bbac909bb4: pre-vote granted: from=4d728b79-9492-f26b-d2cf-4e02fccdfbbc term=2 tally=2
2026-10-08T13:21:03.141+0800 [INFO]  3842c320-d3b5-f429-5c68-45bbac909bb4: pre-vote successful, starting election: term=2 tally=2 refused=0 votesNeeded=2
2026-10-08T13:21:03.141+0800 [DEBUG] 3842c320-d3b5-f429-5c68-45bbac909bb4: asking for vote: term=2 from=4d728b79-9492-f26b-d2cf-4e02fccdfbbc address=4d728b79-9492-f26b-d2cf-4e02fccdfbbc
2026-10-08T13:21:03.141+0800 [DEBUG] 3842c320-d3b5-f429-5c68-45bbac909bb4: voting for self: term=2 id=3842c320-d3b5-f429-5c68-45bbac909bb4
2026-10-08T13:21:03.141+0800 [DEBUG] 3842c320-d3b5-f429-5c68-45bbac909bb4: vote granted: from=3842c320-d3b5-f429-5c68-45bbac909bb4 term=2 tally=1
2026-10-08T13:21:03.141+0800 [DEBUG] 4d728b79-9492-f26b-d2cf-4e02fccdfbbc: lost leadership because received a requestVote with a newer term
2026-10-08T13:21:03.141+0800 [DEBUG] 3842c320-d3b5-f429-5c68-45bbac909bb4: vote granted: from=4d728b79-9492-f26b-d2cf-4e02fccdfbbc term=2 tally=2
2026-10-08T13:21:03.141+0800 [INFO]  3842c320-d3b5-f429-5c68-45bbac909bb4: election won: term=2 tally=2
2026-10-08T13:21:03.141+0800 [INFO]  3842c320-d3b5-f429-5c68-45bbac909bb4: entering leader state: leader="Node at 3842c320-d3b5-f429-5c68-45bbac909bb4 [Leader]"
2026-10-08T13:21:03.141+0800 [INFO]  3842c320-d3b5-f429-5c68-45bbac909bb4: added peer, starting replication: peer=4d728b79-9492-f26b-d2cf-4e02fccdfbbc
2026-10-08T13:21:03.141+0800 [DEBUG] cluster: resetting stability timeout
2026-10-08T13:21:03.141+0800 [DEBUG] cluster: resetting stability timeout
2026-10-08T13:21:03.141+0800 [INFO]  3842c320-d3b5-f429-5c68-45bbac909bb4: pipelining replication: peer="{Voter 4d728b79-9492-f26b-d2cf-4e02fccdfbbc 4d728b79-9492-f26b-d2cf-4e02fccdfbbc}"
2026-10-08T13:21:03.149+0800 [WARN]  6df5772e-188d-09ae-da80-c56b95a230b8: no known peers, aborting election
2026-10-08T13:21:03.247+0800 [INFO]  cluster: stable state for Leader reached at 2026-10-08 13:21:03.141897543 +0800 CST m=+0.077216592 (1 nodes), highestTerm is 2, 74.666509ms from start of poll, 74.990395ms from cluster start. Timeout at 2026-10-08 13:21:03.246899394 +0800 CST m=+0.182218442, 105.00185ms after stability
2026-10-08T13:21:03.247+0800 [INFO]  cluster: starting stability test: raft-state=Leader
2026-10-08T13:21:03.352+0800 [INFO]  cluster: stable state for Leader reached at 2026-10-08 13:21:03.247479202 +0800 CST m=+0.182798245 (1 nodes), highestTerm is 2, 82ns from start of poll, 180.572048ms from cluster start. Timeout at 2026-10-08 13:21:03.352481422 +0800 CST m=+0.287800470, 105.002225ms after stability
2026-10-08T13:21:03.352+0800 [INFO]  cluster: starting stability test: raft-state=Leader
2026-10-08T13:21:03.457+0800 [INFO]  cluster: stable state for Leader reached at 2026-10-08 13:21:03.352694134 +0800 CST m=+0.288013181 (1 nodes), highestTerm is 2, 105ns from start of poll, 285.786984ms from cluster start. Timeout at 2026-10-08 13:21:03.457696499 +0800 CST m=+0.393015548, 105.002367ms after stability
2026-10-08T13:21:03.458+0800 [INFO]  3842c320-d3b5-f429-5c68-45bbac909bb4: updating configuration: command=AddVoter server-id=6df5772e-188d-09ae-da80-c56b95a230b8 server-addr=6df5772e-188d-09ae-da80-c56b95a230b8 servers="[{Suffrage:Voter ID:4d728b79-9492-f26b-d2cf-4e02fccdfbbc Address:4d728b79-9492-f26b-d2cf-4e02fccdfbbc} {Suffrage:Voter ID:3842c320-d3b5-f429-5c68-45bbac909bb4 Address:3842c320-d3b5-f429-5c68-45bbac909bb4} {Suffrage:Voter ID:6df5772e-188d-09ae-da80-c56b95a230b8 Address:6df5772e-188d-09ae-da80-c56b95a230b8}]"
2026-10-08T13:21:03.458+0800 [INFO]  3842c320-d3b5-f429-5c68-45bbac909bb4: added peer, starting replication: peer=6df5772e-188d-09ae-da80-c56b95a230b8
2026-10-08T13:21:03.458+0800 [WARN]  6df5772e-188d-09ae-da80-c56b95a230b8: failed to get previous log: previous-index=3 last-index=0 error="log not found"
2026-10-08T13:21:03.458+0800 [WARN]  3842c320-d3b5-f429-5c68-45bbac909bb4: appendEntries rejected, sending older logs: peer="{Voter 6df5772e-188d-09ae-da80-c56b95a230b8 6df5772e-188d-09ae-da80-c56b95a230b8}" next=1
2026-10-08T13:21:03.458+0800 [INFO]  3842c320-d3b5-f429-5c68-45bbac909bb4: pipelining replication: peer="{Voter 6df5772e-188d-09ae-da80-c56b95a230b8 6df5772e-188d-09ae-da80-c56b95a230b8}"
2026-10-08T13:21:03.463+0800 [INFO]  cluster: starting stability test: raft-state=Leader
2026-10-08T13:21:03.569+0800 [INFO]  cluster: stable state for Leader reached at 2026-10-08 13:21:03.46355218 +0800 CST m=+0.398871224 (1 nodes), highestTerm is 2, 227ns from start of poll, 396.645027ms from cluster start. Timeout at 2026-10-08 13:21:03.568554306 +0800 CST m=+0.503873354, 105.00213ms after stability
2026-10-08T13:21:03.569+0800 [INFO]  cluster: starting stability test: raft-state=Leader
2026-10-08T13:21:03.675+0800 [INFO]  cluster: stable state for Leader reached at 2026-10-08 13:21:03.569347846 +0800 CST m=+0.504666890 (1 nodes), highestTerm is 2, 78ns from start of poll, 502.440693ms from cluster start. Timeout at 2026-10-08 13:21:03.674351189 +0800 CST m=+0.609670235, 105.003345ms after stability
2026-10-08T13:21:03.675+0800 [INFO]  3842c320-d3b5-f429-5c68-45bbac909bb4: updating configuration: command=RemoveServer server-id=6df5772e-188d-09ae-da80-c56b95a230b8 server-addr= servers="[{Suffrage:Voter ID:4d728b79-9492-f26b-d2cf-4e02fccdfbbc Address:4d728b79-9492-f26b-d2cf-4e02fccdfbbc} {Suffrage:Voter ID:3842c320-d3b5-f429-5c68-45bbac909bb4 Address:3842c320-d3b5-f429-5c68-45bbac909bb4}]"
2026-10-08T13:21:03.675+0800 [INFO]  3842c320-d3b5-f429-5c68-45bbac909bb4: removed peer, stopping replication: peer=6df5772e-188d-09ae-da80-c56b95a230b8 last-index=4
2026-10-08T13:21:03.675+0800 [INFO]  3842c320-d3b5-f429-5c68-45bbac909bb4: aborting pipeline replication: peer="{Voter 6df5772e-188d-09ae-da80-c56b95a230b8 6df5772e-188d-09ae-da80-c56b95a230b8}"
2026-10-08T13:21:03.675+0800 [INFO]  3842c320-d3b5-f429-5c68-45bbac909bb4: aborting pipeline replication: peer="{Voter 4d728b79-9492-f26b-d2cf-4e02fccdfbbc 4d728b79-9492-f26b-d2cf-4e02fccdfbbc}"
--- PASS: TestRaft_ProtocolVersion_Upgrade_1_2 (0.61s)
=== RUN   TestRaft_ProtocolVersion_Upgrade_2_3
2026-10-08T13:21:03.676+0800 [DEBUG] cluster: fully connecting
2026-10-08T13:21:03.676+0800 [INFO]  4c8970f4-7e9f-2232-20d8-40ac977eed6a: initial configuration: index=1 servers="[{Suffrage:Voter ID:4c8970f4-7e9f-2232-20d8-40ac977eed6a Address:4c8970f4-7e9f-2232-20d8-40ac977eed6a} {Suffrage:Voter ID:17168542-6776-5a94-6b50-019f22a7848f Address:17168542-6776-5a94-6b50-019f22a7848f}]"
2026-10-08T13:21:03.676+0800 [INFO]  4c8970f4-7e9f-2232-20d8-40ac977eed6a: entering follower state: follower="Node at 4c8970f4-7e9f-2232-20d8-40ac977eed6a [Follower]" leader-address= leader-id=
2026-10-08T13:21:03.676+0800 [INFO]  17168542-6776-5a94-6b50-019f22a7848f: initial configuration: index=1 servers="[{Suffrage:Voter ID:4c8970f4-7e9f-2232-20d8-40ac977eed6a Address:4c8970f4-7e9f-2232-20d8-40ac977eed6a} {Suffrage:Voter ID:17168542-6776-5a94-6b50-019f22a7848f Address:17168542-6776-5a94-6b50-019f22a7848f}]"
2026-10-08T13:21:03.676+0800 [INFO]  cluster: starting stability test: raft-state=Follower
2026-10-08T13:21:03.676+0800 [INFO]  17168542-6776-5a94-6b50-019f22a7848f: entering follower state: follower="Node at 17168542-6776-5a94-6b50-019f22a7848f [Follower]" leader-address= leader-id=
2026-10-08T13:21:03.736+0800 [WARN]  17168542-6776-5a94-6b50-019f22a7848f: heartbeat timeout reached, starting election: last-leader-addr= last-leader-id=
2026-10-08T13:21:03.736+0800 [INFO]  17168542-6776-5a94-6b50-019f22a7848f: entering candidate state: node="Node at 17168542-6776-5a94-6b50-019f22a7848f [Candidate]" term=2
2026-10-08T13:21:03.736+0800 [DEBUG] 17168542-6776-5a94-6b50-019f22a7848f: asking for pre-vote: term=2 from=4c8970f4-7e9f-2232-20d8-40ac977eed6a address=4c8970f4-7e9f-2232-20d8-40ac977eed6a
2026-10-08T13:21:03.736+0800 [DEBUG] 17168542-6776-5a94-6b50-019f22a7848f: pre-voting for self: term=2 id=17168542-6776-5a94-6b50-019f22a7848f
2026-10-08T13:21:03.736+0800 [DEBUG] 17168542-6776-5a94-6b50-019f22a7848f: calculated votes needed: needed=2 term=2
2026-10-08T13:21:03.736+0800 [DEBUG] 17168542-6776-5a94-6b50-019f22a7848f: pre-vote received: from=17168542-6776-5a94-6b50-019f22a7848f term=2 tally=0
2026-10-08T13:21:03.736+0800 [DEBUG] 17168542-6776-5a94-6b50-019f22a7848f: pre-vote granted: from=17168542-6776-5a94-6b50-019f22a7848f term=2 tally=1
2026-10-08T13:21:03.736+0800 [DEBUG] 4c8970f4-7e9f-2232-20d8-40ac977eed6a: received a requestPreVote with a newer term, grant the pre-vote
2026-10-08T13:21:03.736+0800 [DEBUG] 17168542-6776-5a94-6b50-019f22a7848f: pre-vote received: from=4c8970f4-7e9f-2232-20d8-40ac977eed6a term=2 tally=1
2026-10-08T13:21:03.736+0800 [DEBUG] 17168542-6776-5a94-6b50-019f22a7848f: pre-vote granted: from=4c8970f4-7e9f-2232-20d8-40ac977eed6a term=2 tally=2
2026-10-08T13:21:03.736+0800 [INFO]  17168542-6776-5a94-6b50-019f22a7848f: pre-vote successful, starting election: term=2 tally=2 refused=0 votesNeeded=2
2026-10-08T13:21:03.736+0800 [DEBUG] 17168542-6776-5a94-6b50-019f22a7848f: asking for vote: term=2 from=4c8970f4-7e9f-2232-20d8-40ac977eed6a address=4c8970f4-7e9f-2232-20d8-40ac977eed6a
2026-10-08T13:21:03.736+0800 [DEBUG] 17168542-6776-5a94-6b50-019f22a7848f: voting for self: term=2 id=17168542-6776-5a94-6b50-019f22a7848f
2026-10-08T13:21:03.736+0800 [DEBUG] 17168542-6776-5a94-6b50-019f22a7848f: vote granted: from=17168542-6776-5a94-6b50-019f22a7848f term=2 tally=1
2026-10-08T13:21:03.736+0800 [DEBUG] 4c8970f4-7e9f-2232-20d8-40ac977eed6a: lost leadership because received a requestVote with a newer term
2026-10-08T13:21:03.736+0800 [DEBUG] 17168542-6776-5a94-6b50-019f22a7848f: vote granted: from=4c8970f4-7e9f-2232-20d8-40ac977eed6a term=2 tally=2
2026-10-08T13:21:03.736+0800 [INFO]  17168542-6776-5a94-6b50-019f22a7848f: election won: term=2 tally=2
2026-10-08T13:21:03.736+0800 [INFO]  17168542-6776-5a94-6b50-019f22a7848f: entering leader state: leader="Node at 17168542-6776-5a94-6b50-019f22a7848f [Leader]"
2026-10-08T13:21:03.736+0800 [INFO]  17168542-6776-5a94-6b50-019f22a7848f: added peer, starting replication: peer=4c8970f4-7e9f-2232-20d8-40ac977eed6a
2026-10-08T13:21:03.736+0800 [INFO]  17168542-6776-5a94-6b50-019f22a7848f: pipelining replication: peer="{Voter 4c8970f4-7e9f-2232-20d8-40ac977eed6a 4c8970f4-7e9f-2232-20d8-40ac977eed6a}"
2026-10-08T13:21:03.736+0800 [DEBUG] cluster: resetting stability timeout
2026-10-08T13:21:03.736+0800 [DEBUG] cluster: resetting stability timeout
2026-10-08T13:21:03.736+0800 [DEBUG] cluster: resetting stability timeout
2026-10-08T13:21:03.841+0800 [INFO]  cluster: stable state for Follower reached at 2026-10-08 13:21:03.736409083 +0800 CST m=+0.671728132 (1 nodes), highestTerm is 2, 60.215209ms from start of poll, 60.384677ms from cluster start. Timeout at 2026-10-08 13:21:03.841410934 +0800 CST m=+0.776729991, 105.001859ms after stability
2026-10-08T13:21:03.841+0800 [DEBUG] cluster: fully connecting
2026-10-08T13:21:03.841+0800 [INFO]  server-3f805e29-4764-8c33-24ab-39f470cfaa92: initial configuration: index=0 servers=[]
2026-10-08T13:21:03.841+0800 [DEBUG] cluster: fully connecting
2026-10-08T13:21:03.841+0800 [INFO]  cluster: starting stability test: raft-state=Leader
2026-10-08T13:21:03.841+0800 [INFO]  server-3f805e29-4764-8c33-24ab-39f470cfaa92: entering follower state: follower="Node at 3f805e29-4764-8c33-24ab-39f470cfaa92 [Follower]" leader-address= leader-id=
2026-10-08T13:21:03.935+0800 [WARN]  server-3f805e29-4764-8c33-24ab-39f470cfaa92: no known peers, aborting election
2026-10-08T13:21:03.947+0800 [INFO]  cluster: stable state for Leader reached at 2026-10-08 13:21:03.841965693 +0800 CST m=+0.777284737 (1 nodes), highestTerm is 2, 110ns from start of poll, 165.941282ms from cluster start. Timeout at 2026-10-08 13:21:03.946969687 +0800 CST m=+0.882288736, 105.003999ms after stability
2026-10-08T13:21:03.947+0800 [INFO]  17168542-6776-5a94-6b50-019f22a7848f: updating configuration: command=AddVoter server-id=server-3f805e29-4764-8c33-24ab-39f470cfaa92 server-addr=3f805e29-4764-8c33-24ab-39f470cfaa92 servers="[{Suffrage:Voter ID:4c8970f4-7e9f-2232-20d8-40ac977eed6a Address:4c8970f4-7e9f-2232-20d8-40ac977eed6a} {Suffrage:Voter ID:17168542-6776-5a94-6b50-019f22a7848f Address:17168542-6776-5a94-6b50-019f22a7848f} {Suffrage:Voter ID:server-3f805e29-4764-8c33-24ab-39f470cfaa92 Address:3f805e29-4764-8c33-24ab-39f470cfaa92}]"
2026-10-08T13:21:03.947+0800 [INFO]  17168542-6776-5a94-6b50-019f22a7848f: added peer, starting replication: peer=server-3f805e29-4764-8c33-24ab-39f470cfaa92
2026-10-08T13:21:03.947+0800 [WARN]  server-3f805e29-4764-8c33-24ab-39f470cfaa92: failed to get previous log: previous-index=3 last-index=0 error="log not found"
2026-10-08T13:21:03.947+0800 [WARN]  17168542-6776-5a94-6b50-019f22a7848f: appendEntries rejected, sending older logs: peer="{Voter server-3f805e29-4764-8c33-24ab-39f470cfaa92 3f805e29-4764-8c33-24ab-39f470cfaa92}" next=1
2026-10-08T13:21:03.947+0800 [INFO]  17168542-6776-5a94-6b50-019f22a7848f: pipelining replication: peer="{Voter server-3f805e29-4764-8c33-24ab-39f470cfaa92 3f805e29-4764-8c33-24ab-39f470cfaa92}"
2026-10-08T13:21:03.947+0800 [INFO]  cluster: starting stability test: raft-state=Leader
2026-10-08T13:21:04.052+0800 [INFO]  cluster: stable state for Leader reached at 2026-10-08 13:21:03.947743018 +0800 CST m=+0.883062065 (1 nodes), highestTerm is 2, 98ns from start of poll, 271.71861ms from cluster start. Timeout at 2026-10-08 13:21:04.052750212 +0800 CST m=+0.988069357, 105.007292ms after stability
2026-10-08T13:21:04.052+0800 [INFO]  cluster: starting stability test: raft-state=Leader
2026-10-08T13:21:04.158+0800 [INFO]  cluster: stable state for Leader reached at 2026-10-08 13:21:04.052921449 +0800 CST m=+0.988240492 (1 nodes), highestTerm is 2, 74ns from start of poll, 376.897037ms from cluster start. Timeout at 2026-10-08 13:21:04.157924353 +0800 CST m=+1.093243401, 105.002909ms after stability
2026-10-08T13:21:04.158+0800 [INFO]  17168542-6776-5a94-6b50-019f22a7848f: updating configuration: command=RemoveServer server-id=4c8970f4-7e9f-2232-20d8-40ac977eed6a server-addr= servers="[{Suffrage:Voter ID:17168542-6776-5a94-6b50-019f22a7848f Address:17168542-6776-5a94-6b50-019f22a7848f} {Suffrage:Voter ID:server-3f805e29-4764-8c33-24ab-39f470cfaa92 Address:3f805e29-4764-8c33-24ab-39f470cfaa92}]"
2026-10-08T13:21:04.158+0800 [INFO]  17168542-6776-5a94-6b50-019f22a7848f: removed peer, stopping replication: peer=4c8970f4-7e9f-2232-20d8-40ac977eed6a last-index=4
2026-10-08T13:21:04.158+0800 [INFO]  17168542-6776-5a94-6b50-019f22a7848f: aborting pipeline replication: peer="{Voter 4c8970f4-7e9f-2232-20d8-40ac977eed6a 4c8970f4-7e9f-2232-20d8-40ac977eed6a}"
2026-10-08T13:21:04.158+0800 [INFO]  17168542-6776-5a94-6b50-019f22a7848f: aborting pipeline replication: peer="{Voter server-3f805e29-4764-8c33-24ab-39f470cfaa92 3f805e29-4764-8c33-24ab-39f470cfaa92}"
--- PASS: TestRaft_ProtocolVersion_Upgrade_2_3 (0.48s)
=== RUN   TestRaft_ProtocolVersion_Upgrade_1_2
2026-10-08T13:21:04.160+0800 [DEBUG] cluster: fully connecting
2026-10-08T13:21:04.160+0800 [INFO]  d975d9ec-d28f-d87e-13c8-0a96cb6b7c89: initial configuration: index=1 servers="[{Suffrage:Voter ID:d975d9ec-d28f-d87e-13c8-0a96cb6b7c89 Address:d975d9ec-d28f-d87e-13c8-0a96cb6b7c89} {Suffrage:Voter ID:4d27e8eb-c340-1b36-6043-0b6c2f24dd05 Address:4d27e8eb-c340-1b36-6043-0b6c2f24dd05}]"
2026-10-08T13:21:04.160+0800 [INFO]  4d27e8eb-c340-1b36-6043-0b6c2f24dd05: initial configuration: index=1 servers="[{Suffrage:Voter ID:d975d9ec-d28f-d87e-13c8-0a96cb6b7c89 Address:d975d9ec-d28f-d87e-13c8-0a96cb6b7c89} {Suffrage:Voter ID:4d27e8eb-c340-1b36-6043-0b6c2f24dd05 Address:4d27e8eb-c340-1b36-6043-0b6c2f24dd05}]"
2026-10-08T13:21:04.160+0800 [INFO]  d975d9ec-d28f-d87e-13c8-0a96cb6b7c89: entering follower state: follower="Node at d975d9ec-d28f-d87e-13c8-0a96cb6b7c89 [Follower]" leader-address= leader-id=
2026-10-08T13:21:04.160+0800 [INFO]  4d27e8eb-c340-1b36-6043-0b6c2f24dd05: entering follower state: follower="Node at 4d27e8eb-c340-1b36-6043-0b6c2f24dd05 [Follower]" leader-address= leader-id=
2026-10-08T13:21:04.160+0800 [DEBUG] cluster: fully connecting
2026-10-08T13:21:04.160+0800 [INFO]  b3b2c5dd-58a6-6027-8316-7f27dfdb4566: initial configuration: index=0 servers=[]
2026-10-08T13:21:04.160+0800 [DEBUG] cluster: fully connecting
2026-10-08T13:21:04.160+0800 [INFO]  cluster: starting stability test: raft-state=Leader
2026-10-08T13:21:04.160+0800 [INFO]  b3b2c5dd-58a6-6027-8316-7f27dfdb4566: entering follower state: follower="Node at b3b2c5dd-58a6-6027-8316-7f27dfdb4566 [Follower]" leader-address= leader-id=
2026-10-08T13:21:04.218+0800 [WARN]  4d27e8eb-c340-1b36-6043-0b6c2f24dd05: heartbeat timeout reached, starting election: last-leader-addr= last-leader-id=
2026-10-08T13:21:04.218+0800 [INFO]  4d27e8eb-c340-1b36-6043-0b6c2f24dd05: entering candidate state: node="Node at 4d27e8eb-c340-1b36-6043-0b6c2f24dd05 [Candidate]" term=2
2026-10-08T13:21:04.218+0800 [DEBUG] 4d27e8eb-c340-1b36-6043-0b6c2f24dd05: asking for pre-vote: term=2 from=d975d9ec-d28f-d87e-13c8-0a96cb6b7c89 address=d975d9ec-d28f-d87e-13c8-0a96cb6b7c89
2026-10-08T13:21:04.218+0800 [DEBUG] 4d27e8eb-c340-1b36-6043-0b6c2f24dd05: pre-voting for self: term=2 id=4d27e8eb-c340-1b36-6043-0b6c2f24dd05
2026-10-08T13:21:04.218+0800 [DEBUG] 4d27e8eb-c340-1b36-6043-0b6c2f24dd05: calculated votes needed: needed=2 term=2
2026-10-08T13:21:04.218+0800 [DEBUG] 4d27e8eb-c340-1b36-6043-0b6c2f24dd05: pre-vote received: from=4d27e8eb-c340-1b36-6043-0b6c2f24dd05 term=2 tally=0
2026-10-08T13:21:04.218+0800 [DEBUG] 4d27e8eb-c340-1b36-6043-0b6c2f24dd05: pre-vote granted: from=4d27e8eb-c340-1b36-6043-0b6c2f24dd05 term=2 tally=1
2026-10-08T13:21:04.218+0800 [DEBUG] d975d9ec-d28f-d87e-13c8-0a96cb6b7c89: received a requestPreVote with a newer term, grant the pre-vote
2026-10-08T13:21:04.218+0800 [DEBUG] 4d27e8eb-c340-1b36-6043-0b6c2f24dd05: pre-vote received: from=d975d9ec-d28f-d87e-13c8-0a96cb6b7c89 term=2 tally=1
2026-10-08T13:21:04.218+0800 [DEBUG] 4d27e8eb-c340-1b36-6043-0b6c2f24dd05: pre-vote granted: from=d975d9ec-d28f-d87e-13c8-0a96cb6b7c89 term=2 tally=2
2026-10-08T13:21:04.218+0800 [INFO]  4d27e8eb-c340-1b36-6043-0b6c2f24dd05: pre-vote successful, starting election: term=2 tally=2 refused=0 votesNeeded=2
2026-10-08T13:21:04.218+0800 [DEBUG] 4d27e8eb-c340-1b36-6043-0b6c2f24dd05: asking for vote: term=2 from=d975d9ec-d28f-d87e-13c8-0a96cb6b7c89 address=d975d9ec-d28f-d87e-13c8-0a96cb6b7c89
2026-10-08T13:21:04.218+0800 [DEBUG] 4d27e8eb-c340-1b36-6043-0b6c2f24dd05: voting for self: term=2 id=4d27e8eb-c340-1b36-6043-0b6c2f24dd05
2026-10-08T13:21:04.218+0800 [DEBUG] 4d27e8eb-c340-1b36-6043-0b6c2f24dd05: vote granted: from=4d27e8eb-c340-1b36-6043-0b6c2f24dd05 term=2 tally=1
2026-10-08T13:21:04.219+0800 [DEBUG] d975d9ec-d28f-d87e-13c8-0a96cb6b7c89: lost leadership because received a requestVote with a newer term
2026-10-08T13:21:04.219+0800 [DEBUG] 4d27e8eb-c340-1b36-6043-0b6c2f24dd05: vote granted: from=d975d9ec-d28f-d87e-13c8-0a96cb6b7c89 term=2 tally=2
2026-10-08T13:21:04.219+0800 [INFO]  4d27e8eb-c340-1b36-6043-0b6c2f24dd05: election won: term=2 tally=2
2026-10-08T13:21:04.219+0800 [INFO]  4d27e8eb-c340-1b36-6043-0b6c2f24dd05: entering leader state: leader="Node at 4d27e8eb-c340-1b36-6043-0b6c2f24dd05 [Leader]"
2026-10-08T13:21:04.219+0800 [INFO]  4d27e8eb-c340-1b36-6043-0b6c2f24dd05: added peer, starting replication: peer=d975d9ec-d28f-d87e-13c8-0a96cb6b7c89
2026-10-08T13:21:04.219+0800 [INFO]  4d27e8eb-c340-1b36-6043-0b6c2f24dd05: pipelining replication: peer="{Voter d975d9ec-d28f-d87e-13c8-0a96cb6b7c89 d975d9ec-d28f-d87e-13c8-0a96cb6b7c89}"
2026-10-08T13:21:04.219+0800 [DEBUG] cluster: resetting stability timeout
2026-10-08T13:21:04.219+0800 [DEBUG] cluster: resetting stability timeout
2026-10-08T13:21:04.219+0800 [DEBUG] cluster: resetting stability timeout
2026-10-08T13:21:04.259+0800 [WARN]  b3b2c5dd-58a6-6027-8316-7f27dfdb4566: no known peers, aborting election
2026-10-08T13:21:04.325+0800 [INFO]  cluster: stable state for Leader reached at 2026-10-08 13:21:04.219104642 +0800 CST m=+1.154423692 (1 nodes), highestTerm is 2, 58.826361ms from start of poll, 58.994081ms from cluster start. Timeout at 2026-10-08 13:21:04.324105841 +0800 CST m=+1.259424890, 105.001198ms after stability
2026-10-08T13:21:04.325+0800 [INFO]  cluster: starting stability test: raft-state=Leader
2026-10-08T13:21:04.430+0800 [INFO]  cluster: stable state for Leader reached at 2026-10-08 13:21:04.325052169 +0800 CST m=+1.260371217 (1 nodes), highestTerm is 2, 80ns from start of poll, 164.941606ms from cluster start. Timeout at 2026-10-08 13:21:04.430054356 +0800 CST m=+1.365373405, 105.002188ms after stability
2026-10-08T13:21:04.430+0800 [INFO]  cluster: starting stability test: raft-state=Leader
2026-10-08T13:21:04.536+0800 [INFO]  cluster: stable state for Leader reached at 2026-10-08 13:21:04.430758458 +0800 CST m=+1.366077507 (1 nodes), highestTerm is 2, 194ns from start of poll, 270.647896ms from cluster start. Timeout at 2026-10-08 13:21:04.535778188 +0800 CST m=+1.471097319, 105.019812ms after stability
2026-10-08T13:21:04.536+0800 [INFO]  4d27e8eb-c340-1b36-6043-0b6c2f24dd05: updating configuration: command=AddVoter server-id=b3b2c5dd-58a6-6027-8316-7f27dfdb4566 server-addr=b3b2c5dd-58a6-6027-8316-7f27dfdb4566 servers="[{Suffrage:Voter ID:d975d9ec-d28f-d87e-13c8-0a96cb6b7c89 Address:d975d9ec-d28f-d87e-13c8-0a96cb6b7c89} {Suffrage:Voter ID:4d27e8eb-c340-1b36-6043-0b6c2f24dd05 Address:4d27e8eb-c340-1b36-6043-0b6c2f24dd05} {Suffrage:Voter ID:b3b2c5dd-58a6-6027-8316-7f27dfdb4566 Address:b3b2c5dd-58a6-6027-8316-7f27dfdb4566}]"
2026-10-08T13:21:04.536+0800 [INFO]  4d27e8eb-c340-1b36-6043-0b6c2f24dd05: added peer, starting replication: peer=b3b2c5dd-58a6-6027-8316-7f27dfdb4566
2026-10-08T13:21:04.536+0800 [WARN]  b3b2c5dd-58a6-6027-8316-7f27dfdb4566: failed to get previous log: previous-index=3 last-index=0 error="log not found"
2026-10-08T13:21:04.536+0800 [WARN]  4d27e8eb-c340-1b36-6043-0b6c2f24dd05: appendEntries rejected, sending older logs: peer="{Voter b3b2c5dd-58a6-6027-8316-7f27dfdb4566 b3b2c5dd-58a6-6027-8316-7f27dfdb4566}" next=1
2026-10-08T13:21:04.536+0800 [INFO]  4d27e8eb-c340-1b36-6043-0b6c2f24dd05: pipelining replication: peer="{Voter b3b2c5dd-58a6-6027-8316-7f27dfdb4566 b3b2c5dd-58a6-6027-8316-7f27dfdb4566}"
    testing.go:705: peer mismatch: {Servers:[{Suffrage:Voter ID:d975d9ec-d28f-d87e-13c8-0a96cb6b7c89 Address:d975d9ec-d28f-d87e-13c8-0a96cb6b7c89} {Suffrage:Voter ID:4d27e8eb-c340-1b36-6043-0b6c2f24dd05 Address:4d27e8eb-c340-1b36-6043-0b6c2f24dd05}]} {Servers:[{Suffrage:Voter ID:d975d9ec-d28f-d87e-13c8-0a96cb6b7c89 Address:d975d9ec-d28f-d87e-13c8-0a96cb6b7c89} {Suffrage:Voter ID:4d27e8eb-c340-1b36-6043-0b6c2f24dd05 Address:4d27e8eb-c340-1b36-6043-0b6c2f24dd05} {Suffrage:Voter ID:b3b2c5dd-58a6-6027-8316-7f27dfdb4566 Address:b3b2c5dd-58a6-6027-8316-7f27dfdb4566}]}
2026-10-08T13:21:09.539+0800 [INFO]  4d27e8eb-c340-1b36-6043-0b6c2f24dd05: aborting pipeline replication: peer="{Voter b3b2c5dd-58a6-6027-8316-7f27dfdb4566 b3b2c5dd-58a6-6027-8316-7f27dfdb4566}"
2026-10-08T13:21:09.539+0800 [INFO]  4d27e8eb-c340-1b36-6043-0b6c2f24dd05: aborting pipeline replication: peer="{Voter d975d9ec-d28f-d87e-13c8-0a96cb6b7c89 d975d9ec-d28f-d87e-13c8-0a96cb6b7c89}"
--- FAIL: TestRaft_ProtocolVersion_Upgrade_1_2 (5.38s)
=== RUN   TestRaft_ProtocolVersion_Upgrade_2_3
2026-10-08T13:21:09.542+0800 [DEBUG] cluster: fully connecting
2026-10-08T13:21:09.542+0800 [INFO]  ce37e90f-8568-bbd4-97a6-1b7cb7191cc8: initial configuration: index=1 servers="[{Suffrage:Voter ID:ce37e90f-8568-bbd4-97a6-1b7cb7191cc8 Address:ce37e90f-8568-bbd4-97a6-1b7cb7191cc8} {Suffrage:Voter ID:176f6b3b-7837-c997-1a38-b7e171ad7d04 Address:176f6b3b-7837-c997-1a38-b7e171ad7d04}]"
2026-10-08T13:21:09.542+0800 [INFO]  176f6b3b-7837-c997-1a38-b7e171ad7d04: initial configuration: index=1 servers="[{Suffrage:Voter ID:ce37e90f-8568-bbd4-97a6-1b7cb7191cc8 Address:ce37e90f-8568-bbd4-97a6-1b7cb7191cc8} {Suffrage:Voter ID:176f6b3b-7837-c997-1a38-b7e171ad7d04 Address:176f6b3b-7837-c997-1a38-b7e171ad7d04}]"
2026-10-08T13:21:09.542+0800 [INFO]  cluster: starting stability test: raft-state=Follower
2026-10-08T13:21:09.542+0800 [INFO]  ce37e90f-8568-bbd4-97a6-1b7cb7191cc8: entering follower state: follower="Node at ce37e90f-8568-bbd4-97a6-1b7cb7191cc8 [Follower]" leader-address= leader-id=
2026-10-08T13:21:09.542+0800 [INFO]  176f6b3b-7837-c997-1a38-b7e171ad7d04: entering follower state: follower="Node at 176f6b3b-7837-c997-1a38-b7e171ad7d04 [Follower]" leader-address= leader-id=
2026-10-08T13:21:09.605+0800 [WARN]  176f6b3b-7837-c997-1a38-b7e171ad7d04: heartbeat timeout reached, starting election: last-leader-addr= last-leader-id=
2026-10-08T13:21:09.605+0800 [INFO]  176f6b3b-7837-c997-1a38-b7e171ad7d04: entering candidate state: node="Node at 176f6b3b-7837-c997-1a38-b7e171ad7d04 [Candidate]" term=2
2026-10-08T13:21:09.605+0800 [DEBUG] 176f6b3b-7837-c997-1a38-b7e171ad7d04: asking for pre-vote: term=2 from=ce37e90f-8568-bbd4-97a6-1b7cb7191cc8 address=ce37e90f-8568-bbd4-97a6-1b7cb7191cc8
2026-10-08T13:21:09.605+0800 [DEBUG] 176f6b3b-7837-c997-1a38-b7e171ad7d04: pre-voting for self: term=2 id=176f6b3b-7837-c997-1a38-b7e171ad7d04
2026-10-08T13:21:09.605+0800 [DEBUG] 176f6b3b-7837-c997-1a38-b7e171ad7d04: calculated votes needed: needed=2 term=2
2026-10-08T13:21:09.605+0800 [DEBUG] 176f6b3b-7837-c997-1a38-b7e171ad7d04: pre-vote received: from=176f6b3b-7837-c997-1a38-b7e171ad7d04 term=2 tally=0
2026-10-08T13:21:09.605+0800 [DEBUG] 176f6b3b-7837-c997-1a38-b7e171ad7d04: pre-vote granted: from=176f6b3b-7837-c997-1a38-b7e171ad7d04 term=2 tally=1
2026-10-08T13:21:09.606+0800 [DEBUG] cluster: resetting stability timeout
2026-10-08T13:21:09.606+0800 [DEBUG] ce37e90f-8568-bbd4-97a6-1b7cb7191cc8: received a requestPreVote with a newer term, grant the pre-vote
2026-10-08T13:21:09.606+0800 [DEBUG] 176f6b3b-7837-c997-1a38-b7e171ad7d04: pre-vote received: from=ce37e90f-8568-bbd4-97a6-1b7cb7191cc8 term=2 tally=1
2026-10-08T13:21:09.606+0800 [DEBUG] 176f6b3b-7837-c997-1a38-b7e171ad7d04: pre-vote granted: from=ce37e90f-8568-bbd4-97a6-1b7cb7191cc8 term=2 tally=2
2026-10-08T13:21:09.606+0800 [INFO]  176f6b3b-7837-c997-1a38-b7e171ad7d04: pre-vote successful, starting election: term=2 tally=2 refused=0 votesNeeded=2
2026-10-08T13:21:09.606+0800 [DEBUG] 176f6b3b-7837-c997-1a38-b7e171ad7d04: asking for vote: term=2 from=ce37e90f-8568-bbd4-97a6-1b7cb7191cc8 address=ce37e90f-8568-bbd4-97a6-1b7cb7191cc8
2026-10-08T13:21:09.606+0800 [DEBUG] 176f6b3b-7837-c997-1a38-b7e171ad7d04: voting for self: term=2 id=176f6b3b-7837-c997-1a38-b7e171ad7d04
2026-10-08T13:21:09.606+0800 [DEBUG] 176f6b3b-7837-c997-1a38-b7e171ad7d04: vote granted: from=176f6b3b-7837-c997-1a38-b7e171ad7d04 term=2 tally=1
2026-10-08T13:21:09.606+0800 [DEBUG] ce37e90f-8568-bbd4-97a6-1b7cb7191cc8: lost leadership because received a requestVote with a newer term
2026-10-08T13:21:09.606+0800 [DEBUG] 176f6b3b-7837-c997-1a38-b7e171ad7d04: vote granted: from=ce37e90f-8568-bbd4-97a6-1b7cb7191cc8 term=2 tally=2
2026-10-08T13:21:09.606+0800 [INFO]  176f6b3b-7837-c997-1a38-b7e171ad7d04: election won: term=2 tally=2
2026-10-08T13:21:09.606+0800 [INFO]  176f6b3b-7837-c997-1a38-b7e171ad7d04: entering leader state: leader="Node at 176f6b3b-7837-c997-1a38-b7e171ad7d04 [Leader]"
2026-10-08T13:21:09.606+0800 [INFO]  176f6b3b-7837-c997-1a38-b7e171ad7d04: added peer, starting replication: peer=ce37e90f-8568-bbd4-97a6-1b7cb7191cc8
2026-10-08T13:21:09.606+0800 [DEBUG] cluster: resetting stability timeout
2026-10-08T13:21:09.606+0800 [DEBUG] cluster: resetting stability timeout
2026-10-08T13:21:09.606+0800 [INFO]  176f6b3b-7837-c997-1a38-b7e171ad7d04: pipelining replication: peer="{Voter ce37e90f-8568-bbd4-97a6-1b7cb7191cc8 ce37e90f-8568-bbd4-97a6-1b7cb7191cc8}"
2026-10-08T13:21:09.713+0800 [INFO]  cluster: stable state for Follower reached at 2026-10-08 13:21:09.606656257 +0800 CST m=+6.541975338 (1 nodes), highestTerm is 2, 63.756481ms from start of poll, 64.579478ms from cluster start. Timeout at 2026-10-08 13:21:09.711660494 +0800 CST m=+6.646979591, 105.004253ms after stability
2026-10-08T13:21:09.713+0800 [DEBUG] cluster: fully connecting
2026-10-08T13:21:09.713+0800 [INFO]  server-45d913a1-10fe-e957-c681-73902bfe4ec3: initial configuration: index=0 servers=[]
2026-10-08T13:21:09.713+0800 [DEBUG] cluster: fully connecting
2026-10-08T13:21:09.713+0800 [INFO]  cluster: starting stability test: raft-state=Leader
2026-10-08T13:21:09.713+0800 [INFO]  server-45d913a1-10fe-e957-c681-73902bfe4ec3: entering follower state: follower="Node at 45d913a1-10fe-e957-c681-73902bfe4ec3 [Follower]" leader-address= leader-id=
2026-10-08T13:21:09.802+0800 [WARN]  server-45d913a1-10fe-e957-c681-73902bfe4ec3: no known peers, aborting election
2026-10-08T13:21:09.819+0800 [INFO]  cluster: stable state for Leader reached at 2026-10-08 13:21:09.713766871 +0800 CST m=+6.649085947 (1 nodes), highestTerm is 2, 263ns from start of poll, 171.690087ms from cluster start. Timeout at 2026-10-08 13:21:09.818777716 +0800 CST m=+6.754096804, 105.010857ms after stability
2026-10-08T13:21:09.819+0800 [INFO]  176f6b3b-7837-c997-1a38-b7e171ad7d04: updating configuration: command=AddVoter server-id=server-45d913a1-10fe-e957-c681-73902bfe4ec3 server-addr=45d913a1-10fe-e957-c681-73902bfe4ec3 servers="[{Suffrage:Voter ID:ce37e90f-8568-bbd4-97a6-1b7cb7191cc8 Address:ce37e90f-8568-bbd4-97a6-1b7cb7191cc8} {Suffrage:Voter ID:176f6b3b-7837-c997-1a38-b7e171ad7d04 Address:176f6b3b-7837-c997-1a38-b7e171ad7d04} {Suffrage:Voter ID:server-45d913a1-10fe-e957-c681-73902bfe4ec3 Address:45d913a1-10fe-e957-c681-73902bfe4ec3}]"
2026-10-08T13:21:09.819+0800 [INFO]  176f6b3b-7837-c997-1a38-b7e171ad7d04: added peer, starting replication: peer=server-45d913a1-10fe-e957-c681-73902bfe4ec3
2026-10-08T13:21:09.820+0800 [WARN]  server-45d913a1-10fe-e957-c681-73902bfe4ec3: failed to get previous log: previous-index=3 last-index=0 error="log not found"
2026-10-08T13:21:09.820+0800 [WARN]  176f6b3b-7837-c997-1a38-b7e171ad7d04: appendEntries rejected, sending older logs: peer="{Voter server-45d913a1-10fe-e957-c681-73902bfe4ec3 45d913a1-10fe-e957-c681-73902bfe4ec3}" next=1
2026-10-08T13:21:09.821+0800 [INFO]  176f6b3b-7837-c997-1a38-b7e171ad7d04: pipelining replication: peer="{Voter server-45d913a1-10fe-e957-c681-73902bfe4ec3 45d913a1-10fe-e957-c681-73902bfe4ec3}"
    testing.go:705: peer mismatch: {Servers:[{Suffrage:Voter ID:ce37e90f-8568-bbd4-97a6-1b7cb7191cc8 Address:ce37e90f-8568-bbd4-97a6-1b7cb7191cc8} {Suffrage:Voter ID:176f6b3b-7837-c997-1a38-b7e171ad7d04 Address:176f6b3b-7837-c997-1a38-b7e171ad7d04}]} {Servers:[{Suffrage:Voter ID:ce37e90f-8568-bbd4-97a6-1b7cb7191cc8 Address:ce37e90f-8568-bbd4-97a6-1b7cb7191cc8} {Suffrage:Voter ID:176f6b3b-7837-c997-1a38-b7e171ad7d04 Address:176f6b3b-7837-c997-1a38-b7e171ad7d04} {Suffrage:Voter ID:server-45d913a1-10fe-e957-c681-73902bfe4ec3 Address:45d913a1-10fe-e957-c681-73902bfe4ec3}]}
2026-10-08T13:21:14.822+0800 [INFO]  176f6b3b-7837-c997-1a38-b7e171ad7d04: aborting pipeline replication: peer="{Voter server-45d913a1-10fe-e957-c681-73902bfe4ec3 45d913a1-10fe-e957-c681-73902bfe4ec3}"
2026-10-08T13:21:14.822+0800 [INFO]  176f6b3b-7837-c997-1a38-b7e171ad7d04: aborting pipeline replication: peer="{Voter ce37e90f-8568-bbd4-97a6-1b7cb7191cc8 ce37e90f-8568-bbd4-97a6-1b7cb7191cc8}"
--- FAIL: TestRaft_ProtocolVersion_Upgrade_2_3 (5.28s)
=== RUN   TestRaft_ProtocolVersion_Upgrade_1_2
2026-10-08T13:21:14.827+0800 [DEBUG] cluster: fully connecting
2026-10-08T13:21:14.827+0800 [INFO]  9be1382d-93c5-ad0d-3088-a64721cec4c3: initial configuration: index=1 servers="[{Suffrage:Voter ID:9be1382d-93c5-ad0d-3088-a64721cec4c3 Address:9be1382d-93c5-ad0d-3088-a64721cec4c3} {Suffrage:Voter ID:8a7509f4-cf8c-d162-b5a9-8793d132ef20 Address:8a7509f4-cf8c-d162-b5a9-8793d132ef20}]"
2026-10-08T13:21:14.827+0800 [INFO]  8a7509f4-cf8c-d162-b5a9-8793d132ef20: initial configuration: index=1 servers="[{Suffrage:Voter ID:9be1382d-93c5-ad0d-3088-a64721cec4c3 Address:9be1382d-93c5-ad0d-3088-a64721cec4c3} {Suffrage:Voter ID:8a7509f4-cf8c-d162-b5a9-8793d132ef20 Address:8a7509f4-cf8c-d162-b5a9-8793d132ef20}]"
2026-10-08T13:21:14.827+0800 [INFO]  9be1382d-93c5-ad0d-3088-a64721cec4c3: entering follower state: follower="Node at 9be1382d-93c5-ad0d-3088-a64721cec4c3 [Follower]" leader-address= leader-id=
2026-10-08T13:21:14.827+0800 [DEBUG] cluster: fully connecting
2026-10-08T13:21:14.827+0800 [INFO]  f23acfbf-c88c-00f7-0822-b14b25b7b6d5: initial configuration: index=0 servers=[]
2026-10-08T13:21:14.827+0800 [DEBUG] cluster: fully connecting
2026-10-08T13:21:14.827+0800 [INFO]  cluster: starting stability test: raft-state=Leader
2026-10-08T13:21:14.827+0800 [INFO]  8a7509f4-cf8c-d162-b5a9-8793d132ef20: entering follower state: follower="Node at 8a7509f4-cf8c-d162-b5a9-8793d132ef20 [Follower]" leader-address= leader-id=
2026-10-08T13:21:14.827+0800 [INFO]  f23acfbf-c88c-00f7-0822-b14b25b7b6d5: entering follower state: follower="Node at f23acfbf-c88c-00f7-0822-b14b25b7b6d5 [Follower]" leader-address= leader-id=
2026-10-08T13:21:14.885+0800 [WARN]  8a7509f4-cf8c-d162-b5a9-8793d132ef20: heartbeat timeout reached, starting election: last-leader-addr= last-leader-id=
2026-10-08T13:21:14.885+0800 [INFO]  8a7509f4-cf8c-d162-b5a9-8793d132ef20: entering candidate state: node="Node at 8a7509f4-cf8c-d162-b5a9-8793d132ef20 [Candidate]" term=2
2026-10-08T13:21:14.885+0800 [DEBUG] 8a7509f4-cf8c-d162-b5a9-8793d132ef20: asking for pre-vote: term=2 from=9be1382d-93c5-ad0d-3088-a64721cec4c3 address=9be1382d-93c5-ad0d-3088-a64721cec4c3
2026-10-08T13:21:14.885+0800 [DEBUG] 8a7509f4-cf8c-d162-b5a9-8793d132ef20: pre-voting for self: term=2 id=8a7509f4-cf8c-d162-b5a9-8793d132ef20
2026-10-08T13:21:14.885+0800 [DEBUG] 8a7509f4-cf8c-d162-b5a9-8793d132ef20: calculated votes needed: needed=2 term=2
2026-10-08T13:21:14.885+0800 [DEBUG] 8a7509f4-cf8c-d162-b5a9-8793d132ef20: pre-vote received: from=8a7509f4-cf8c-d162-b5a9-8793d132ef20 term=2 tally=0
2026-10-08T13:21:14.886+0800 [DEBUG] 8a7509f4-cf8c-d162-b5a9-8793d132ef20: pre-vote granted: from=8a7509f4-cf8c-d162-b5a9-8793d132ef20 term=2 tally=1
2026-10-08T13:21:14.886+0800 [DEBUG] 9be1382d-93c5-ad0d-3088-a64721cec4c3: received a requestPreVote with a newer term, grant the pre-vote
2026-10-08T13:21:14.886+0800 [DEBUG] 8a7509f4-cf8c-d162-b5a9-8793d132ef20: pre-vote received: from=9be1382d-93c5-ad0d-3088-a64721cec4c3 term=2 tally=1
2026-10-08T13:21:14.886+0800 [DEBUG] cluster: resetting stability timeout
2026-10-08T13:21:14.886+0800 [DEBUG] 8a7509f4-cf8c-d162-b5a9-8793d132ef20: pre-vote granted: from=9be1382d-93c5-ad0d-3088-a64721cec4c3 term=2 tally=2
2026-10-08T13:21:14.886+0800 [INFO]  8a7509f4-cf8c-d162-b5a9-8793d132ef20: pre-vote successful, starting election: term=2 tally=2 refused=0 votesNeeded=2
2026-10-08T13:21:14.886+0800 [DEBUG] 8a7509f4-cf8c-d162-b5a9-8793d132ef20: asking for vote: term=2 from=9be1382d-93c5-ad0d-3088-a64721cec4c3 address=9be1382d-93c5-ad0d-3088-a64721cec4c3
2026-10-08T13:21:14.886+0800 [DEBUG] 8a7509f4-cf8c-d162-b5a9-8793d132ef20: voting for self: term=2 id=8a7509f4-cf8c-d162-b5a9-8793d132ef20
2026-10-08T13:21:14.886+0800 [DEBUG] 8a7509f4-cf8c-d162-b5a9-8793d132ef20: vote granted: from=8a7509f4-cf8c-d162-b5a9-8793d132ef20 term=2 tally=1
2026-10-08T13:21:14.886+0800 [DEBUG] 9be1382d-93c5-ad0d-3088-a64721cec4c3: lost leadership because received a requestVote with a newer term
2026-10-08T13:21:14.886+0800 [DEBUG] 8a7509f4-cf8c-d162-b5a9-8793d132ef20: vote granted: from=9be1382d-93c5-ad0d-3088-a64721cec4c3 term=2 tally=2
2026-10-08T13:21:14.886+0800 [INFO]  8a7509f4-cf8c-d162-b5a9-8793d132ef20: election won: term=2 tally=2
2026-10-08T13:21:14.886+0800 [INFO]  8a7509f4-cf8c-d162-b5a9-8793d132ef20: entering leader state: leader="Node at 8a7509f4-cf8c-d162-b5a9-8793d132ef20 [Leader]"
2026-10-08T13:21:14.886+0800 [INFO]  8a7509f4-cf8c-d162-b5a9-8793d132ef20: added peer, starting replication: peer=9be1382d-93c5-ad0d-3088-a64721cec4c3
2026-10-08T13:21:14.886+0800 [DEBUG] cluster: resetting stability timeout
2026-10-08T13:21:14.886+0800 [DEBUG] cluster: resetting stability timeout
2026-10-08T13:21:14.886+0800 [INFO]  8a7509f4-cf8c-d162-b5a9-8793d132ef20: pipelining replication: peer="{Voter 9be1382d-93c5-ad0d-3088-a64721cec4c3 9be1382d-93c5-ad0d-3088-a64721cec4c3}"
2026-10-08T13:21:14.892+0800 [WARN]  f23acfbf-c88c-00f7-0822-b14b25b7b6d5: no known peers, aborting election
2026-10-08T13:21:14.992+0800 [INFO]  cluster: stable state for Leader reached at 2026-10-08 13:21:14.886732583 +0800 CST m=+11.822051744 (1 nodes), highestTerm is 2, 59.040988ms from start of poll, 59.552216ms from cluster start. Timeout at 2026-10-08 13:21:14.991734794 +0800 CST m=+11.927053868, 105.002124ms after stability
2026-10-08T13:21:14.992+0800 [INFO]  cluster: starting stability test: raft-state=Leader
2026-10-08T13:21:15.098+0800 [INFO]  cluster: stable state for Leader reached at 2026-10-08 13:21:14.992798112 +0800 CST m=+11.928117171 (1 nodes), highestTerm is 2, 179ns from start of poll, 165.617643ms from cluster start. Timeout at 2026-10-08 13:21:15.097806559 +0800 CST m=+12.033125627, 105.008456ms after stability
2026-10-08T13:21:15.098+0800 [INFO]  cluster: starting stability test: raft-state=Leader
2026-10-08T13:21:15.205+0800 [INFO]  cluster: stable state for Leader reached at 2026-10-08 13:21:15.098949932 +0800 CST m=+12.034268999 (1 nodes), highestTerm is 2, 261ns from start of poll, 271.769471ms from cluster start. Timeout at 2026-10-08 13:21:15.20396343 +0800 CST m=+12.139282548, 105.013549ms after stability
2026-10-08T13:21:15.205+0800 [INFO]  8a7509f4-cf8c-d162-b5a9-8793d132ef20: updating configuration: command=AddVoter server-id=f23acfbf-c88c-00f7-0822-b14b25b7b6d5 server-addr=f23acfbf-c88c-00f7-0822-b14b25b7b6d5 servers="[{Suffrage:Voter ID:9be1382d-93c5-ad0d-3088-a64721cec4c3 Address:9be1382d-93c5-ad0d-3088-a64721cec4c3} {Suffrage:Voter ID:8a7509f4-cf8c-d162-b5a9-8793d132ef20 Address:8a7509f4-cf8c-d162-b5a9-8793d132ef20} {Suffrage:Voter ID:f23acfbf-c88c-00f7-0822-b14b25b7b6d5 Address:f23acfbf-c88c-00f7-0822-b14b25b7b6d5}]"
2026-10-08T13:21:15.205+0800 [INFO]  8a7509f4-cf8c-d162-b5a9-8793d132ef20: added peer, starting replication: peer=f23acfbf-c88c-00f7-0822-b14b25b7b6d5
2026-10-08T13:21:15.205+0800 [WARN]  f23acfbf-c88c-00f7-0822-b14b25b7b6d5: failed to get previous log: previous-index=3 last-index=0 error="log not found"
2026-10-08T13:21:15.205+0800 [WARN]  8a7509f4-cf8c-d162-b5a9-8793d132ef20: appendEntries rejected, sending older logs: peer="{Voter f23acfbf-c88c-00f7-0822-b14b25b7b6d5 f23acfbf-c88c-00f7-0822-b14b25b7b6d5}" next=1
2026-10-08T13:21:15.205+0800 [INFO]  8a7509f4-cf8c-d162-b5a9-8793d132ef20: pipelining replication: peer="{Voter f23acfbf-c88c-00f7-0822-b14b25b7b6d5 f23acfbf-c88c-00f7-0822-b14b25b7b6d5}"
2026-10-08T13:21:15.211+0800 [INFO]  cluster: starting stability test: raft-state=Leader
2026-10-08T13:21:15.317+0800 [INFO]  cluster: stable state for Leader reached at 2026-10-08 13:21:15.211638112 +0800 CST m=+12.146957279 (1 nodes), highestTerm is 2, 622ns from start of poll, 384.457751ms from cluster start. Timeout at 2026-10-08 13:21:15.316643521 +0800 CST m=+12.251962616, 105.005337ms after stability
2026-10-08T13:21:15.317+0800 [INFO]  cluster: starting stability test: raft-state=Leader
2026-10-08T13:21:15.423+0800 [INFO]  cluster: stable state for Leader reached at 2026-10-08 13:21:15.317352399 +0800 CST m=+12.252671477 (1 nodes), highestTerm is 2, 309ns from start of poll, 490.171949ms from cluster start. Timeout at 2026-10-08 13:21:15.42235707 +0800 CST m=+12.357676157, 105.00468ms after stability
2026-10-08T13:21:15.423+0800 [INFO]  8a7509f4-cf8c-d162-b5a9-8793d132ef20: updating configuration: command=RemoveServer server-id=f23acfbf-c88c-00f7-0822-b14b25b7b6d5 server-addr= servers="[{Suffrage:Voter ID:9be1382d-93c5-ad0d-3088-a64721cec4c3 Address:9be1382d-93c5-ad0d-3088-a64721cec4c3} {Suffrage:Voter ID:8a7509f4-cf8c-d162-b5a9-8793d132ef20 Address:8a7509f4-cf8c-d162-b5a9-8793d132ef20}]"
2026-10-08T13:21:15.423+0800 [INFO]  8a7509f4-cf8c-d162-b5a9-8793d132ef20: removed peer, stopping replication: peer=f23acfbf-c88c-00f7-0822-b14b25b7b6d5 last-index=4
2026-10-08T13:21:15.423+0800 [INFO]  8a7509f4-cf8c-d162-b5a9-8793d132ef20: aborting pipeline replication: peer="{Voter f23acfbf-c88c-00f7-0822-b14b25b7b6d5 f23acfbf-c88c-00f7-0822-b14b25b7b6d5}"
2026-10-08T13:21:15.423+0800 [INFO]  8a7509f4-cf8c-d162-b5a9-8793d132ef20: aborting pipeline replication: peer="{Voter 9be1382d-93c5-ad0d-3088-a64721cec4c3 9be1382d-93c5-ad0d-3088-a64721cec4c3}"
--- PASS: TestRaft_ProtocolVersion_Upgrade_1_2 (0.60s)
=== RUN   TestRaft_ProtocolVersion_Upgrade_2_3
2026-10-08T13:21:15.424+0800 [DEBUG] cluster: fully connecting
2026-10-08T13:21:15.424+0800 [INFO]  4463928d-2dd5-67c0-b529-a2a0d1c57f30: initial configuration: index=1 servers="[{Suffrage:Voter ID:4463928d-2dd5-67c0-b529-a2a0d1c57f30 Address:4463928d-2dd5-67c0-b529-a2a0d1c57f30} {Suffrage:Voter ID:5d580ec0-d072-e7ee-06c3-54cd339c3f0d Address:5d580ec0-d072-e7ee-06c3-54cd339c3f0d}]"
2026-10-08T13:21:15.424+0800 [INFO]  5d580ec0-d072-e7ee-06c3-54cd339c3f0d: initial configuration: index=1 servers="[{Suffrage:Voter ID:4463928d-2dd5-67c0-b529-a2a0d1c57f30 Address:4463928d-2dd5-67c0-b529-a2a0d1c57f30} {Suffrage:Voter ID:5d580ec0-d072-e7ee-06c3-54cd339c3f0d Address:5d580ec0-d072-e7ee-06c3-54cd339c3f0d}]"
2026-10-08T13:21:15.424+0800 [INFO]  cluster: starting stability test: raft-state=Follower
2026-10-08T13:21:15.424+0800 [INFO]  4463928d-2dd5-67c0-b529-a2a0d1c57f30: entering follower state: follower="Node at 4463928d-2dd5-67c0-b529-a2a0d1c57f30 [Follower]" leader-address= leader-id=
2026-10-08T13:21:15.425+0800 [INFO]  5d580ec0-d072-e7ee-06c3-54cd339c3f0d: entering follower state: follower="Node at 5d580ec0-d072-e7ee-06c3-54cd339c3f0d [Follower]" leader-address= leader-id=
2026-10-08T13:21:15.504+0800 [WARN]  4463928d-2dd5-67c0-b529-a2a0d1c57f30: heartbeat timeout reached, starting election: last-leader-addr= last-leader-id=
2026-10-08T13:21:15.504+0800 [INFO]  4463928d-2dd5-67c0-b529-a2a0d1c57f30: entering candidate state: node="Node at 4463928d-2dd5-67c0-b529-a2a0d1c57f30 [Candidate]" term=2
2026-10-08T13:21:15.504+0800 [DEBUG] 4463928d-2dd5-67c0-b529-a2a0d1c57f30: pre-voting for self: term=2 id=4463928d-2dd5-67c0-b529-a2a0d1c57f30
2026-10-08T13:21:15.504+0800 [DEBUG] 4463928d-2dd5-67c0-b529-a2a0d1c57f30: asking for pre-vote: term=2 from=5d580ec0-d072-e7ee-06c3-54cd339c3f0d address=5d580ec0-d072-e7ee-06c3-54cd339c3f0d
2026-10-08T13:21:15.505+0800 [DEBUG] 4463928d-2dd5-67c0-b529-a2a0d1c57f30: calculated votes needed: needed=2 term=2
2026-10-08T13:21:15.505+0800 [DEBUG] 4463928d-2dd5-67c0-b529-a2a0d1c57f30: pre-vote received: from=4463928d-2dd5-67c0-b529-a2a0d1c57f30 term=2 tally=0
2026-10-08T13:21:15.505+0800 [DEBUG] 4463928d-2dd5-67c0-b529-a2a0d1c57f30: pre-vote granted: from=4463928d-2dd5-67c0-b529-a2a0d1c57f30 term=2 tally=1
2026-10-08T13:21:15.505+0800 [DEBUG] cluster: resetting stability timeout
2026-10-08T13:21:15.505+0800 [DEBUG] 5d580ec0-d072-e7ee-06c3-54cd339c3f0d: received a requestPreVote with a newer term, grant the pre-vote
2026-10-08T13:21:15.505+0800 [DEBUG] 4463928d-2dd5-67c0-b529-a2a0d1c57f30: pre-vote received: from=5d580ec0-d072-e7ee-06c3-54cd339c3f0d term=2 tally=1
2026-10-08T13:21:15.505+0800 [DEBUG] 4463928d-2dd5-67c0-b529-a2a0d1c57f30: pre-vote granted: from=5d580ec0-d072-e7ee-06c3-54cd339c3f0d term=2 tally=2
2026-10-08T13:21:15.505+0800 [INFO]  4463928d-2dd5-67c0-b529-a2a0d1c57f30: pre-vote successful, starting election: term=2 tally=2 refused=0 votesNeeded=2
2026-10-08T13:21:15.505+0800 [DEBUG] 4463928d-2dd5-67c0-b529-a2a0d1c57f30: voting for self: term=2 id=4463928d-2dd5-67c0-b529-a2a0d1c57f30
2026-10-08T13:21:15.505+0800 [DEBUG] 4463928d-2dd5-67c0-b529-a2a0d1c57f30: asking for vote: term=2 from=5d580ec0-d072-e7ee-06c3-54cd339c3f0d address=5d580ec0-d072-e7ee-06c3-54cd339c3f0d
2026-10-08T13:21:15.505+0800 [DEBUG] 4463928d-2dd5-67c0-b529-a2a0d1c57f30: vote granted: from=4463928d-2dd5-67c0-b529-a2a0d1c57f30 term=2 tally=1
2026-10-08T13:21:15.505+0800 [DEBUG] 5d580ec0-d072-e7ee-06c3-54cd339c3f0d: lost leadership because received a requestVote with a newer term
2026-10-08T13:21:15.505+0800 [DEBUG] 4463928d-2dd5-67c0-b529-a2a0d1c57f30: vote granted: from=5d580ec0-d072-e7ee-06c3-54cd339c3f0d term=2 tally=2
2026-10-08T13:21:15.505+0800 [INFO]  4463928d-2dd5-67c0-b529-a2a0d1c57f30: election won: term=2 tally=2
2026-10-08T13:21:15.505+0800 [INFO]  4463928d-2dd5-67c0-b529-a2a0d1c57f30: entering leader state: leader="Node at 4463928d-2dd5-67c0-b529-a2a0d1c57f30 [Leader]"
2026-10-08T13:21:15.505+0800 [INFO]  4463928d-2dd5-67c0-b529-a2a0d1c57f30: added peer, starting replication: peer=5d580ec0-d072-e7ee-06c3-54cd339c3f0d
2026-10-08T13:21:15.505+0800 [DEBUG] cluster: resetting stability timeout
2026-10-08T13:21:15.505+0800 [DEBUG] cluster: resetting stability timeout
2026-10-08T13:21:15.505+0800 [INFO]  4463928d-2dd5-67c0-b529-a2a0d1c57f30: pipelining replication: peer="{Voter 5d580ec0-d072-e7ee-06c3-54cd339c3f0d 5d580ec0-d072-e7ee-06c3-54cd339c3f0d}"
2026-10-08T13:21:15.611+0800 [INFO]  cluster: stable state for Follower reached at 2026-10-08 13:21:15.505904476 +0800 CST m=+12.441223734 (1 nodes), highestTerm is 2, 80.968804ms from start of poll, 81.15059ms from cluster start. Timeout at 2026-10-08 13:21:15.610908672 +0800 CST m=+12.546227778, 105.004044ms after stability
2026-10-08T13:21:15.612+0800 [DEBUG] cluster: fully connecting
2026-10-08T13:21:15.612+0800 [INFO]  server-72515336-6fc4-36da-1901-bb7ec71ae8c3: initial configuration: index=0 servers=[]
2026-10-08T13:21:15.612+0800 [DEBUG] cluster: fully connecting
2026-10-08T13:21:15.612+0800 [INFO]  cluster: starting stability test: raft-state=Leader
2026-10-08T13:21:15.612+0800 [INFO]  server-72515336-6fc4-36da-1901-bb7ec71ae8c3: entering follower state: follower="Node at 72515336-6fc4-36da-1901-bb7ec71ae8c3 [Follower]" leader-address= leader-id=
2026-10-08T13:21:15.689+0800 [WARN]  server-72515336-6fc4-36da-1901-bb7ec71ae8c3: no known peers, aborting election
2026-10-08T13:21:15.718+0800 [INFO]  cluster: stable state for Leader reached at 2026-10-08 13:21:15.61251248 +0800 CST m=+12.547831558 (1 nodes), highestTerm is 2, 323ns from start of poll, 187.758414ms from cluster start. Timeout at 2026-10-08 13:21:15.717519166 +0800 CST m=+12.652838226, 105.006668ms after stability
2026-10-08T13:21:15.718+0800 [INFO]  4463928d-2dd5-67c0-b529-a2a0d1c57f30: updating configuration: command=AddVoter server-id=server-72515336-6fc4-36da-1901-bb7ec71ae8c3 server-addr=72515336-6fc4-36da-1901-bb7ec71ae8c3 servers="[{Suffrage:Voter ID:4463928d-2dd5-67c0-b529-a2a0d1c57f30 Address:4463928d-2dd5-67c0-b529-a2a0d1c57f30} {Suffrage:Voter ID:5d580ec0-d072-e7ee-06c3-54cd339c3f0d Address:5d580ec0-d072-e7ee-06c3-54cd339c3f0d} {Suffrage:Voter ID:server-72515336-6fc4-36da-1901-bb7ec71ae8c3 Address:72515336-6fc4-36da-1901-bb7ec71ae8c3}]"
2026-10-08T13:21:15.718+0800 [INFO]  4463928d-2dd5-67c0-b529-a2a0d1c57f30: added peer, starting replication: peer=server-72515336-6fc4-36da-1901-bb7ec71ae8c3
2026-10-08T13:21:15.718+0800 [WARN]  server-72515336-6fc4-36da-1901-bb7ec71ae8c3: failed to get previous log: previous-index=3 last-index=0 error="log not found"
2026-10-08T13:21:15.718+0800 [WARN]  4463928d-2dd5-67c0-b529-a2a0d1c57f30: appendEntries rejected, sending older logs: peer="{Voter server-72515336-6fc4-36da-1901-bb7ec71ae8c3 72515336-6fc4-36da-1901-bb7ec71ae8c3}" next=1
2026-10-08T13:21:15.718+0800 [INFO]  4463928d-2dd5-67c0-b529-a2a0d1c57f30: pipelining replication: peer="{Voter server-72515336-6fc4-36da-1901-bb7ec71ae8c3 72515336-6fc4-36da-1901-bb7ec71ae8c3}"
2026-10-08T13:21:15.723+0800 [INFO]  cluster: starting stability test: raft-state=Leader
2026-10-08T13:21:15.829+0800 [INFO]  cluster: stable state for Leader reached at 2026-10-08 13:21:15.723987525 +0800 CST m=+12.659306593 (1 nodes), highestTerm is 2, 313ns from start of poll, 299.233449ms from cluster start. Timeout at 2026-10-08 13:21:15.828992677 +0800 CST m=+12.764311747, 105.005154ms after stability
2026-10-08T13:21:15.829+0800 [INFO]  cluster: starting stability test: raft-state=Leader
2026-10-08T13:21:15.935+0800 [INFO]  cluster: stable state for Leader reached at 2026-10-08 13:21:15.829916175 +0800 CST m=+12.765235245 (1 nodes), highestTerm is 2, 164ns from start of poll, 405.162101ms from cluster start. Timeout at 2026-10-08 13:21:15.934927448 +0800 CST m=+12.870246580, 105.011335ms after stability
2026-10-08T13:21:15.936+0800 [INFO]  4463928d-2dd5-67c0-b529-a2a0d1c57f30: updating configuration: command=RemoveServer server-id=5d580ec0-d072-e7ee-06c3-54cd339c3f0d server-addr= servers="[{Suffrage:Voter ID:4463928d-2dd5-67c0-b529-a2a0d1c57f30 Address:4463928d-2dd5-67c0-b529-a2a0d1c57f30} {Suffrage:Voter ID:server-72515336-6fc4-36da-1901-bb7ec71ae8c3 Address:72515336-6fc4-36da-1901-bb7ec71ae8c3}]"
2026-10-08T13:21:15.936+0800 [INFO]  4463928d-2dd5-67c0-b529-a2a0d1c57f30: removed peer, stopping replication: peer=5d580ec0-d072-e7ee-06c3-54cd339c3f0d last-index=4
2026-10-08T13:21:15.936+0800 [INFO]  4463928d-2dd5-67c0-b529-a2a0d1c57f30: aborting pipeline replication: peer="{Voter 5d580ec0-d072-e7ee-06c3-54cd339c3f0d 5d580ec0-d072-e7ee-06c3-54cd339c3f0d}"
2026-10-08T13:21:15.936+0800 [INFO]  4463928d-2dd5-67c0-b529-a2a0d1c57f30: aborting pipeline replication: peer="{Voter server-72515336-6fc4-36da-1901-bb7ec71ae8c3 72515336-6fc4-36da-1901-bb7ec71ae8c3}"
--- PASS: TestRaft_ProtocolVersion_Upgrade_2_3 (0.51s)
=== RUN   TestRaft_ProtocolVersion_Upgrade_1_2
2026-10-08T13:21:15.944+0800 [DEBUG] cluster: fully connecting
2026-10-08T13:21:15.945+0800 [INFO]  c56cb3b9-5bcc-2ef9-c3dc-e18bef4bc7a9: initial configuration: index=1 servers="[{Suffrage:Voter ID:c56cb3b9-5bcc-2ef9-c3dc-e18bef4bc7a9 Address:c56cb3b9-5bcc-2ef9-c3dc-e18bef4bc7a9} {Suffrage:Voter ID:0a7f246e-d286-5cf5-75f1-a3ce975b81d3 Address:0a7f246e-d286-5cf5-75f1-a3ce975b81d3}]"
2026-10-08T13:21:15.945+0800 [INFO]  0a7f246e-d286-5cf5-75f1-a3ce975b81d3: initial configuration: index=1 servers="[{Suffrage:Voter ID:c56cb3b9-5bcc-2ef9-c3dc-e18bef4bc7a9 Address:c56cb3b9-5bcc-2ef9-c3dc-e18bef4bc7a9} {Suffrage:Voter ID:0a7f246e-d286-5cf5-75f1-a3ce975b81d3 Address:0a7f246e-d286-5cf5-75f1-a3ce975b81d3}]"
2026-10-08T13:21:15.945+0800 [INFO]  c56cb3b9-5bcc-2ef9-c3dc-e18bef4bc7a9: entering follower state: follower="Node at c56cb3b9-5bcc-2ef9-c3dc-e18bef4bc7a9 [Follower]" leader-address= leader-id=
2026-10-08T13:21:15.945+0800 [INFO]  0a7f246e-d286-5cf5-75f1-a3ce975b81d3: entering follower state: follower="Node at 0a7f246e-d286-5cf5-75f1-a3ce975b81d3 [Follower]" leader-address= leader-id=
2026-10-08T13:21:15.945+0800 [DEBUG] cluster: fully connecting
2026-10-08T13:21:15.945+0800 [INFO]  baf1b6ec-4545-085b-1813-c1fd10272eb7: initial configuration: index=0 servers=[]
2026-10-08T13:21:15.945+0800 [DEBUG] cluster: fully connecting
2026-10-08T13:21:15.945+0800 [INFO]  cluster: starting stability test: raft-state=Leader
2026-10-08T13:21:15.945+0800 [INFO]  baf1b6ec-4545-085b-1813-c1fd10272eb7: entering follower state: follower="Node at baf1b6ec-4545-085b-1813-c1fd10272eb7 [Follower]" leader-address= leader-id=
2026-10-08T13:21:15.999+0800 [WARN]  baf1b6ec-4545-085b-1813-c1fd10272eb7: no known peers, aborting election
2026-10-08T13:21:16.010+0800 [WARN]  c56cb3b9-5bcc-2ef9-c3dc-e18bef4bc7a9: heartbeat timeout reached, starting election: last-leader-addr= last-leader-id=
2026-10-08T13:21:16.010+0800 [INFO]  c56cb3b9-5bcc-2ef9-c3dc-e18bef4bc7a9: entering candidate state: node="Node at c56cb3b9-5bcc-2ef9-c3dc-e18bef4bc7a9 [Candidate]" term=2
2026-10-08T13:21:16.010+0800 [DEBUG] c56cb3b9-5bcc-2ef9-c3dc-e18bef4bc7a9: pre-voting for self: term=2 id=c56cb3b9-5bcc-2ef9-c3dc-e18bef4bc7a9
2026-10-08T13:21:16.010+0800 [DEBUG] c56cb3b9-5bcc-2ef9-c3dc-e18bef4bc7a9: asking for pre-vote: term=2 from=0a7f246e-d286-5cf5-75f1-a3ce975b81d3 address=0a7f246e-d286-5cf5-75f1-a3ce975b81d3
2026-10-08T13:21:16.010+0800 [DEBUG] c56cb3b9-5bcc-2ef9-c3dc-e18bef4bc7a9: calculated votes needed: needed=2 term=2
2026-10-08T13:21:16.010+0800 [DEBUG] c56cb3b9-5bcc-2ef9-c3dc-e18bef4bc7a9: pre-vote received: from=c56cb3b9-5bcc-2ef9-c3dc-e18bef4bc7a9 term=2 tally=0
2026-10-08T13:21:16.010+0800 [DEBUG] c56cb3b9-5bcc-2ef9-c3dc-e18bef4bc7a9: pre-vote granted: from=c56cb3b9-5bcc-2ef9-c3dc-e18bef4bc7a9 term=2 tally=1
2026-10-08T13:21:16.010+0800 [DEBUG] cluster: resetting stability timeout
2026-10-08T13:21:16.010+0800 [DEBUG] 0a7f246e-d286-5cf5-75f1-a3ce975b81d3: received a requestPreVote with a newer term, grant the pre-vote
2026-10-08T13:21:16.010+0800 [DEBUG] c56cb3b9-5bcc-2ef9-c3dc-e18bef4bc7a9: pre-vote received: from=0a7f246e-d286-5cf5-75f1-a3ce975b81d3 term=2 tally=1
2026-10-08T13:21:16.010+0800 [DEBUG] c56cb3b9-5bcc-2ef9-c3dc-e18bef4bc7a9: pre-vote granted: from=0a7f246e-d286-5cf5-75f1-a3ce975b81d3 term=2 tally=2
2026-10-08T13:21:16.010+0800 [INFO]  c56cb3b9-5bcc-2ef9-c3dc-e18bef4bc7a9: pre-vote successful, starting election: term=2 tally=2 refused=0 votesNeeded=2
2026-10-08T13:21:16.010+0800 [DEBUG] c56cb3b9-5bcc-2ef9-c3dc-e18bef4bc7a9: voting for self: term=2 id=c56cb3b9-5bcc-2ef9-c3dc-e18bef4bc7a9
2026-10-08T13:21:16.010+0800 [DEBUG] c56cb3b9-5bcc-2ef9-c3dc-e18bef4bc7a9: asking for vote: term=2 from=0a7f246e-d286-5cf5-75f1-a3ce975b81d3 address=0a7f246e-d286-5cf5-75f1-a3ce975b81d3
2026-10-08T13:21:16.010+0800 [DEBUG] c56cb3b9-5bcc-2ef9-c3dc-e18bef4bc7a9: vote granted: from=c56cb3b9-5bcc-2ef9-c3dc-e18bef4bc7a9 term=2 tally=1
2026-10-08T13:21:16.010+0800 [DEBUG] 0a7f246e-d286-5cf5-75f1-a3ce975b81d3: lost leadership because received a requestVote with a newer term
2026-10-08T13:21:16.010+0800 [DEBUG] c56cb3b9-5bcc-2ef9-c3dc-e18bef4bc7a9: vote granted: from=0a7f246e-d286-5cf5-75f1-a3ce975b81d3 term=2 tally=2
2026-10-08T13:21:16.010+0800 [INFO]  c56cb3b9-5bcc-2ef9-c3dc-e18bef4bc7a9: election won: term=2 tally=2
2026-10-08T13:21:16.010+0800 [INFO]  c56cb3b9-5bcc-2ef9-c3dc-e18bef4bc7a9: entering leader state: leader="Node at c56cb3b9-5bcc-2ef9-c3dc-e18bef4bc7a9 [Leader]"
2026-10-08T13:21:16.010+0800 [INFO]  c56cb3b9-5bcc-2ef9-c3dc-e18bef4bc7a9: added peer, starting replication: peer=0a7f246e-d286-5cf5-75f1-a3ce975b81d3
2026-10-08T13:21:16.011+0800 [INFO]  c56cb3b9-5bcc-2ef9-c3dc-e18bef4bc7a9: pipelining replication: peer="{Voter 0a7f246e-d286-5cf5-75f1-a3ce975b81d3 0a7f246e-d286-5cf5-75f1-a3ce975b81d3}"
2026-10-08T13:21:16.011+0800 [DEBUG] cluster: resetting stability timeout
2026-10-08T13:21:16.011+0800 [DEBUG] cluster: resetting stability timeout
2026-10-08T13:21:16.117+0800 [INFO]  cluster: stable state for Leader reached at 2026-10-08 13:21:16.011543109 +0800 CST m=+12.946862182 (1 nodes), highestTerm is 2, 65.955795ms from start of poll, 66.616376ms from cluster start. Timeout at 2026-10-08 13:21:16.116546209 +0800 CST m=+13.051865317, 105.003135ms after stability
2026-10-08T13:21:16.117+0800 [INFO]  cluster: starting stability test: raft-state=Leader
2026-10-08T13:21:16.223+0800 [INFO]  cluster: stable state for Leader reached at 2026-10-08 13:21:16.117282088 +0800 CST m=+13.052601171 (1 nodes), highestTerm is 2, 294ns from start of poll, 172.355365ms from cluster start. Timeout at 2026-10-08 13:21:16.222286756 +0800 CST m=+13.157605844, 105.004673ms after stability
2026-10-08T13:21:16.223+0800 [INFO]  cluster: starting stability test: raft-state=Leader
2026-10-08T13:21:16.328+0800 [INFO]  cluster: stable state for Leader reached at 2026-10-08 13:21:16.223087115 +0800 CST m=+13.158406184 (1 nodes), highestTerm is 2, 217ns from start of poll, 278.160378ms from cluster start. Timeout at 2026-10-08 13:21:16.328095777 +0800 CST m=+13.263414938, 105.008754ms after stability
2026-10-08T13:21:16.328+0800 [INFO]  c56cb3b9-5bcc-2ef9-c3dc-e18bef4bc7a9: updating configuration: command=AddVoter server-id=baf1b6ec-4545-085b-1813-c1fd10272eb7 server-addr=baf1b6ec-4545-085b-1813-c1fd10272eb7 servers="[{Suffrage:Voter ID:c56cb3b9-5bcc-2ef9-c3dc-e18bef4bc7a9 Address:c56cb3b9-5bcc-2ef9-c3dc-e18bef4bc7a9} {Suffrage:Voter ID:0a7f246e-d286-5cf5-75f1-a3ce975b81d3 Address:0a7f246e-d286-5cf5-75f1-a3ce975b81d3} {Suffrage:Voter ID:baf1b6ec-4545-085b-1813-c1fd10272eb7 Address:baf1b6ec-4545-085b-1813-c1fd10272eb7}]"
2026-10-08T13:21:16.328+0800 [INFO]  c56cb3b9-5bcc-2ef9-c3dc-e18bef4bc7a9: added peer, starting replication: peer=baf1b6ec-4545-085b-1813-c1fd10272eb7
2026-10-08T13:21:16.328+0800 [WARN]  baf1b6ec-4545-085b-1813-c1fd10272eb7: failed to get previous log: previous-index=3 last-index=0 error="log not found"
2026-10-08T13:21:16.328+0800 [WARN]  c56cb3b9-5bcc-2ef9-c3dc-e18bef4bc7a9: appendEntries rejected, sending older logs: peer="{Voter baf1b6ec-4545-085b-1813-c1fd10272eb7 baf1b6ec-4545-085b-1813-c1fd10272eb7}" next=1
2026-10-08T13:21:16.329+0800 [INFO]  c56cb3b9-5bcc-2ef9-c3dc-e18bef4bc7a9: pipelining replication: peer="{Voter baf1b6ec-4545-085b-1813-c1fd10272eb7 baf1b6ec-4545-085b-1813-c1fd10272eb7}"
2026-10-08T13:21:16.333+0800 [INFO]  cluster: starting stability test: raft-state=Leader
2026-10-08T13:21:16.439+0800 [INFO]  cluster: stable state for Leader reached at 2026-10-08 13:21:16.333939896 +0800 CST m=+13.269258950 (1 nodes), highestTerm is 2, 398ns from start of poll, 389.013144ms from cluster start. Timeout at 2026-10-08 13:21:16.438944123 +0800 CST m=+13.374263209, 105.004259ms after stability
2026-10-08T13:21:16.440+0800 [INFO]  cluster: starting stability test: raft-state=Leader
2026-10-08T13:21:16.545+0800 [INFO]  cluster: stable state for Leader reached at 2026-10-08 13:21:16.440031601 +0800 CST m=+13.375350673 (1 nodes), highestTerm is 2, 242ns from start of poll, 495.104867ms from cluster start. Timeout at 2026-10-08 13:21:16.545042476 +0800 CST m=+13.480361626, 105.010953ms after stability
2026-10-08T13:21:16.545+0800 [INFO]  c56cb3b9-5bcc-2ef9-c3dc-e18bef4bc7a9: updating configuration: command=RemoveServer server-id=baf1b6ec-4545-085b-1813-c1fd10272eb7 server-addr= servers="[{Suffrage:Voter ID:c56cb3b9-5bcc-2ef9-c3dc-e18bef4bc7a9 Address:c56cb3b9-5bcc-2ef9-c3dc-e18bef4bc7a9} {Suffrage:Voter ID:0a7f246e-d286-5cf5-75f1-a3ce975b81d3 Address:0a7f246e-d286-5cf5-75f1-a3ce975b81d3}]"
2026-10-08T13:21:16.545+0800 [INFO]  c56cb3b9-5bcc-2ef9-c3dc-e18bef4bc7a9: removed peer, stopping replication: peer=baf1b6ec-4545-085b-1813-c1fd10272eb7 last-index=4
2026-10-08T13:21:16.545+0800 [INFO]  c56cb3b9-5bcc-2ef9-c3dc-e18bef4bc7a9: aborting pipeline replication: peer="{Voter baf1b6ec-4545-085b-1813-c1fd10272eb7 baf1b6ec-4545-085b-1813-c1fd10272eb7}"
2026-10-08T13:21:16.546+0800 [INFO]  c56cb3b9-5bcc-2ef9-c3dc-e18bef4bc7a9: aborting pipeline replication: peer="{Voter 0a7f246e-d286-5cf5-75f1-a3ce975b81d3 0a7f246e-d286-5cf5-75f1-a3ce975b81d3}"
2026-10-08T13:21:17.046+0800 [ERROR] c56cb3b9-5bcc-2ef9-c3dc-e18bef4bc7a9: failed to heartbeat to: peer=0a7f246e-d286-5cf5-75f1-a3ce975b81d3 backoff time=10ms error="command timed out"
--- PASS: TestRaft_ProtocolVersion_Upgrade_1_2 (1.10s)
=== RUN   TestRaft_ProtocolVersion_Upgrade_2_3
2026-10-08T13:21:17.048+0800 [DEBUG] cluster: fully connecting
2026-10-08T13:21:17.049+0800 [INFO]  60b0cf8e-b3ca-3588-197d-941f0a45cdd4: initial configuration: index=1 servers="[{Suffrage:Voter ID:60b0cf8e-b3ca-3588-197d-941f0a45cdd4 Address:60b0cf8e-b3ca-3588-197d-941f0a45cdd4} {Suffrage:Voter ID:48a32c12-c914-d6ff-e6de-af0fa5e1a1e6 Address:48a32c12-c914-d6ff-e6de-af0fa5e1a1e6}]"
2026-10-08T13:21:17.049+0800 [INFO]  48a32c12-c914-d6ff-e6de-af0fa5e1a1e6: initial configuration: index=1 servers="[{Suffrage:Voter ID:60b0cf8e-b3ca-3588-197d-941f0a45cdd4 Address:60b0cf8e-b3ca-3588-197d-941f0a45cdd4} {Suffrage:Voter ID:48a32c12-c914-d6ff-e6de-af0fa5e1a1e6 Address:48a32c12-c914-d6ff-e6de-af0fa5e1a1e6}]"
2026-10-08T13:21:17.049+0800 [INFO]  cluster: starting stability test: raft-state=Follower
2026-10-08T13:21:17.049+0800 [INFO]  60b0cf8e-b3ca-3588-197d-941f0a45cdd4: entering follower state: follower="Node at 60b0cf8e-b3ca-3588-197d-941f0a45cdd4 [Follower]" leader-address= leader-id=
2026-10-08T13:21:17.049+0800 [INFO]  48a32c12-c914-d6ff-e6de-af0fa5e1a1e6: entering follower state: follower="Node at 48a32c12-c914-d6ff-e6de-af0fa5e1a1e6 [Follower]" leader-address= leader-id=
2026-10-08T13:21:17.120+0800 [WARN]  60b0cf8e-b3ca-3588-197d-941f0a45cdd4: heartbeat timeout reached, starting election: last-leader-addr= last-leader-id=
2026-10-08T13:21:17.120+0800 [INFO]  60b0cf8e-b3ca-3588-197d-941f0a45cdd4: entering candidate state: node="Node at 60b0cf8e-b3ca-3588-197d-941f0a45cdd4 [Candidate]" term=2
2026-10-08T13:21:17.120+0800 [DEBUG] 60b0cf8e-b3ca-3588-197d-941f0a45cdd4: pre-voting for self: term=2 id=60b0cf8e-b3ca-3588-197d-941f0a45cdd4
2026-10-08T13:21:17.120+0800 [DEBUG] 60b0cf8e-b3ca-3588-197d-941f0a45cdd4: asking for pre-vote: term=2 from=48a32c12-c914-d6ff-e6de-af0fa5e1a1e6 address=48a32c12-c914-d6ff-e6de-af0fa5e1a1e6
2026-10-08T13:21:17.120+0800 [DEBUG] 60b0cf8e-b3ca-3588-197d-941f0a45cdd4: calculated votes needed: needed=2 term=2
2026-10-08T13:21:17.120+0800 [DEBUG] 60b0cf8e-b3ca-3588-197d-941f0a45cdd4: pre-vote received: from=60b0cf8e-b3ca-3588-197d-941f0a45cdd4 term=2 tally=0
2026-10-08T13:21:17.120+0800 [DEBUG] 60b0cf8e-b3ca-3588-197d-941f0a45cdd4: pre-vote granted: from=60b0cf8e-b3ca-3588-197d-941f0a45cdd4 term=2 tally=1
2026-10-08T13:21:17.120+0800 [DEBUG] 48a32c12-c914-d6ff-e6de-af0fa5e1a1e6: received a requestPreVote with a newer term, grant the pre-vote
2026-10-08T13:21:17.120+0800 [DEBUG] 60b0cf8e-b3ca-3588-197d-941f0a45cdd4: pre-vote received: from=48a32c12-c914-d6ff-e6de-af0fa5e1a1e6 term=2 tally=1
2026-10-08T13:21:17.120+0800 [DEBUG] cluster: resetting stability timeout
2026-10-08T13:21:17.120+0800 [DEBUG] 60b0cf8e-b3ca-3588-197d-941f0a45cdd4: pre-vote granted: from=48a32c12-c914-d6ff-e6de-af0fa5e1a1e6 term=2 tally=2
2026-10-08T13:21:17.120+0800 [INFO]  60b0cf8e-b3ca-3588-197d-941f0a45cdd4: pre-vote successful, starting election: term=2 tally=2 refused=0 votesNeeded=2
2026-10-08T13:21:17.120+0800 [DEBUG] 60b0cf8e-b3ca-3588-197d-941f0a45cdd4: voting for self: term=2 id=60b0cf8e-b3ca-3588-197d-941f0a45cdd4
2026-10-08T13:21:17.121+0800 [DEBUG] 60b0cf8e-b3ca-3588-197d-941f0a45cdd4: asking for vote: term=2 from=48a32c12-c914-d6ff-e6de-af0fa5e1a1e6 address=48a32c12-c914-d6ff-e6de-af0fa5e1a1e6
2026-10-08T13:21:17.121+0800 [DEBUG] 60b0cf8e-b3ca-3588-197d-941f0a45cdd4: vote granted: from=60b0cf8e-b3ca-3588-197d-941f0a45cdd4 term=2 tally=1
2026-10-08T13:21:17.121+0800 [DEBUG] 48a32c12-c914-d6ff-e6de-af0fa5e1a1e6: lost leadership because received a requestVote with a newer term
2026-10-08T13:21:17.121+0800 [DEBUG] 60b0cf8e-b3ca-3588-197d-941f0a45cdd4: vote granted: from=48a32c12-c914-d6ff-e6de-af0fa5e1a1e6 term=2 tally=2
2026-10-08T13:21:17.121+0800 [INFO]  60b0cf8e-b3ca-3588-197d-941f0a45cdd4: election won: term=2 tally=2
2026-10-08T13:21:17.121+0800 [INFO]  60b0cf8e-b3ca-3588-197d-941f0a45cdd4: entering leader state: leader="Node at 60b0cf8e-b3ca-3588-197d-941f0a45cdd4 [Leader]"
2026-10-08T13:21:17.121+0800 [INFO]  60b0cf8e-b3ca-3588-197d-941f0a45cdd4: added peer, starting replication: peer=48a32c12-c914-d6ff-e6de-af0fa5e1a1e6
2026-10-08T13:21:17.121+0800 [DEBUG] cluster: resetting stability timeout
2026-10-08T13:21:17.121+0800 [DEBUG] cluster: resetting stability timeout
2026-10-08T13:21:17.121+0800 [INFO]  60b0cf8e-b3ca-3588-197d-941f0a45cdd4: pipelining replication: peer="{Voter 48a32c12-c914-d6ff-e6de-af0fa5e1a1e6 48a32c12-c914-d6ff-e6de-af0fa5e1a1e6}"
2026-10-08T13:21:17.227+0800 [INFO]  cluster: stable state for Follower reached at 2026-10-08 13:21:17.121585672 +0800 CST m=+14.056904885 (1 nodes), highestTerm is 2, 72.219091ms from start of poll, 72.681525ms from cluster start. Timeout at 2026-10-08 13:21:17.226642786 +0800 CST m=+14.161961858, 105.056973ms after stability
2026-10-08T13:21:17.227+0800 [DEBUG] cluster: fully connecting
2026-10-08T13:21:17.227+0800 [INFO]  server-12dd3653-e80f-d6f0-d62c-a959c22986f6: initial configuration: index=0 servers=[]
2026-10-08T13:21:17.227+0800 [DEBUG] cluster: fully connecting
2026-10-08T13:21:17.227+0800 [INFO]  cluster: starting stability test: raft-state=Leader
2026-10-08T13:21:17.227+0800 [INFO]  server-12dd3653-e80f-d6f0-d62c-a959c22986f6: entering follower state: follower="Node at 12dd3653-e80f-d6f0-d62c-a959c22986f6 [Follower]" leader-address= leader-id=
2026-10-08T13:21:17.327+0800 [WARN]  server-12dd3653-e80f-d6f0-d62c-a959c22986f6: no known peers, aborting election
2026-10-08T13:21:17.332+0800 [INFO]  cluster: stable state for Leader reached at 2026-10-08 13:21:17.227700632 +0800 CST m=+14.163019689 (1 nodes), highestTerm is 2, 152ns from start of poll, 178.796329ms from cluster start. Timeout at 2026-10-08 13:21:17.3327034 +0800 CST m=+14.268022491, 105.002802ms after stability
2026-10-08T13:21:17.332+0800 [INFO]  60b0cf8e-b3ca-3588-197d-941f0a45cdd4: updating configuration: command=AddVoter server-id=server-12dd3653-e80f-d6f0-d62c-a959c22986f6 server-addr=12dd3653-e80f-d6f0-d62c-a959c22986f6 servers="[{Suffrage:Voter ID:60b0cf8e-b3ca-3588-197d-941f0a45cdd4 Address:60b0cf8e-b3ca-3588-197d-941f0a45cdd4} {Suffrage:Voter ID:48a32c12-c914-d6ff-e6de-af0fa5e1a1e6 Address:48a32c12-c914-d6ff-e6de-af0fa5e1a1e6} {Suffrage:Voter ID:server-12dd3653-e80f-d6f0-d62c-a959c22986f6 Address:12dd3653-e80f-d6f0-d62c-a959c22986f6}]"
2026-10-08T13:21:17.332+0800 [INFO]  60b0cf8e-b3ca-3588-197d-941f0a45cdd4: added peer, starting replication: peer=server-12dd3653-e80f-d6f0-d62c-a959c22986f6
2026-10-08T13:21:17.332+0800 [WARN]  server-12dd3653-e80f-d6f0-d62c-a959c22986f6: failed to get previous log: previous-index=3 last-index=0 error="log not found"
2026-10-08T13:21:17.332+0800 [WARN]  60b0cf8e-b3ca-3588-197d-941f0a45cdd4: appendEntries rejected, sending older logs: peer="{Voter server-12dd3653-e80f-d6f0-d62c-a959c22986f6 12dd3653-e80f-d6f0-d62c-a959c22986f6}" next=1
2026-10-08T13:21:17.333+0800 [INFO]  60b0cf8e-b3ca-3588-197d-941f0a45cdd4: pipelining replication: peer="{Voter server-12dd3653-e80f-d6f0-d62c-a959c22986f6 12dd3653-e80f-d6f0-d62c-a959c22986f6}"
2026-10-08T13:21:17.333+0800 [INFO]  cluster: starting stability test: raft-state=Leader
2026-10-08T13:21:17.438+0800 [INFO]  cluster: stable state for Leader reached at 2026-10-08 13:21:17.333156941 +0800 CST m=+14.268476031 (1 nodes), highestTerm is 2, 391ns from start of poll, 284.252671ms from cluster start. Timeout at 2026-10-08 13:21:17.43816259 +0800 CST m=+14.373481667, 105.005636ms after stability
2026-10-08T13:21:17.438+0800 [INFO]  cluster: starting stability test: raft-state=Leader
2026-10-08T13:21:17.543+0800 [INFO]  cluster: stable state for Leader reached at 2026-10-08 13:21:17.43851761 +0800 CST m=+14.373836687 (1 nodes), highestTerm is 2, 210ns from start of poll, 389.613327ms from cluster start. Timeout at 2026-10-08 13:21:17.543524306 +0800 CST m=+14.478843401, 105.006714ms after stability
2026-10-08T13:21:17.544+0800 [INFO]  60b0cf8e-b3ca-3588-197d-941f0a45cdd4: updating configuration: command=RemoveServer server-id=48a32c12-c914-d6ff-e6de-af0fa5e1a1e6 server-addr= servers="[{Suffrage:Voter ID:60b0cf8e-b3ca-3588-197d-941f0a45cdd4 Address:60b0cf8e-b3ca-3588-197d-941f0a45cdd4} {Suffrage:Voter ID:server-12dd3653-e80f-d6f0-d62c-a959c22986f6 Address:12dd3653-e80f-d6f0-d62c-a959c22986f6}]"
2026-10-08T13:21:17.544+0800 [INFO]  60b0cf8e-b3ca-3588-197d-941f0a45cdd4: removed peer, stopping replication: peer=48a32c12-c914-d6ff-e6de-af0fa5e1a1e6 last-index=4
2026-10-08T13:21:17.544+0800 [INFO]  60b0cf8e-b3ca-3588-197d-941f0a45cdd4: aborting pipeline replication: peer="{Voter server-12dd3653-e80f-d6f0-d62c-a959c22986f6 12dd3653-e80f-d6f0-d62c-a959c22986f6}"
2026-10-08T13:21:17.544+0800 [INFO]  60b0cf8e-b3ca-3588-197d-941f0a45cdd4: aborting pipeline replication: peer="{Voter 48a32c12-c914-d6ff-e6de-af0fa5e1a1e6 48a32c12-c914-d6ff-e6de-af0fa5e1a1e6}"
--- PASS: TestRaft_ProtocolVersion_Upgrade_2_3 (0.50s)
=== RUN   TestRaft_ProtocolVersion_Upgrade_1_2
2026-10-08T13:21:17.551+0800 [DEBUG] cluster: fully connecting
2026-10-08T13:21:17.551+0800 [INFO]  77f1b734-1433-0ec2-cfed-4ddc349bcea2: initial configuration: index=1 servers="[{Suffrage:Voter ID:77f1b734-1433-0ec2-cfed-4ddc349bcea2 Address:77f1b734-1433-0ec2-cfed-4ddc349bcea2} {Suffrage:Voter ID:bce8671c-3175-709f-94cc-35373d4a5e32 Address:bce8671c-3175-709f-94cc-35373d4a5e32}]"
2026-10-08T13:21:17.551+0800 [INFO]  bce8671c-3175-709f-94cc-35373d4a5e32: initial configuration: index=1 servers="[{Suffrage:Voter ID:77f1b734-1433-0ec2-cfed-4ddc349bcea2 Address:77f1b734-1433-0ec2-cfed-4ddc349bcea2} {Suffrage:Voter ID:bce8671c-3175-709f-94cc-35373d4a5e32 Address:bce8671c-3175-709f-94cc-35373d4a5e32}]"
2026-10-08T13:21:17.551+0800 [INFO]  77f1b734-1433-0ec2-cfed-4ddc349bcea2: entering follower state: follower="Node at 77f1b734-1433-0ec2-cfed-4ddc349bcea2 [Follower]" leader-address= leader-id=
2026-10-08T13:21:17.551+0800 [INFO]  bce8671c-3175-709f-94cc-35373d4a5e32: entering follower state: follower="Node at bce8671c-3175-709f-94cc-35373d4a5e32 [Follower]" leader-address= leader-id=
2026-10-08T13:21:17.551+0800 [DEBUG] cluster: fully connecting
2026-10-08T13:21:17.551+0800 [INFO]  22de3c67-feaf-455d-3f26-d99a750b200d: initial configuration: index=0 servers=[]
2026-10-08T13:21:17.551+0800 [DEBUG] cluster: fully connecting
2026-10-08T13:21:17.551+0800 [INFO]  cluster: starting stability test: raft-state=Leader
2026-10-08T13:21:17.551+0800 [INFO]  22de3c67-feaf-455d-3f26-d99a750b200d: entering follower state: follower="Node at 22de3c67-feaf-455d-3f26-d99a750b200d [Follower]" leader-address= leader-id=
2026-10-08T13:21:17.616+0800 [WARN]  bce8671c-3175-709f-94cc-35373d4a5e32: heartbeat timeout reached, starting election: last-leader-addr= last-leader-id=
2026-10-08T13:21:17.616+0800 [INFO]  bce8671c-3175-709f-94cc-35373d4a5e32: entering candidate state: node="Node at bce8671c-3175-709f-94cc-35373d4a5e32 [Candidate]" term=2
2026-10-08T13:21:17.617+0800 [DEBUG] bce8671c-3175-709f-94cc-35373d4a5e32: asking for pre-vote: term=2 from=77f1b734-1433-0ec2-cfed-4ddc349bcea2 address=77f1b734-1433-0ec2-cfed-4ddc349bcea2
2026-10-08T13:21:17.617+0800 [DEBUG] bce8671c-3175-709f-94cc-35373d4a5e32: pre-voting for self: term=2 id=bce8671c-3175-709f-94cc-35373d4a5e32
2026-10-08T13:21:17.617+0800 [DEBUG] bce8671c-3175-709f-94cc-35373d4a5e32: calculated votes needed: needed=2 term=2
2026-10-08T13:21:17.617+0800 [DEBUG] bce8671c-3175-709f-94cc-35373d4a5e32: pre-vote received: from=bce8671c-3175-709f-94cc-35373d4a5e32 term=2 tally=0
2026-10-08T13:21:17.617+0800 [DEBUG] bce8671c-3175-709f-94cc-35373d4a5e32: pre-vote granted: from=bce8671c-3175-709f-94cc-35373d4a5e32 term=2 tally=1
2026-10-08T13:21:17.617+0800 [DEBUG] 77f1b734-1433-0ec2-cfed-4ddc349bcea2: received a requestPreVote with a newer term, grant the pre-vote
2026-10-08T13:21:17.617+0800 [DEBUG] cluster: resetting stability timeout
2026-10-08T13:21:17.617+0800 [DEBUG] bce8671c-3175-709f-94cc-35373d4a5e32: pre-vote received: from=77f1b734-1433-0ec2-cfed-4ddc349bcea2 term=2 tally=1
2026-10-08T13:21:17.617+0800 [DEBUG] bce8671c-3175-709f-94cc-35373d4a5e32: pre-vote granted: from=77f1b734-1433-0ec2-cfed-4ddc349bcea2 term=2 tally=2
2026-10-08T13:21:17.617+0800 [INFO]  bce8671c-3175-709f-94cc-35373d4a5e32: pre-vote successful, starting election: term=2 tally=2 refused=0 votesNeeded=2
2026-10-08T13:21:17.617+0800 [DEBUG] bce8671c-3175-709f-94cc-35373d4a5e32: asking for vote: term=2 from=77f1b734-1433-0ec2-cfed-4ddc349bcea2 address=77f1b734-1433-0ec2-cfed-4ddc349bcea2
2026-10-08T13:21:17.617+0800 [DEBUG] bce8671c-3175-709f-94cc-35373d4a5e32: voting for self: term=2 id=bce8671c-3175-709f-94cc-35373d4a5e32
2026-10-08T13:21:17.617+0800 [DEBUG] bce8671c-3175-709f-94cc-35373d4a5e32: vote granted: from=bce8671c-3175-709f-94cc-35373d4a5e32 term=2 tally=1
2026-10-08T13:21:17.617+0800 [DEBUG] 77f1b734-1433-0ec2-cfed-4ddc349bcea2: lost leadership because received a requestVote with a newer term
2026-10-08T13:21:17.617+0800 [DEBUG] bce8671c-3175-709f-94cc-35373d4a5e32: vote granted: from=77f1b734-1433-0ec2-cfed-4ddc349bcea2 term=2 tally=2
2026-10-08T13:21:17.617+0800 [INFO]  bce8671c-3175-709f-94cc-35373d4a5e32: election won: term=2 tally=2
2026-10-08T13:21:17.617+0800 [INFO]  bce8671c-3175-709f-94cc-35373d4a5e32: entering leader state: leader="Node at bce8671c-3175-709f-94cc-35373d4a5e32 [Leader]"
2026-10-08T13:21:17.617+0800 [INFO]  bce8671c-3175-709f-94cc-35373d4a5e32: added peer, starting replication: peer=77f1b734-1433-0ec2-cfed-4ddc349bcea2
2026-10-08T13:21:17.617+0800 [DEBUG] cluster: resetting stability timeout
2026-10-08T13:21:17.617+0800 [DEBUG] cluster: resetting stability timeout
2026-10-08T13:21:17.617+0800 [INFO]  bce8671c-3175-709f-94cc-35373d4a5e32: pipelining replication: peer="{Voter 77f1b734-1433-0ec2-cfed-4ddc349bcea2 77f1b734-1433-0ec2-cfed-4ddc349bcea2}"
2026-10-08T13:21:17.650+0800 [WARN]  22de3c67-feaf-455d-3f26-d99a750b200d: no known peers, aborting election
2026-10-08T13:21:17.722+0800 [INFO]  cluster: stable state for Leader reached at 2026-10-08 13:21:17.617335037 +0800 CST m=+14.552654116 (1 nodes), highestTerm is 2, 65.50019ms from start of poll, 65.934896ms from cluster start. Timeout at 2026-10-08 13:21:17.722339977 +0800 CST m=+14.657659077, 105.004961ms after stability
2026-10-08T13:21:17.722+0800 [INFO]  cluster: starting stability test: raft-state=Leader
2026-10-08T13:21:17.828+0800 [INFO]  cluster: stable state for Leader reached at 2026-10-08 13:21:17.722971327 +0800 CST m=+14.658290406 (1 nodes), highestTerm is 2, 287ns from start of poll, 171.571186ms from cluster start. Timeout at 2026-10-08 13:21:17.827980654 +0800 CST m=+14.763299775, 105.009369ms after stability
2026-10-08T13:21:17.828+0800 [INFO]  cluster: starting stability test: raft-state=Leader
2026-10-08T13:21:17.934+0800 [INFO]  cluster: stable state for Leader reached at 2026-10-08 13:21:17.828394676 +0800 CST m=+14.763713789 (1 nodes), highestTerm is 2, 421ns from start of poll, 276.994569ms from cluster start. Timeout at 2026-10-08 13:21:17.933409002 +0800 CST m=+14.868728215, 105.014426ms after stability
2026-10-08T13:21:17.934+0800 [INFO]  bce8671c-3175-709f-94cc-35373d4a5e32: updating configuration: command=AddVoter server-id=22de3c67-feaf-455d-3f26-d99a750b200d server-addr=22de3c67-feaf-455d-3f26-d99a750b200d servers="[{Suffrage:Voter ID:77f1b734-1433-0ec2-cfed-4ddc349bcea2 Address:77f1b734-1433-0ec2-cfed-4ddc349bcea2} {Suffrage:Voter ID:bce8671c-3175-709f-94cc-35373d4a5e32 Address:bce8671c-3175-709f-94cc-35373d4a5e32} {Suffrage:Voter ID:22de3c67-feaf-455d-3f26-d99a750b200d Address:22de3c67-feaf-455d-3f26-d99a750b200d}]"
2026-10-08T13:21:17.934+0800 [INFO]  bce8671c-3175-709f-94cc-35373d4a5e32: added peer, starting replication: peer=22de3c67-feaf-455d-3f26-d99a750b200d
2026-10-08T13:21:17.934+0800 [WARN]  22de3c67-feaf-455d-3f26-d99a750b200d: failed to get previous log: previous-index=3 last-index=0 error="log not found"
2026-10-08T13:21:17.935+0800 [WARN]  bce8671c-3175-709f-94cc-35373d4a5e32: appendEntries rejected, sending older logs: peer="{Voter 22de3c67-feaf-455d-3f26-d99a750b200d 22de3c67-feaf-455d-3f26-d99a750b200d}" next=1
2026-10-08T13:21:17.935+0800 [INFO]  bce8671c-3175-709f-94cc-35373d4a5e32: pipelining replication: peer="{Voter 22de3c67-feaf-455d-3f26-d99a750b200d 22de3c67-feaf-455d-3f26-d99a750b200d}"
2026-10-08T13:21:17.941+0800 [INFO]  cluster: starting stability test: raft-state=Leader
2026-10-08T13:21:18.047+0800 [INFO]  cluster: stable state for Leader reached at 2026-10-08 13:21:17.941255098 +0800 CST m=+14.876574192 (1 nodes), highestTerm is 2, 279ns from start of poll, 389.854972ms from cluster start. Timeout at 2026-10-08 13:21:18.04626425 +0800 CST m=+14.981583461, 105.009269ms after stability
2026-10-08T13:21:18.047+0800 [INFO]  cluster: starting stability test: raft-state=Leader
2026-10-08T13:21:18.153+0800 [INFO]  cluster: stable state for Leader reached at 2026-10-08 13:21:18.047506306 +0800 CST m=+14.982825459 (1 nodes), highestTerm is 2, 851ns from start of poll, 496.106239ms from cluster start. Timeout at 2026-10-08 13:21:18.152521626 +0800 CST m=+15.087840811, 105.015352ms after stability
2026-10-08T13:21:18.153+0800 [INFO]  bce8671c-3175-709f-94cc-35373d4a5e32: updating configuration: command=RemoveServer server-id=22de3c67-feaf-455d-3f26-d99a750b200d server-addr= servers="[{Suffrage:Voter ID:77f1b734-1433-0ec2-cfed-4ddc349bcea2 Address:77f1b734-1433-0ec2-cfed-4ddc349bcea2} {Suffrage:Voter ID:bce8671c-3175-709f-94cc-35373d4a5e32 Address:bce8671c-3175-709f-94cc-35373d4a5e32}]"
2026-10-08T13:21:18.153+0800 [INFO]  bce8671c-3175-709f-94cc-35373d4a5e32: removed peer, stopping replication: peer=22de3c67-feaf-455d-3f26-d99a750b200d last-index=4
2026-10-08T13:21:18.154+0800 [INFO]  bce8671c-3175-709f-94cc-35373d4a5e32: aborting pipeline replication: peer="{Voter 22de3c67-feaf-455d-3f26-d99a750b200d 22de3c67-feaf-455d-3f26-d99a750b200d}"
2026-10-08T13:21:18.154+0800 [INFO]  bce8671c-3175-709f-94cc-35373d4a5e32: aborting pipeline replication: peer="{Voter 77f1b734-1433-0ec2-cfed-4ddc349bcea2 77f1b734-1433-0ec2-cfed-4ddc349bcea2}"
--- PASS: TestRaft_ProtocolVersion_Upgrade_1_2 (0.60s)
=== RUN   TestRaft_ProtocolVersion_Upgrade_2_3
2026-10-08T13:21:18.156+0800 [DEBUG] cluster: fully connecting
2026-10-08T13:21:18.156+0800 [INFO]  9fe44d91-8371-a463-2002-2825d023a456: initial configuration: index=1 servers="[{Suffrage:Voter ID:9fe44d91-8371-a463-2002-2825d023a456 Address:9fe44d91-8371-a463-2002-2825d023a456} {Suffrage:Voter ID:d9e5a802-808b-aad7-e6d6-259f1d5650f5 Address:d9e5a802-808b-aad7-e6d6-259f1d5650f5}]"
2026-10-08T13:21:18.157+0800 [INFO]  9fe44d91-8371-a463-2002-2825d023a456: entering follower state: follower="Node at 9fe44d91-8371-a463-2002-2825d023a456 [Follower]" leader-address= leader-id=
2026-10-08T13:21:18.157+0800 [INFO]  d9e5a802-808b-aad7-e6d6-259f1d5650f5: initial configuration: index=1 servers="[{Suffrage:Voter ID:9fe44d91-8371-a463-2002-2825d023a456 Address:9fe44d91-8371-a463-2002-2825d023a456} {Suffrage:Voter ID:d9e5a802-808b-aad7-e6d6-259f1d5650f5 Address:d9e5a802-808b-aad7-e6d6-259f1d5650f5}]"
2026-10-08T13:21:18.157+0800 [INFO]  cluster: starting stability test: raft-state=Follower
2026-10-08T13:21:18.157+0800 [INFO]  d9e5a802-808b-aad7-e6d6-259f1d5650f5: entering follower state: follower="Node at d9e5a802-808b-aad7-e6d6-259f1d5650f5 [Follower]" leader-address= leader-id=
2026-10-08T13:21:18.256+0800 [WARN]  d9e5a802-808b-aad7-e6d6-259f1d5650f5: heartbeat timeout reached, starting election: last-leader-addr= last-leader-id=
2026-10-08T13:21:18.256+0800 [INFO]  d9e5a802-808b-aad7-e6d6-259f1d5650f5: entering candidate state: node="Node at d9e5a802-808b-aad7-e6d6-259f1d5650f5 [Candidate]" term=2
2026-10-08T13:21:18.256+0800 [DEBUG] d9e5a802-808b-aad7-e6d6-259f1d5650f5: asking for pre-vote: term=2 from=9fe44d91-8371-a463-2002-2825d023a456 address=9fe44d91-8371-a463-2002-2825d023a456
2026-10-08T13:21:18.256+0800 [DEBUG] d9e5a802-808b-aad7-e6d6-259f1d5650f5: pre-voting for self: term=2 id=d9e5a802-808b-aad7-e6d6-259f1d5650f5
2026-10-08T13:21:18.256+0800 [DEBUG] d9e5a802-808b-aad7-e6d6-259f1d5650f5: calculated votes needed: needed=2 term=2
2026-10-08T13:21:18.256+0800 [DEBUG] d9e5a802-808b-aad7-e6d6-259f1d5650f5: pre-vote received: from=d9e5a802-808b-aad7-e6d6-259f1d5650f5 term=2 tally=0
2026-10-08T13:21:18.256+0800 [DEBUG] d9e5a802-808b-aad7-e6d6-259f1d5650f5: pre-vote granted: from=d9e5a802-808b-aad7-e6d6-259f1d5650f5 term=2 tally=1
2026-10-08T13:21:18.256+0800 [DEBUG] 9fe44d91-8371-a463-2002-2825d023a456: received a requestPreVote with a newer term, grant the pre-vote
2026-10-08T13:21:18.256+0800 [DEBUG] d9e5a802-808b-aad7-e6d6-259f1d5650f5: pre-vote received: from=9fe44d91-8371-a463-2002-2825d023a456 term=2 tally=1
2026-10-08T13:21:18.256+0800 [DEBUG] d9e5a802-808b-aad7-e6d6-259f1d5650f5: pre-vote granted: from=9fe44d91-8371-a463-2002-2825d023a456 term=2 tally=2
2026-10-08T13:21:18.256+0800 [INFO]  d9e5a802-808b-aad7-e6d6-259f1d5650f5: pre-vote successful, starting election: term=2 tally=2 refused=0 votesNeeded=2
2026-10-08T13:21:18.256+0800 [DEBUG] d9e5a802-808b-aad7-e6d6-259f1d5650f5: asking for vote: term=2 from=9fe44d91-8371-a463-2002-2825d023a456 address=9fe44d91-8371-a463-2002-2825d023a456
2026-10-08T13:21:18.256+0800 [DEBUG] d9e5a802-808b-aad7-e6d6-259f1d5650f5: voting for self: term=2 id=d9e5a802-808b-aad7-e6d6-259f1d5650f5
2026-10-08T13:21:18.256+0800 [DEBUG] d9e5a802-808b-aad7-e6d6-259f1d5650f5: vote granted: from=d9e5a802-808b-aad7-e6d6-259f1d5650f5 term=2 tally=1
2026-10-08T13:21:18.256+0800 [DEBUG] cluster: resetting stability timeout
2026-10-08T13:21:18.256+0800 [DEBUG] cluster: resetting stability timeout
2026-10-08T13:21:18.256+0800 [DEBUG] 9fe44d91-8371-a463-2002-2825d023a456: lost leadership because received a requestVote with a newer term
2026-10-08T13:21:18.256+0800 [DEBUG] d9e5a802-808b-aad7-e6d6-259f1d5650f5: vote granted: from=9fe44d91-8371-a463-2002-2825d023a456 term=2 tally=2
2026-10-08T13:21:18.256+0800 [INFO]  d9e5a802-808b-aad7-e6d6-259f1d5650f5: election won: term=2 tally=2
2026-10-08T13:21:18.256+0800 [INFO]  d9e5a802-808b-aad7-e6d6-259f1d5650f5: entering leader state: leader="Node at d9e5a802-808b-aad7-e6d6-259f1d5650f5 [Leader]"
2026-10-08T13:21:18.256+0800 [INFO]  d9e5a802-808b-aad7-e6d6-259f1d5650f5: added peer, starting replication: peer=9fe44d91-8371-a463-2002-2825d023a456
2026-10-08T13:21:18.257+0800 [DEBUG] cluster: resetting stability timeout
2026-10-08T13:21:18.257+0800 [INFO]  d9e5a802-808b-aad7-e6d6-259f1d5650f5: pipelining replication: peer="{Voter 9fe44d91-8371-a463-2002-2825d023a456 9fe44d91-8371-a463-2002-2825d023a456}"
2026-10-08T13:21:18.363+0800 [INFO]  cluster: stable state for Follower reached at 2026-10-08 13:21:18.257126422 +0800 CST m=+15.192445505 (1 nodes), highestTerm is 2, 99.778711ms from start of poll, 100.318671ms from cluster start. Timeout at 2026-10-08 13:21:18.362131539 +0800 CST m=+15.297450638, 105.005133ms after stability
2026-10-08T13:21:18.363+0800 [DEBUG] cluster: fully connecting
2026-10-08T13:21:18.363+0800 [INFO]  server-d7420341-757b-2073-dc1a-fe1c32ac103a: initial configuration: index=0 servers=[]
2026-10-08T13:21:18.363+0800 [DEBUG] cluster: fully connecting
2026-10-08T13:21:18.363+0800 [INFO]  cluster: starting stability test: raft-state=Leader
2026-10-08T13:21:18.363+0800 [INFO]  server-d7420341-757b-2073-dc1a-fe1c32ac103a: entering follower state: follower="Node at d7420341-757b-2073-dc1a-fe1c32ac103a [Follower]" leader-address= leader-id=
2026-10-08T13:21:18.461+0800 [WARN]  server-d7420341-757b-2073-dc1a-fe1c32ac103a: no known peers, aborting election
2026-10-08T13:21:18.469+0800 [INFO]  cluster: stable state for Leader reached at 2026-10-08 13:21:18.363875541 +0800 CST m=+15.299194617 (1 nodes), highestTerm is 2, 312ns from start of poll, 207.067783ms from cluster start. Timeout at 2026-10-08 13:21:18.468889658 +0800 CST m=+15.404208871, 105.014254ms after stability
2026-10-08T13:21:18.470+0800 [INFO]  d9e5a802-808b-aad7-e6d6-259f1d5650f5: updating configuration: command=AddVoter server-id=server-d7420341-757b-2073-dc1a-fe1c32ac103a server-addr=d7420341-757b-2073-dc1a-fe1c32ac103a servers="[{Suffrage:Voter ID:9fe44d91-8371-a463-2002-2825d023a456 Address:9fe44d91-8371-a463-2002-2825d023a456} {Suffrage:Voter ID:d9e5a802-808b-aad7-e6d6-259f1d5650f5 Address:d9e5a802-808b-aad7-e6d6-259f1d5650f5} {Suffrage:Voter ID:server-d7420341-757b-2073-dc1a-fe1c32ac103a Address:d7420341-757b-2073-dc1a-fe1c32ac103a}]"
2026-10-08T13:21:18.470+0800 [INFO]  d9e5a802-808b-aad7-e6d6-259f1d5650f5: added peer, starting replication: peer=server-d7420341-757b-2073-dc1a-fe1c32ac103a
2026-10-08T13:21:18.470+0800 [WARN]  server-d7420341-757b-2073-dc1a-fe1c32ac103a: failed to get previous log: previous-index=3 last-index=0 error="log not found"
2026-10-08T13:21:18.470+0800 [WARN]  d9e5a802-808b-aad7-e6d6-259f1d5650f5: appendEntries rejected, sending older logs: peer="{Voter server-d7420341-757b-2073-dc1a-fe1c32ac103a d7420341-757b-2073-dc1a-fe1c32ac103a}" next=1
2026-10-08T13:21:18.470+0800 [INFO]  d9e5a802-808b-aad7-e6d6-259f1d5650f5: pipelining replication: peer="{Voter server-d7420341-757b-2073-dc1a-fe1c32ac103a d7420341-757b-2073-dc1a-fe1c32ac103a}"
    testing.go:705: peer mismatch: {Servers:[{Suffrage:Voter ID:9fe44d91-8371-a463-2002-2825d023a456 Address:9fe44d91-8371-a463-2002-2825d023a456} {Suffrage:Voter ID:d9e5a802-808b-aad7-e6d6-259f1d5650f5 Address:d9e5a802-808b-aad7-e6d6-259f1d5650f5}]} {Servers:[{Suffrage:Voter ID:9fe44d91-8371-a463-2002-2825d023a456 Address:9fe44d91-8371-a463-2002-2825d023a456} {Suffrage:Voter ID:d9e5a802-808b-aad7-e6d6-259f1d5650f5 Address:d9e5a802-808b-aad7-e6d6-259f1d5650f5} {Suffrage:Voter ID:server-d7420341-757b-2073-dc1a-fe1c32ac103a Address:d7420341-757b-2073-dc1a-fe1c32ac103a}]}
2026-10-08T13:21:23.473+0800 [INFO]  d9e5a802-808b-aad7-e6d6-259f1d5650f5: aborting pipeline replication: peer="{Voter server-d7420341-757b-2073-dc1a-fe1c32ac103a d7420341-757b-2073-dc1a-fe1c32ac103a}"
2026-10-08T13:21:23.473+0800 [INFO]  d9e5a802-808b-aad7-e6d6-259f1d5650f5: aborting pipeline replication: peer="{Voter 9fe44d91-8371-a463-2002-2825d023a456 9fe44d91-8371-a463-2002-2825d023a456}"
--- FAIL: TestRaft_ProtocolVersion_Upgrade_2_3 (5.32s)
=== RUN   TestRaft_ProtocolVersion_Upgrade_1_2
2026-10-08T13:21:23.476+0800 [DEBUG] cluster: fully connecting
2026-10-08T13:21:23.476+0800 [INFO]  4a159412-4708-318b-1ab2-376d4a659701: initial configuration: index=1 servers="[{Suffrage:Voter ID:4a159412-4708-318b-1ab2-376d4a659701 Address:4a159412-4708-318b-1ab2-376d4a659701} {Suffrage:Voter ID:f106a8c1-cc2e-984e-213f-9c0408794bdf Address:f106a8c1-cc2e-984e-213f-9c0408794bdf}]"
2026-10-08T13:21:23.476+0800 [INFO]  f106a8c1-cc2e-984e-213f-9c0408794bdf: initial configuration: index=1 servers="[{Suffrage:Voter ID:4a159412-4708-318b-1ab2-376d4a659701 Address:4a159412-4708-318b-1ab2-376d4a659701} {Suffrage:Voter ID:f106a8c1-cc2e-984e-213f-9c0408794bdf Address:f106a8c1-cc2e-984e-213f-9c0408794bdf}]"
2026-10-08T13:21:23.476+0800 [INFO]  4a159412-4708-318b-1ab2-376d4a659701: entering follower state: follower="Node at 4a159412-4708-318b-1ab2-376d4a659701 [Follower]" leader-address= leader-id=
2026-10-08T13:21:23.476+0800 [INFO]  f106a8c1-cc2e-984e-213f-9c0408794bdf: entering follower state: follower="Node at f106a8c1-cc2e-984e-213f-9c0408794bdf [Follower]" leader-address= leader-id=
2026-10-08T13:21:23.476+0800 [DEBUG] cluster: fully connecting
2026-10-08T13:21:23.476+0800 [INFO]  fafff99d-8fa0-7d91-6bc3-ebd05cc9a528: initial configuration: index=0 servers=[]
2026-10-08T13:21:23.476+0800 [DEBUG] cluster: fully connecting
2026-10-08T13:21:23.476+0800 [INFO]  cluster: starting stability test: raft-state=Leader
2026-10-08T13:21:23.476+0800 [INFO]  fafff99d-8fa0-7d91-6bc3-ebd05cc9a528: entering follower state: follower="Node at fafff99d-8fa0-7d91-6bc3-ebd05cc9a528 [Follower]" leader-address= leader-id=
2026-10-08T13:21:23.555+0800 [WARN]  f106a8c1-cc2e-984e-213f-9c0408794bdf: heartbeat timeout reached, starting election: last-leader-addr= last-leader-id=
2026-10-08T13:21:23.555+0800 [INFO]  f106a8c1-cc2e-984e-213f-9c0408794bdf: entering candidate state: node="Node at f106a8c1-cc2e-984e-213f-9c0408794bdf [Candidate]" term=2
2026-10-08T13:21:23.555+0800 [DEBUG] f106a8c1-cc2e-984e-213f-9c0408794bdf: asking for pre-vote: term=2 from=4a159412-4708-318b-1ab2-376d4a659701 address=4a159412-4708-318b-1ab2-376d4a659701
2026-10-08T13:21:23.555+0800 [DEBUG] f106a8c1-cc2e-984e-213f-9c0408794bdf: pre-voting for self: term=2 id=f106a8c1-cc2e-984e-213f-9c0408794bdf
2026-10-08T13:21:23.555+0800 [DEBUG] f106a8c1-cc2e-984e-213f-9c0408794bdf: calculated votes needed: needed=2 term=2
2026-10-08T13:21:23.555+0800 [DEBUG] f106a8c1-cc2e-984e-213f-9c0408794bdf: pre-vote received: from=f106a8c1-cc2e-984e-213f-9c0408794bdf term=2 tally=0
2026-10-08T13:21:23.555+0800 [DEBUG] f106a8c1-cc2e-984e-213f-9c0408794bdf: pre-vote granted: from=f106a8c1-cc2e-984e-213f-9c0408794bdf term=2 tally=1
2026-10-08T13:21:23.555+0800 [DEBUG] cluster: resetting stability timeout
2026-10-08T13:21:23.555+0800 [DEBUG] 4a159412-4708-318b-1ab2-376d4a659701: received a requestPreVote with a newer term, grant the pre-vote
2026-10-08T13:21:23.555+0800 [DEBUG] f106a8c1-cc2e-984e-213f-9c0408794bdf: pre-vote received: from=4a159412-4708-318b-1ab2-376d4a659701 term=2 tally=1
2026-10-08T13:21:23.555+0800 [DEBUG] f106a8c1-cc2e-984e-213f-9c0408794bdf: pre-vote granted: from=4a159412-4708-318b-1ab2-376d4a659701 term=2 tally=2
2026-10-08T13:21:23.555+0800 [INFO]  f106a8c1-cc2e-984e-213f-9c0408794bdf: pre-vote successful, starting election: term=2 tally=2 refused=0 votesNeeded=2
2026-10-08T13:21:23.555+0800 [DEBUG] f106a8c1-cc2e-984e-213f-9c0408794bdf: asking for vote: term=2 from=4a159412-4708-318b-1ab2-376d4a659701 address=4a159412-4708-318b-1ab2-376d4a659701
2026-10-08T13:21:23.555+0800 [DEBUG] f106a8c1-cc2e-984e-213f-9c0408794bdf: voting for self: term=2 id=f106a8c1-cc2e-984e-213f-9c0408794bdf
2026-10-08T13:21:23.555+0800 [DEBUG] f106a8c1-cc2e-984e-213f-9c0408794bdf: vote granted: from=f106a8c1-cc2e-984e-213f-9c0408794bdf term=2 tally=1
2026-10-08T13:21:23.555+0800 [DEBUG] 4a159412-4708-318b-1ab2-376d4a659701: lost leadership because received a requestVote with a newer term
2026-10-08T13:21:23.555+0800 [DEBUG] f106a8c1-cc2e-984e-213f-9c0408794bdf: vote granted: from=4a159412-4708-318b-1ab2-376d4a659701 term=2 tally=2
2026-10-08T13:21:23.555+0800 [INFO]  f106a8c1-cc2e-984e-213f-9c0408794bdf: election won: term=2 tally=2
2026-10-08T13:21:23.555+0800 [INFO]  f106a8c1-cc2e-984e-213f-9c0408794bdf: entering leader state: leader="Node at f106a8c1-cc2e-984e-213f-9c0408794bdf [Leader]"
2026-10-08T13:21:23.555+0800 [INFO]  f106a8c1-cc2e-984e-213f-9c0408794bdf: added peer, starting replication: peer=4a159412-4708-318b-1ab2-376d4a659701
2026-10-08T13:21:23.555+0800 [INFO]  f106a8c1-cc2e-984e-213f-9c0408794bdf: pipelining replication: peer="{Voter 4a159412-4708-318b-1ab2-376d4a659701 4a159412-4708-318b-1ab2-376d4a659701}"
2026-10-08T13:21:23.555+0800 [DEBUG] cluster: resetting stability timeout
2026-10-08T13:21:23.555+0800 [DEBUG] cluster: resetting stability timeout
2026-10-08T13:21:23.577+0800 [WARN]  fafff99d-8fa0-7d91-6bc3-ebd05cc9a528: no known peers, aborting election
2026-10-08T13:21:23.660+0800 [INFO]  cluster: stable state for Leader reached at 2026-10-08 13:21:23.555654314 +0800 CST m=+20.490973436 (1 nodes), highestTerm is 2, 78.787498ms from start of poll, 79.0778ms from cluster start. Timeout at 2026-10-08 13:21:23.660657963 +0800 CST m=+20.595977098, 105.003662ms after stability
2026-10-08T13:21:23.660+0800 [INFO]  cluster: starting stability test: raft-state=Leader
2026-10-08T13:21:23.767+0800 [INFO]  cluster: stable state for Leader reached at 2026-10-08 13:21:23.660937916 +0800 CST m=+20.596257015 (1 nodes), highestTerm is 2, 421ns from start of poll, 184.361379ms from cluster start. Timeout at 2026-10-08 13:21:23.765946646 +0800 CST m=+20.701265801, 105.008786ms after stability
2026-10-08T13:21:23.767+0800 [INFO]  cluster: starting stability test: raft-state=Leader
2026-10-08T13:21:23.873+0800 [INFO]  cluster: stable state for Leader reached at 2026-10-08 13:21:23.767270552 +0800 CST m=+20.702589670 (1 nodes), highestTerm is 2, 634ns from start of poll, 290.694034ms from cluster start. Timeout at 2026-10-08 13:21:23.872283342 +0800 CST m=+20.807602556, 105.012886ms after stability
2026-10-08T13:21:23.873+0800 [INFO]  f106a8c1-cc2e-984e-213f-9c0408794bdf: updating configuration: command=AddVoter server-id=fafff99d-8fa0-7d91-6bc3-ebd05cc9a528 server-addr=fafff99d-8fa0-7d91-6bc3-ebd05cc9a528 servers="[{Suffrage:Voter ID:4a159412-4708-318b-1ab2-376d4a659701 Address:4a159412-4708-318b-1ab2-376d4a659701} {Suffrage:Voter ID:f106a8c1-cc2e-984e-213f-9c0408794bdf Address:f106a8c1-cc2e-984e-213f-9c0408794bdf} {Suffrage:Voter ID:fafff99d-8fa0-7d91-6bc3-ebd05cc9a528 Address:fafff99d-8fa0-7d91-6bc3-ebd05cc9a528}]"
2026-10-08T13:21:23.874+0800 [INFO]  f106a8c1-cc2e-984e-213f-9c0408794bdf: added peer, starting replication: peer=fafff99d-8fa0-7d91-6bc3-ebd05cc9a528
2026-10-08T13:21:23.874+0800 [WARN]  fafff99d-8fa0-7d91-6bc3-ebd05cc9a528: failed to get previous log: previous-index=3 last-index=0 error="log not found"
2026-10-08T13:21:23.874+0800 [WARN]  f106a8c1-cc2e-984e-213f-9c0408794bdf: appendEntries rejected, sending older logs: peer="{Voter fafff99d-8fa0-7d91-6bc3-ebd05cc9a528 fafff99d-8fa0-7d91-6bc3-ebd05cc9a528}" next=1
2026-10-08T13:21:23.874+0800 [INFO]  f106a8c1-cc2e-984e-213f-9c0408794bdf: pipelining replication: peer="{Voter fafff99d-8fa0-7d91-6bc3-ebd05cc9a528 fafff99d-8fa0-7d91-6bc3-ebd05cc9a528}"
2026-10-08T13:21:23.879+0800 [INFO]  cluster: starting stability test: raft-state=Leader
2026-10-08T13:21:23.986+0800 [INFO]  cluster: stable state for Leader reached at 2026-10-08 13:21:23.880213115 +0800 CST m=+20.815532221 (1 nodes), highestTerm is 2, 789ns from start of poll, 403.636585ms from cluster start. Timeout at 2026-10-08 13:21:23.985224195 +0800 CST m=+20.920543470, 105.011249ms after stability
2026-10-08T13:21:23.986+0800 [INFO]  cluster: starting stability test: raft-state=Leader
2026-10-08T13:21:24.092+0800 [INFO]  cluster: stable state for Leader reached at 2026-10-08 13:21:23.986947265 +0800 CST m=+20.922266415 (1 nodes), highestTerm is 2, 856ns from start of poll, 510.370779ms from cluster start. Timeout at 2026-10-08 13:21:24.091959372 +0800 CST m=+21.027278535, 105.01212ms after stability
2026-10-08T13:21:24.092+0800 [INFO]  f106a8c1-cc2e-984e-213f-9c0408794bdf: updating configuration: command=RemoveServer server-id=fafff99d-8fa0-7d91-6bc3-ebd05cc9a528 server-addr= servers="[{Suffrage:Voter ID:4a159412-4708-318b-1ab2-376d4a659701 Address:4a159412-4708-318b-1ab2-376d4a659701} {Suffrage:Voter ID:f106a8c1-cc2e-984e-213f-9c0408794bdf Address:f106a8c1-cc2e-984e-213f-9c0408794bdf}]"
2026-10-08T13:21:24.092+0800 [INFO]  f106a8c1-cc2e-984e-213f-9c0408794bdf: removed peer, stopping replication: peer=fafff99d-8fa0-7d91-6bc3-ebd05cc9a528 last-index=4
2026-10-08T13:21:24.092+0800 [INFO]  f106a8c1-cc2e-984e-213f-9c0408794bdf: aborting pipeline replication: peer="{Voter fafff99d-8fa0-7d91-6bc3-ebd05cc9a528 fafff99d-8fa0-7d91-6bc3-ebd05cc9a528}"
2026-10-08T13:21:24.092+0800 [INFO]  f106a8c1-cc2e-984e-213f-9c0408794bdf: aborting pipeline replication: peer="{Voter 4a159412-4708-318b-1ab2-376d4a659701 4a159412-4708-318b-1ab2-376d4a659701}"
--- PASS: TestRaft_ProtocolVersion_Upgrade_1_2 (0.62s)
=== RUN   TestRaft_ProtocolVersion_Upgrade_2_3
2026-10-08T13:21:24.095+0800 [DEBUG] cluster: fully connecting
2026-10-08T13:21:24.095+0800 [INFO]  da79ceea-df59-f0b8-f1c2-88a3e141b484: initial configuration: index=1 servers="[{Suffrage:Voter ID:da79ceea-df59-f0b8-f1c2-88a3e141b484 Address:da79ceea-df59-f0b8-f1c2-88a3e141b484} {Suffrage:Voter ID:c42c6cf6-85cb-ed5f-d045-004199b802dc Address:c42c6cf6-85cb-ed5f-d045-004199b802dc}]"
2026-10-08T13:21:24.096+0800 [INFO]  da79ceea-df59-f0b8-f1c2-88a3e141b484: entering follower state: follower="Node at da79ceea-df59-f0b8-f1c2-88a3e141b484 [Follower]" leader-address= leader-id=
2026-10-08T13:21:24.096+0800 [INFO]  c42c6cf6-85cb-ed5f-d045-004199b802dc: initial configuration: index=1 servers="[{Suffrage:Voter ID:da79ceea-df59-f0b8-f1c2-88a3e141b484 Address:da79ceea-df59-f0b8-f1c2-88a3e141b484} {Suffrage:Voter ID:c42c6cf6-85cb-ed5f-d045-004199b802dc Address:c42c6cf6-85cb-ed5f-d045-004199b802dc}]"
2026-10-08T13:21:24.096+0800 [INFO]  cluster: starting stability test: raft-state=Follower
2026-10-08T13:21:24.096+0800 [INFO]  c42c6cf6-85cb-ed5f-d045-004199b802dc: entering follower state: follower="Node at c42c6cf6-85cb-ed5f-d045-004199b802dc [Follower]" leader-address= leader-id=
2026-10-08T13:21:24.174+0800 [WARN]  da79ceea-df59-f0b8-f1c2-88a3e141b484: heartbeat timeout reached, starting election: last-leader-addr= last-leader-id=
2026-10-08T13:21:24.174+0800 [INFO]  da79ceea-df59-f0b8-f1c2-88a3e141b484: entering candidate state: node="Node at da79ceea-df59-f0b8-f1c2-88a3e141b484 [Candidate]" term=2
2026-10-08T13:21:24.174+0800 [DEBUG] da79ceea-df59-f0b8-f1c2-88a3e141b484: pre-voting for self: term=2 id=da79ceea-df59-f0b8-f1c2-88a3e141b484
2026-10-08T13:21:24.174+0800 [DEBUG] da79ceea-df59-f0b8-f1c2-88a3e141b484: asking for pre-vote: term=2 from=c42c6cf6-85cb-ed5f-d045-004199b802dc address=c42c6cf6-85cb-ed5f-d045-004199b802dc
2026-10-08T13:21:24.174+0800 [DEBUG] da79ceea-df59-f0b8-f1c2-88a3e141b484: calculated votes needed: needed=2 term=2
2026-10-08T13:21:24.174+0800 [DEBUG] da79ceea-df59-f0b8-f1c2-88a3e141b484: pre-vote received: from=da79ceea-df59-f0b8-f1c2-88a3e141b484 term=2 tally=0
2026-10-08T13:21:24.174+0800 [DEBUG] da79ceea-df59-f0b8-f1c2-88a3e141b484: pre-vote granted: from=da79ceea-df59-f0b8-f1c2-88a3e141b484 term=2 tally=1
2026-10-08T13:21:24.174+0800 [WARN]  c42c6cf6-85cb-ed5f-d045-004199b802dc: heartbeat timeout reached, starting election: last-leader-addr= last-leader-id=
2026-10-08T13:21:24.174+0800 [INFO]  c42c6cf6-85cb-ed5f-d045-004199b802dc: entering candidate state: node="Node at c42c6cf6-85cb-ed5f-d045-004199b802dc [Candidate]" term=2
2026-10-08T13:21:24.174+0800 [DEBUG] c42c6cf6-85cb-ed5f-d045-004199b802dc: asking for pre-vote: term=2 from=da79ceea-df59-f0b8-f1c2-88a3e141b484 address=da79ceea-df59-f0b8-f1c2-88a3e141b484
2026-10-08T13:21:24.174+0800 [DEBUG] c42c6cf6-85cb-ed5f-d045-004199b802dc: pre-voting for self: term=2 id=c42c6cf6-85cb-ed5f-d045-004199b802dc
2026-10-08T13:21:24.174+0800 [DEBUG] c42c6cf6-85cb-ed5f-d045-004199b802dc: calculated votes needed: needed=2 term=2
2026-10-08T13:21:24.174+0800 [DEBUG] c42c6cf6-85cb-ed5f-d045-004199b802dc: pre-vote received: from=c42c6cf6-85cb-ed5f-d045-004199b802dc term=2 tally=0
2026-10-08T13:21:24.174+0800 [DEBUG] c42c6cf6-85cb-ed5f-d045-004199b802dc: pre-vote granted: from=c42c6cf6-85cb-ed5f-d045-004199b802dc term=2 tally=1
2026-10-08T13:21:24.174+0800 [DEBUG] cluster: resetting stability timeout
2026-10-08T13:21:24.174+0800 [DEBUG] c42c6cf6-85cb-ed5f-d045-004199b802dc: received a requestPreVote with a newer term, grant the pre-vote
2026-10-08T13:21:24.174+0800 [DEBUG] da79ceea-df59-f0b8-f1c2-88a3e141b484: pre-vote received: from=c42c6cf6-85cb-ed5f-d045-004199b802dc term=2 tally=1
2026-10-08T13:21:24.174+0800 [DEBUG] da79ceea-df59-f0b8-f1c2-88a3e141b484: pre-vote granted: from=c42c6cf6-85cb-ed5f-d045-004199b802dc term=2 tally=2
2026-10-08T13:21:24.174+0800 [INFO]  da79ceea-df59-f0b8-f1c2-88a3e141b484: pre-vote successful, starting election: term=2 tally=2 refused=0 votesNeeded=2
2026-10-08T13:21:24.174+0800 [DEBUG] da79ceea-df59-f0b8-f1c2-88a3e141b484: voting for self: term=2 id=da79ceea-df59-f0b8-f1c2-88a3e141b484
2026-10-08T13:21:24.174+0800 [DEBUG] da79ceea-df59-f0b8-f1c2-88a3e141b484: asking for vote: term=2 from=c42c6cf6-85cb-ed5f-d045-004199b802dc address=c42c6cf6-85cb-ed5f-d045-004199b802dc
2026-10-08T13:21:24.174+0800 [DEBUG] da79ceea-df59-f0b8-f1c2-88a3e141b484: vote granted: from=da79ceea-df59-f0b8-f1c2-88a3e141b484 term=2 tally=1
2026-10-08T13:21:24.175+0800 [DEBUG] c42c6cf6-85cb-ed5f-d045-004199b802dc: pre-vote received: from=da79ceea-df59-f0b8-f1c2-88a3e141b484 term=2 tally=1
2026-10-08T13:21:24.175+0800 [DEBUG] c42c6cf6-85cb-ed5f-d045-004199b802dc: pre-vote granted: from=da79ceea-df59-f0b8-f1c2-88a3e141b484 term=2 tally=2
2026-10-08T13:21:24.175+0800 [INFO]  c42c6cf6-85cb-ed5f-d045-004199b802dc: pre-vote successful, starting election: term=2 tally=2 refused=0 votesNeeded=2
2026-10-08T13:21:24.175+0800 [DEBUG] c42c6cf6-85cb-ed5f-d045-004199b802dc: asking for vote: term=2 from=da79ceea-df59-f0b8-f1c2-88a3e141b484 address=da79ceea-df59-f0b8-f1c2-88a3e141b484
2026-10-08T13:21:24.175+0800 [DEBUG] c42c6cf6-85cb-ed5f-d045-004199b802dc: voting for self: term=2 id=c42c6cf6-85cb-ed5f-d045-004199b802dc
2026-10-08T13:21:24.175+0800 [DEBUG] c42c6cf6-85cb-ed5f-d045-004199b802dc: vote granted: from=c42c6cf6-85cb-ed5f-d045-004199b802dc term=2 tally=1
2026-10-08T13:21:24.175+0800 [INFO]  c42c6cf6-85cb-ed5f-d045-004199b802dc: duplicate requestVote for same term: term=2
2026-10-08T13:21:24.174+0800 [DEBUG] cluster: resetting stability timeout
2026-10-08T13:21:24.175+0800 [INFO]  da79ceea-df59-f0b8-f1c2-88a3e141b484: duplicate requestVote for same term: term=2
2026-10-08T13:21:24.175+0800 [DEBUG] cluster: resetting stability timeout
2026-10-08T13:21:24.175+0800 [DEBUG] cluster: resetting stability timeout
2026-10-08T13:21:24.226+0800 [WARN]  da79ceea-df59-f0b8-f1c2-88a3e141b484: Election timeout reached, restarting election
2026-10-08T13:21:24.226+0800 [INFO]  da79ceea-df59-f0b8-f1c2-88a3e141b484: entering candidate state: node="Node at da79ceea-df59-f0b8-f1c2-88a3e141b484 [Candidate]" term=3
2026-10-08T13:21:24.226+0800 [DEBUG] da79ceea-df59-f0b8-f1c2-88a3e141b484: pre-voting for self: term=3 id=da79ceea-df59-f0b8-f1c2-88a3e141b484
2026-10-08T13:21:24.226+0800 [DEBUG] da79ceea-df59-f0b8-f1c2-88a3e141b484: asking for pre-vote: term=3 from=c42c6cf6-85cb-ed5f-d045-004199b802dc address=c42c6cf6-85cb-ed5f-d045-004199b802dc
2026-10-08T13:21:24.226+0800 [DEBUG] da79ceea-df59-f0b8-f1c2-88a3e141b484: calculated votes needed: needed=2 term=3
2026-10-08T13:21:24.226+0800 [DEBUG] da79ceea-df59-f0b8-f1c2-88a3e141b484: pre-vote received: from=da79ceea-df59-f0b8-f1c2-88a3e141b484 term=3 tally=0
2026-10-08T13:21:24.226+0800 [DEBUG] da79ceea-df59-f0b8-f1c2-88a3e141b484: pre-vote granted: from=da79ceea-df59-f0b8-f1c2-88a3e141b484 term=3 tally=1
2026-10-08T13:21:24.226+0800 [DEBUG] c42c6cf6-85cb-ed5f-d045-004199b802dc: received a requestPreVote with a newer term, grant the pre-vote
2026-10-08T13:21:24.226+0800 [DEBUG] da79ceea-df59-f0b8-f1c2-88a3e141b484: pre-vote received: from=c42c6cf6-85cb-ed5f-d045-004199b802dc term=3 tally=1
2026-10-08T13:21:24.226+0800 [DEBUG] da79ceea-df59-f0b8-f1c2-88a3e141b484: pre-vote granted: from=c42c6cf6-85cb-ed5f-d045-004199b802dc term=3 tally=2
2026-10-08T13:21:24.226+0800 [INFO]  da79ceea-df59-f0b8-f1c2-88a3e141b484: pre-vote successful, starting election: term=3 tally=2 refused=0 votesNeeded=2
2026-10-08T13:21:24.226+0800 [DEBUG] da79ceea-df59-f0b8-f1c2-88a3e141b484: voting for self: term=3 id=da79ceea-df59-f0b8-f1c2-88a3e141b484
2026-10-08T13:21:24.226+0800 [DEBUG] da79ceea-df59-f0b8-f1c2-88a3e141b484: asking for vote: term=3 from=c42c6cf6-85cb-ed5f-d045-004199b802dc address=c42c6cf6-85cb-ed5f-d045-004199b802dc
2026-10-08T13:21:24.226+0800 [DEBUG] da79ceea-df59-f0b8-f1c2-88a3e141b484: vote granted: from=da79ceea-df59-f0b8-f1c2-88a3e141b484 term=3 tally=1
2026-10-08T13:21:24.226+0800 [DEBUG] c42c6cf6-85cb-ed5f-d045-004199b802dc: lost leadership because received a requestVote with a newer term
2026-10-08T13:21:24.226+0800 [INFO]  c42c6cf6-85cb-ed5f-d045-004199b802dc: entering follower state: follower="Node at c42c6cf6-85cb-ed5f-d045-004199b802dc [Follower]" leader-address= leader-id=
2026-10-08T13:21:24.226+0800 [DEBUG] da79ceea-df59-f0b8-f1c2-88a3e141b484: vote granted: from=c42c6cf6-85cb-ed5f-d045-004199b802dc term=3 tally=2
2026-10-08T13:21:24.226+0800 [INFO]  da79ceea-df59-f0b8-f1c2-88a3e141b484: election won: term=3 tally=2
2026-10-08T13:21:24.226+0800 [INFO]  da79ceea-df59-f0b8-f1c2-88a3e141b484: entering leader state: leader="Node at da79ceea-df59-f0b8-f1c2-88a3e141b484 [Leader]"
2026-10-08T13:21:24.226+0800 [INFO]  da79ceea-df59-f0b8-f1c2-88a3e141b484: added peer, starting replication: peer=c42c6cf6-85cb-ed5f-d045-004199b802dc
2026-10-08T13:21:24.226+0800 [DEBUG] cluster: resetting stability timeout
2026-10-08T13:21:24.226+0800 [DEBUG] cluster: resetting stability timeout
2026-10-08T13:21:24.226+0800 [DEBUG] cluster: resetting stability timeout
2026-10-08T13:21:24.226+0800 [INFO]  da79ceea-df59-f0b8-f1c2-88a3e141b484: pipelining replication: peer="{Voter c42c6cf6-85cb-ed5f-d045-004199b802dc c42c6cf6-85cb-ed5f-d045-004199b802dc}"
2026-10-08T13:21:24.332+0800 [INFO]  cluster: stable state for Follower reached at 2026-10-08 13:21:24.226757341 +0800 CST m=+21.162076526 (1 nodes), highestTerm is 3, 130.528474ms from start of poll, 131.134127ms from cluster start. Timeout at 2026-10-08 13:21:24.331762247 +0800 CST m=+21.267081313, 105.004787ms after stability
2026-10-08T13:21:24.332+0800 [DEBUG] cluster: fully connecting
2026-10-08T13:21:24.332+0800 [INFO]  server-b8473494-f017-0c26-56dd-19ed472b2621: initial configuration: index=0 servers=[]
2026-10-08T13:21:24.332+0800 [DEBUG] cluster: fully connecting
2026-10-08T13:21:24.332+0800 [INFO]  cluster: starting stability test: raft-state=Leader
2026-10-08T13:21:24.332+0800 [INFO]  server-b8473494-f017-0c26-56dd-19ed472b2621: entering follower state: follower="Node at b8473494-f017-0c26-56dd-19ed472b2621 [Follower]" leader-address= leader-id=
2026-10-08T13:21:24.411+0800 [WARN]  server-b8473494-f017-0c26-56dd-19ed472b2621: no known peers, aborting election
2026-10-08T13:21:24.437+0800 [INFO]  cluster: stable state for Leader reached at 2026-10-08 13:21:24.332811888 +0800 CST m=+21.268130941 (1 nodes), highestTerm is 3, 159ns from start of poll, 237.188542ms from cluster start. Timeout at 2026-10-08 13:21:24.437821222 +0800 CST m=+21.373140314, 105.009373ms after stability
2026-10-08T13:21:24.438+0800 [INFO]  da79ceea-df59-f0b8-f1c2-88a3e141b484: updating configuration: command=AddVoter server-id=server-b8473494-f017-0c26-56dd-19ed472b2621 server-addr=b8473494-f017-0c26-56dd-19ed472b2621 servers="[{Suffrage:Voter ID:da79ceea-df59-f0b8-f1c2-88a3e141b484 Address:da79ceea-df59-f0b8-f1c2-88a3e141b484} {Suffrage:Voter ID:c42c6cf6-85cb-ed5f-d045-004199b802dc Address:c42c6cf6-85cb-ed5f-d045-004199b802dc} {Suffrage:Voter ID:server-b8473494-f017-0c26-56dd-19ed472b2621 Address:b8473494-f017-0c26-56dd-19ed472b2621}]"
2026-10-08T13:21:24.438+0800 [INFO]  da79ceea-df59-f0b8-f1c2-88a3e141b484: added peer, starting replication: peer=server-b8473494-f017-0c26-56dd-19ed472b2621
2026-10-08T13:21:24.438+0800 [WARN]  server-b8473494-f017-0c26-56dd-19ed472b2621: failed to get previous log: previous-index=3 last-index=0 error="log not found"
2026-10-08T13:21:24.438+0800 [WARN]  da79ceea-df59-f0b8-f1c2-88a3e141b484: appendEntries rejected, sending older logs: peer="{Voter server-b8473494-f017-0c26-56dd-19ed472b2621 b8473494-f017-0c26-56dd-19ed472b2621}" next=1
2026-10-08T13:21:24.438+0800 [INFO]  da79ceea-df59-f0b8-f1c2-88a3e141b484: pipelining replication: peer="{Voter server-b8473494-f017-0c26-56dd-19ed472b2621 b8473494-f017-0c26-56dd-19ed472b2621}"
2026-10-08T13:21:24.444+0800 [INFO]  cluster: starting stability test: raft-state=Leader
2026-10-08T13:21:24.550+0800 [INFO]  cluster: stable state for Leader reached at 2026-10-08 13:21:24.444714876 +0800 CST m=+21.380033985 (1 nodes), highestTerm is 3, 578ns from start of poll, 349.091586ms from cluster start. Timeout at 2026-10-08 13:21:24.549723611 +0800 CST m=+21.485042787, 105.008802ms after stability
2026-10-08T13:21:24.550+0800 [INFO]  cluster: starting stability test: raft-state=Leader
2026-10-08T13:21:24.656+0800 [INFO]  cluster: stable state for Leader reached at 2026-10-08 13:21:24.550861213 +0800 CST m=+21.486180339 (1 nodes), highestTerm is 3, 608ns from start of poll, 455.23794ms from cluster start. Timeout at 2026-10-08 13:21:24.65586791 +0800 CST m=+21.591186998, 105.006659ms after stability
2026-10-08T13:21:24.656+0800 [INFO]  da79ceea-df59-f0b8-f1c2-88a3e141b484: updating configuration: command=RemoveServer server-id=c42c6cf6-85cb-ed5f-d045-004199b802dc server-addr= servers="[{Suffrage:Voter ID:da79ceea-df59-f0b8-f1c2-88a3e141b484 Address:da79ceea-df59-f0b8-f1c2-88a3e141b484} {Suffrage:Voter ID:server-b8473494-f017-0c26-56dd-19ed472b2621 Address:b8473494-f017-0c26-56dd-19ed472b2621}]"
2026-10-08T13:21:24.656+0800 [INFO]  da79ceea-df59-f0b8-f1c2-88a3e141b484: removed peer, stopping replication: peer=c42c6cf6-85cb-ed5f-d045-004199b802dc last-index=4
2026-10-08T13:21:24.656+0800 [INFO]  da79ceea-df59-f0b8-f1c2-88a3e141b484: aborting pipeline replication: peer="{Voter c42c6cf6-85cb-ed5f-d045-004199b802dc c42c6cf6-85cb-ed5f-d045-004199b802dc}"
2026-10-08T13:21:24.656+0800 [INFO]  da79ceea-df59-f0b8-f1c2-88a3e141b484: aborting pipeline replication: peer="{Voter server-b8473494-f017-0c26-56dd-19ed472b2621 b8473494-f017-0c26-56dd-19ed472b2621}"
--- PASS: TestRaft_ProtocolVersion_Upgrade_2_3 (0.56s)
FAIL
FAIL	github.com/hashicorp/raft	21.601s
FAIL
